release_id,hospital_id,version,rollout_percentage,action
R001,H001,v2.2,5,CONTINUE
R001,H001,v2.2,25,CONTINUE
R001,H001,v2.2,50,CONTINUE
R001,H001,v2.2,100,CONTINUE
R001,H002,v2.2,5,CONTINUE
R001,H002,v2.2,25,CONTINUE
R001,H002,v2.2,50,CONTINUE
R001,H002,v2.2,100,CONTINUE
R001,H003,v2.2,5,CONTINUE
R001,H003,v2.2,25,CONTINUE
R001,H003,v2.2,50,CONTINUE
R001,H003,v2.2,100,CONTINUE
R001,H004,v2.2,5,CONTINUE
R001,H004,v2.2,25,CONTINUE
R001,H004,v2.2,50,CONTINUE
R001,H004,v2.2,100,CONTINUE
R001,H005,v2.2,5,CONTINUE
R001,H005,v2.2,25,CONTINUE
R001,H005,v2.2,50,CONTINUE
R001,H005,v2.2,100,CONTINUE
R001,H006,v2.2,5,CONTINUE
R001,H006,v2.2,25,CONTINUE
R001,H006,v2.2,50,CONTINUE
R001,H006,v2.2,100,CONTINUE
R001,H007,v2.2,5,CONTINUE
R001,H007,v2.2,25,CONTINUE
R001,H007,v2.2,50,CONTINUE
R001,H007,v2.2,100,CONTINUE
R001,H008,v2.2,5,CONTINUE
R001,H008,v2.2,25,CONTINUE
R001,H008,v2.2,50,CONTINUE
R001,H008,v2.2,100,CONTINUE
R001,H009,v2.2,5,CONTINUE
R001,H009,v2.2,25,CONTINUE
R001,H009,v2.2,50,CONTINUE
R001,H009,v2.2,100,CONTINUE
R001,H010,v2.2,5,CONTINUE
R001,H010,v2.2,25,CONTINUE
R001,H010,v2.2,50,CONTINUE
R001,H010,v2.2,100,CONTINUE
R001,H011,v2.2,5,CONTINUE
R001,H011,v2.2,25,CONTINUE
R001,H011,v2.2,50,CONTINUE
R001,H011,v2.2,100,CONTINUE
R001,H012,v2.2,5,CONTINUE
R001,H012,v2.2,25,CONTINUE
R001,H012,v2.2,50,CONTINUE
R001,H012,v2.2,100,CONTINUE
R001,H013,v2.2,5,STOP
R001,H014,v2.2,5,CONTINUE
R001,H014,v2.2,25,CONTINUE
R001,H014,v2.2,50,CONTINUE
R001,H014,v2.2,100,CONTINUE
R001,H015,v2.2,5,CONTINUE
R001,H015,v2.2,25,CONTINUE
R001,H015,v2.2,50,CONTINUE
R001,H015,v2.2,100,CONTINUE
R001,H016,v2.2,5,CONTINUE
R001,H016,v2.2,25,CONTINUE
R001,H016,v2.2,50,CONTINUE
R001,H016,v2.2,100,CONTINUE
R001,H017,v2.2,5,HOLD
R001,H018,v2.2,5,CONTINUE
R001,H018,v2.2,25,CONTINUE
R001,H018,v2.2,50,CONTINUE
R001,H018,v2.2,100,CONTINUE
R001,H019,v2.2,5,CONTINUE
R001,H019,v2.2,25,CONTINUE
R001,H019,v2.2,50,CONTINUE
R001,H019,v2.2,100,CONTINUE
R001,H020,v2.2,5,CONTINUE
R001,H020,v2.2,25,CONTINUE
R001,H020,v2.2,50,CONTINUE
R001,H020,v2.2,100,CONTINUE
R001,H021,v2.2,5,CONTINUE
R001,H021,v2.2,25,CONTINUE
R001,H021,v2.2,50,CONTINUE
R001,H021,v2.2,100,CONTINUE
R001,H022,v2.2,5,CONTINUE
R001,H022,v2.2,25,CONTINUE
R001,H022,v2.2,50,CONTINUE
R001,H022,v2.2,100,CONTINUE
R001,H023,v2.2,5,CONTINUE
R001,H023,v2.2,25,CONTINUE
R001,H023,v2.2,50,CONTINUE
R001,H023,v2.2,100,CONTINUE
R001,H024,v2.2,5,CONTINUE
R001,H024,v2.2,25,CONTINUE
R001,H024,v2.2,50,CONTINUE
R001,H024,v2.2,100,CONTINUE
R001,H025,v2.2,5,CONTINUE
R001,H025,v2.2,25,CONTINUE
R001,H025,v2.2,50,CONTINUE
R001,H025,v2.2,100,CONTINUE
R001,H026,v2.2,5,CONTINUE
R001,H026,v2.2,25,CONTINUE
R001,H026,v2.2,50,CONTINUE
R001,H026,v2.2,100,CONTINUE
R001,H027,v2.2,5,CONTINUE
R001,H027,v2.2,25,CONTINUE
R001,H027,v2.2,50,CONTINUE
R001,H027,v2.2,100,CONTINUE
R001,H028,v2.2,5,CONTINUE
R001,H028,v2.2,25,CONTINUE
R001,H028,v2.2,50,CONTINUE
R001,H028,v2.2,100,CONTINUE
R001,H029,v2.2,5,CONTINUE
R001,H029,v2.2,25,CONTINUE
R001,H029,v2.2,50,CONTINUE
R001,H029,v2.2,100,CONTINUE
R001,H030,v2.2,5,CONTINUE
R001,H030,v2.2,25,CONTINUE
R001,H030,v2.2,50,CONTINUE
R001,H030,v2.2,100,CONTINUE
R001,H031,v2.2,5,CONTINUE
R001,H031,v2.2,25,CONTINUE
R001,H031,v2.2,50,CONTINUE
R001,H031,v2.2,100,CONTINUE
R001,H032,v2.2,5,CONTINUE
R001,H032,v2.2,25,CONTINUE
R001,H032,v2.2,50,CONTINUE
R001,H032,v2.2,100,CONTINUE
R001,H033,v2.2,5,CONTINUE
R001,H033,v2.2,25,CONTINUE
R001,H033,v2.2,50,CONTINUE
R001,H033,v2.2,100,CONTINUE
R001,H034,v2.2,5,CONTINUE
R001,H034,v2.2,25,CONTINUE
R001,H034,v2.2,50,CONTINUE
R001,H034,v2.2,100,CONTINUE
R001,H035,v2.2,5,STOP
R001,H036,v2.2,5,CONTINUE
R001,H036,v2.2,25,CONTINUE
R001,H036,v2.2,50,CONTINUE
R001,H036,v2.2,100,CONTINUE
R001,H037,v2.2,5,CONTINUE
R001,H037,v2.2,25,CONTINUE
R001,H037,v2.2,50,CONTINUE
R001,H037,v2.2,100,CONTINUE
R001,H038,v2.2,5,CONTINUE
R001,H038,v2.2,25,CONTINUE
R001,H038,v2.2,50,CONTINUE
R001,H038,v2.2,100,CONTINUE
R001,H039,v2.2,5,CONTINUE
R001,H039,v2.2,25,CONTINUE
R001,H039,v2.2,50,CONTINUE
R001,H039,v2.2,100,CONTINUE
R001,H040,v2.2,5,CONTINUE
R001,H040,v2.2,25,CONTINUE
R001,H040,v2.2,50,CONTINUE
R001,H040,v2.2,100,CONTINUE
R001,H041,v2.2,5,CONTINUE
R001,H041,v2.2,25,CONTINUE
R001,H041,v2.2,50,CONTINUE
R001,H041,v2.2,100,CONTINUE
R001,H042,v2.2,5,CONTINUE
R001,H042,v2.2,25,CONTINUE
R001,H042,v2.2,50,CONTINUE
R001,H042,v2.2,100,CONTINUE
R001,H043,v2.2,5,CONTINUE
R001,H043,v2.2,25,CONTINUE
R001,H043,v2.2,50,CONTINUE
R001,H043,v2.2,100,CONTINUE
R001,H044,v2.2,5,STOP
R001,H045,v2.2,5,CONTINUE
R001,H045,v2.2,25,CONTINUE
R001,H045,v2.2,50,CONTINUE
R001,H045,v2.2,100,CONTINUE
R001,H046,v2.2,5,CONTINUE
R001,H046,v2.2,25,CONTINUE
R001,H046,v2.2,50,CONTINUE
R001,H046,v2.2,100,CONTINUE
R001,H047,v2.2,5,CONTINUE
R001,H047,v2.2,25,CONTINUE
R001,H047,v2.2,50,CONTINUE
R001,H047,v2.2,100,CONTINUE
R001,H048,v2.2,5,CONTINUE
R001,H048,v2.2,25,CONTINUE
R001,H048,v2.2,50,CONTINUE
R001,H048,v2.2,100,CONTINUE
R001,H049,v2.2,5,CONTINUE
R001,H049,v2.2,25,CONTINUE
R001,H049,v2.2,50,CONTINUE
R001,H049,v2.2,100,CONTINUE
R001,H050,v2.2,5,CONTINUE
R001,H050,v2.2,25,CONTINUE
R001,H050,v2.2,50,CONTINUE
R001,H050,v2.2,100,CONTINUE
R002,H001,v2.3,5,CONTINUE
R002,H001,v2.3,25,CONTINUE
R002,H001,v2.3,50,CONTINUE
R002,H001,v2.3,100,CONTINUE
R002,H002,v2.3,5,CONTINUE
R002,H002,v2.3,25,CONTINUE
R002,H002,v2.3,50,CONTINUE
R002,H002,v2.3,100,CONTINUE
R002,H003,v2.3,5,CONTINUE
R002,H003,v2.3,25,CONTINUE
R002,H003,v2.3,50,CONTINUE
R002,H003,v2.3,100,CONTINUE
R002,H004,v2.3,5,HOLD
R002,H005,v2.3,5,CONTINUE
R002,H005,v2.3,25,CONTINUE
R002,H005,v2.3,50,CONTINUE
R002,H005,v2.3,100,CONTINUE
R002,H006,v2.3,5,CONTINUE
R002,H006,v2.3,25,CONTINUE
R002,H006,v2.3,50,CONTINUE
R002,H006,v2.3,100,CONTINUE
R002,H007,v2.3,5,CONTINUE
R002,H007,v2.3,25,CONTINUE
R002,H007,v2.3,50,CONTINUE
R002,H007,v2.3,100,CONTINUE
R002,H008,v2.3,5,CONTINUE
R002,H008,v2.3,25,CONTINUE
R002,H008,v2.3,50,CONTINUE
R002,H008,v2.3,100,CONTINUE
R002,H009,v2.3,5,CONTINUE
R002,H009,v2.3,25,CONTINUE
R002,H009,v2.3,50,CONTINUE
R002,H009,v2.3,100,CONTINUE
R002,H010,v2.3,5,CONTINUE
R002,H010,v2.3,25,CONTINUE
R002,H010,v2.3,50,CONTINUE
R002,H010,v2.3,100,CONTINUE
R002,H011,v2.3,5,CONTINUE
R002,H011,v2.3,25,CONTINUE
R002,H011,v2.3,50,CONTINUE
R002,H011,v2.3,100,CONTINUE
R002,H012,v2.3,5,CONTINUE
R002,H012,v2.3,25,CONTINUE
R002,H012,v2.3,50,CONTINUE
R002,H012,v2.3,100,CONTINUE
R002,H013,v2.3,5,CONTINUE
R002,H013,v2.3,25,CONTINUE
R002,H013,v2.3,50,CONTINUE
R002,H013,v2.3,100,CONTINUE
R002,H014,v2.3,5,CONTINUE
R002,H014,v2.3,25,CONTINUE
R002,H014,v2.3,50,CONTINUE
R002,H014,v2.3,100,CONTINUE
R002,H015,v2.3,5,CONTINUE
R002,H015,v2.3,25,CONTINUE
R002,H015,v2.3,50,CONTINUE
R002,H015,v2.3,100,CONTINUE
R002,H016,v2.3,5,CONTINUE
R002,H016,v2.3,25,CONTINUE
R002,H016,v2.3,50,CONTINUE
R002,H016,v2.3,100,CONTINUE
R002,H017,v2.3,5,HOLD
R002,H018,v2.3,5,CONTINUE
R002,H018,v2.3,25,CONTINUE
R002,H018,v2.3,50,CONTINUE
R002,H018,v2.3,100,CONTINUE
R002,H019,v2.3,5,CONTINUE
R002,H019,v2.3,25,CONTINUE
R002,H019,v2.3,50,CONTINUE
R002,H019,v2.3,100,CONTINUE
R002,H020,v2.3,5,CONTINUE
R002,H020,v2.3,25,CONTINUE
R002,H020,v2.3,50,CONTINUE
R002,H020,v2.3,100,CONTINUE
R002,H021,v2.3,5,CONTINUE
R002,H021,v2.3,25,CONTINUE
R002,H021,v2.3,50,CONTINUE
R002,H021,v2.3,100,CONTINUE
R002,H022,v2.3,5,CONTINUE
R002,H022,v2.3,25,CONTINUE
R002,H022,v2.3,50,CONTINUE
R002,H022,v2.3,100,CONTINUE
R002,H023,v2.3,5,CONTINUE
R002,H023,v2.3,25,CONTINUE
R002,H023,v2.3,50,CONTINUE
R002,H023,v2.3,100,CONTINUE
R002,H024,v2.3,5,CONTINUE
R002,H024,v2.3,25,CONTINUE
R002,H024,v2.3,50,CONTINUE
R002,H024,v2.3,100,CONTINUE
R002,H025,v2.3,5,CONTINUE
R002,H025,v2.3,25,CONTINUE
R002,H025,v2.3,50,CONTINUE
R002,H025,v2.3,100,CONTINUE
R002,H026,v2.3,5,CONTINUE
R002,H026,v2.3,25,CONTINUE
R002,H026,v2.3,50,CONTINUE
R002,H026,v2.3,100,CONTINUE
R002,H027,v2.3,5,CONTINUE
R002,H027,v2.3,25,CONTINUE
R002,H027,v2.3,50,CONTINUE
R002,H027,v2.3,100,CONTINUE
R002,H028,v2.3,5,CONTINUE
R002,H028,v2.3,25,CONTINUE
R002,H028,v2.3,50,CONTINUE
R002,H028,v2.3,100,CONTINUE
R002,H029,v2.3,5,STOP
R002,H030,v2.3,5,CONTINUE
R002,H030,v2.3,25,CONTINUE
R002,H030,v2.3,50,CONTINUE
R002,H030,v2.3,100,CONTINUE
R002,H031,v2.3,5,CONTINUE
R002,H031,v2.3,25,CONTINUE
R002,H031,v2.3,50,CONTINUE
R002,H031,v2.3,100,CONTINUE
R002,H032,v2.3,5,CONTINUE
R002,H032,v2.3,25,CONTINUE
R002,H032,v2.3,50,CONTINUE
R002,H032,v2.3,100,CONTINUE
R002,H033,v2.3,5,CONTINUE
R002,H033,v2.3,25,CONTINUE
R002,H033,v2.3,50,CONTINUE
R002,H033,v2.3,100,CONTINUE
R002,H034,v2.3,5,CONTINUE
R002,H034,v2.3,25,CONTINUE
R002,H034,v2.3,50,CONTINUE
R002,H034,v2.3,100,CONTINUE
R002,H035,v2.3,5,HOLD
R002,H036,v2.3,5,CONTINUE
R002,H036,v2.3,25,CONTINUE
R002,H036,v2.3,50,CONTINUE
R002,H036,v2.3,100,CONTINUE
R002,H037,v2.3,5,CONTINUE
R002,H037,v2.3,25,CONTINUE
R002,H037,v2.3,50,CONTINUE
R002,H037,v2.3,100,CONTINUE
R002,H038,v2.3,5,CONTINUE
R002,H038,v2.3,25,CONTINUE
R002,H038,v2.3,50,CONTINUE
R002,H038,v2.3,100,CONTINUE
R002,H039,v2.3,5,CONTINUE
R002,H039,v2.3,25,CONTINUE
R002,H039,v2.3,50,CONTINUE
R002,H039,v2.3,100,CONTINUE
R002,H040,v2.3,5,CONTINUE
R002,H040,v2.3,25,CONTINUE
R002,H040,v2.3,50,CONTINUE
R002,H040,v2.3,100,CONTINUE
R002,H041,v2.3,5,CONTINUE
R002,H041,v2.3,25,CONTINUE
R002,H041,v2.3,50,CONTINUE
R002,H041,v2.3,100,CONTINUE
R002,H042,v2.3,5,CONTINUE
R002,H042,v2.3,25,CONTINUE
R002,H042,v2.3,50,CONTINUE
R002,H042,v2.3,100,CONTINUE
R002,H043,v2.3,5,CONTINUE
R002,H043,v2.3,25,CONTINUE
R002,H043,v2.3,50,CONTINUE
R002,H043,v2.3,100,CONTINUE
R002,H044,v2.3,5,CONTINUE
R002,H044,v2.3,25,CONTINUE
R002,H044,v2.3,50,CONTINUE
R002,H044,v2.3,100,CONTINUE
R002,H045,v2.3,5,CONTINUE
R002,H045,v2.3,25,CONTINUE
R002,H045,v2.3,50,CONTINUE
R002,H045,v2.3,100,CONTINUE
R002,H046,v2.3,5,CONTINUE
R002,H046,v2.3,25,CONTINUE
R002,H046,v2.3,50,CONTINUE
R002,H046,v2.3,100,CONTINUE
R002,H047,v2.3,5,CONTINUE
R002,H047,v2.3,25,CONTINUE
R002,H047,v2.3,50,CONTINUE
R002,H047,v2.3,100,CONTINUE
R002,H048,v2.3,5,CONTINUE
R002,H048,v2.3,25,CONTINUE
R002,H048,v2.3,50,CONTINUE
R002,H048,v2.3,100,CONTINUE
R002,H049,v2.3,5,CONTINUE
R002,H049,v2.3,25,CONTINUE
R002,H049,v2.3,50,CONTINUE
R002,H049,v2.3,100,CONTINUE
R002,H050,v2.3,5,CONTINUE
R002,H050,v2.3,25,CONTINUE
R002,H050,v2.3,50,CONTINUE
R002,H050,v2.3,100,CONTINUE
R003,H001,v2.4,5,CONTINUE
R003,H001,v2.4,25,CONTINUE
R003,H001,v2.4,50,CONTINUE
R003,H001,v2.4,100,CONTINUE
R003,H002,v2.4,5,CONTINUE
R003,H002,v2.4,25,CONTINUE
R003,H002,v2.4,50,CONTINUE
R003,H002,v2.4,100,CONTINUE
R003,H003,v2.4,5,CONTINUE
R003,H003,v2.4,25,CONTINUE
R003,H003,v2.4,50,CONTINUE
R003,H003,v2.4,100,CONTINUE
R003,H004,v2.4,5,CONTINUE
R003,H004,v2.4,25,CONTINUE
R003,H004,v2.4,50,CONTINUE
R003,H004,v2.4,100,CONTINUE
R003,H005,v2.4,5,CONTINUE
R003,H005,v2.4,25,CONTINUE
R003,H005,v2.4,50,CONTINUE
R003,H005,v2.4,100,CONTINUE
R003,H006,v2.4,5,CONTINUE
R003,H006,v2.4,25,CONTINUE
R003,H006,v2.4,50,CONTINUE
R003,H006,v2.4,100,CONTINUE
R003,H007,v2.4,5,CONTINUE
R003,H007,v2.4,25,CONTINUE
R003,H007,v2.4,50,CONTINUE
R003,H007,v2.4,100,CONTINUE
R003,H008,v2.4,5,CONTINUE
R003,H008,v2.4,25,CONTINUE
R003,H008,v2.4,50,CONTINUE
R003,H008,v2.4,100,CONTINUE
R003,H009,v2.4,5,CONTINUE
R003,H009,v2.4,25,CONTINUE
R003,H009,v2.4,50,CONTINUE
R003,H009,v2.4,100,CONTINUE
R003,H010,v2.4,5,CONTINUE
R003,H010,v2.4,25,CONTINUE
R003,H010,v2.4,50,CONTINUE
R003,H010,v2.4,100,CONTINUE
R003,H011,v2.4,5,CONTINUE
R003,H011,v2.4,25,CONTINUE
R003,H011,v2.4,50,CONTINUE
R003,H011,v2.4,100,CONTINUE
R003,H012,v2.4,5,CONTINUE
R003,H012,v2.4,25,CONTINUE
R003,H012,v2.4,50,CONTINUE
R003,H012,v2.4,100,CONTINUE
R003,H013,v2.4,5,CONTINUE
R003,H013,v2.4,25,CONTINUE
R003,H013,v2.4,50,CONTINUE
R003,H013,v2.4,100,CONTINUE
R003,H014,v2.4,5,CONTINUE
R003,H014,v2.4,25,CONTINUE
R003,H014,v2.4,50,CONTINUE
R003,H014,v2.4,100,CONTINUE
R003,H015,v2.4,5,CONTINUE
R003,H015,v2.4,25,CONTINUE
R003,H015,v2.4,50,CONTINUE
R003,H015,v2.4,100,CONTINUE
R003,H016,v2.4,5,HOLD
R003,H017,v2.4,5,CONTINUE
R003,H017,v2.4,25,CONTINUE
R003,H017,v2.4,50,CONTINUE
R003,H017,v2.4,100,CONTINUE
R003,H018,v2.4,5,CONTINUE
R003,H018,v2.4,25,CONTINUE
R003,H018,v2.4,50,CONTINUE
R003,H018,v2.4,100,CONTINUE
R003,H019,v2.4,5,CONTINUE
R003,H019,v2.4,25,CONTINUE
R003,H019,v2.4,50,CONTINUE
R003,H019,v2.4,100,CONTINUE
R003,H020,v2.4,5,CONTINUE
R003,H020,v2.4,25,CONTINUE
R003,H020,v2.4,50,CONTINUE
R003,H020,v2.4,100,CONTINUE
R003,H021,v2.4,5,CONTINUE
R003,H021,v2.4,25,CONTINUE
R003,H021,v2.4,50,CONTINUE
R003,H021,v2.4,100,CONTINUE
R003,H022,v2.4,5,CONTINUE
R003,H022,v2.4,25,CONTINUE
R003,H022,v2.4,50,CONTINUE
R003,H022,v2.4,100,CONTINUE
R003,H023,v2.4,5,CONTINUE
R003,H023,v2.4,25,CONTINUE
R003,H023,v2.4,50,CONTINUE
R003,H023,v2.4,100,CONTINUE
R003,H024,v2.4,5,CONTINUE
R003,H024,v2.4,25,CONTINUE
R003,H024,v2.4,50,CONTINUE
R003,H024,v2.4,100,CONTINUE
R003,H025,v2.4,5,CONTINUE
R003,H025,v2.4,25,CONTINUE
R003,H025,v2.4,50,CONTINUE
R003,H025,v2.4,100,CONTINUE
R003,H026,v2.4,5,CONTINUE
R003,H026,v2.4,25,CONTINUE
R003,H026,v2.4,50,CONTINUE
R003,H026,v2.4,100,CONTINUE
R003,H027,v2.4,5,CONTINUE
R003,H027,v2.4,25,CONTINUE
R003,H027,v2.4,50,CONTINUE
R003,H027,v2.4,100,CONTINUE
R003,H028,v2.4,5,CONTINUE
R003,H028,v2.4,25,CONTINUE
R003,H028,v2.4,50,CONTINUE
R003,H028,v2.4,100,CONTINUE
R003,H029,v2.4,5,CONTINUE
R003,H029,v2.4,25,CONTINUE
R003,H029,v2.4,50,CONTINUE
R003,H029,v2.4,100,CONTINUE
R003,H030,v2.4,5,CONTINUE
R003,H030,v2.4,25,CONTINUE
R003,H030,v2.4,50,CONTINUE
R003,H030,v2.4,100,CONTINUE
R003,H031,v2.4,5,CONTINUE
R003,H031,v2.4,25,CONTINUE
R003,H031,v2.4,50,CONTINUE
R003,H031,v2.4,100,CONTINUE
R003,H032,v2.4,5,STOP
R003,H033,v2.4,5,CONTINUE
R003,H033,v2.4,25,CONTINUE
R003,H033,v2.4,50,CONTINUE
R003,H033,v2.4,100,CONTINUE
R003,H034,v2.4,5,CONTINUE
R003,H034,v2.4,25,CONTINUE
R003,H034,v2.4,50,CONTINUE
R003,H034,v2.4,100,CONTINUE
R003,H035,v2.4,5,CONTINUE
R003,H035,v2.4,25,CONTINUE
R003,H035,v2.4,50,CONTINUE
R003,H035,v2.4,100,CONTINUE
R003,H036,v2.4,5,STOP
R003,H037,v2.4,5,CONTINUE
R003,H037,v2.4,25,CONTINUE
R003,H037,v2.4,50,CONTINUE
R003,H037,v2.4,100,CONTINUE
R003,H038,v2.4,5,CONTINUE
R003,H038,v2.4,25,CONTINUE
R003,H038,v2.4,50,CONTINUE
R003,H038,v2.4,100,CONTINUE
R003,H039,v2.4,5,CONTINUE
R003,H039,v2.4,25,CONTINUE
R003,H039,v2.4,50,CONTINUE
R003,H039,v2.4,100,CONTINUE
R003,H040,v2.4,5,CONTINUE
R003,H040,v2.4,25,CONTINUE
R003,H040,v2.4,50,CONTINUE
R003,H040,v2.4,100,CONTINUE
R003,H041,v2.4,5,CONTINUE
R003,H041,v2.4,25,CONTINUE
R003,H041,v2.4,50,CONTINUE
R003,H041,v2.4,100,CONTINUE
R003,H042,v2.4,5,CONTINUE
R003,H042,v2.4,25,CONTINUE
R003,H042,v2.4,50,CONTINUE
R003,H042,v2.4,100,CONTINUE
R003,H043,v2.4,5,CONTINUE
R003,H043,v2.4,25,CONTINUE
R003,H043,v2.4,50,CONTINUE
R003,H043,v2.4,100,CONTINUE
R003,H044,v2.4,5,CONTINUE
R003,H044,v2.4,25,CONTINUE
R003,H044,v2.4,50,CONTINUE
R003,H044,v2.4,100,CONTINUE
R003,H045,v2.4,5,CONTINUE
R003,H045,v2.4,25,CONTINUE
R003,H045,v2.4,50,CONTINUE
R003,H045,v2.4,100,CONTINUE
R003,H046,v2.4,5,CONTINUE
R003,H046,v2.4,25,CONTINUE
R003,H046,v2.4,50,CONTINUE
R003,H046,v2.4,100,CONTINUE
R003,H047,v2.4,5,CONTINUE
R003,H047,v2.4,25,CONTINUE
R003,H047,v2.4,50,CONTINUE
R003,H047,v2.4,100,CONTINUE
R003,H048,v2.4,5,CONTINUE
R003,H048,v2.4,25,CONTINUE
R003,H048,v2.4,50,CONTINUE
R003,H048,v2.4,100,CONTINUE
R003,H049,v2.4,5,CONTINUE
R003,H049,v2.4,25,CONTINUE
R003,H049,v2.4,50,CONTINUE
R003,H049,v2.4,100,CONTINUE
R003,H050,v2.4,5,CONTINUE
R003,H050,v2.4,25,CONTINUE
R003,H050,v2.4,50,CONTINUE
R003,H050,v2.4,100,CONTINUE
R004,H001,v2.5,5,STOP
R004,H002,v2.5,5,STOP
R004,H003,v2.5,5,STOP
R004,H004,v2.5,5,STOP
R004,H005,v2.5,5,STOP
R004,H006,v2.5,5,STOP
R004,H007,v2.5,5,STOP
R004,H008,v2.5,5,STOP
R004,H009,v2.5,5,HOLD
R004,H010,v2.5,5,STOP
R004,H011,v2.5,5,STOP
R004,H012,v2.5,5,STOP
R004,H013,v2.5,5,STOP
R004,H014,v2.5,5,STOP
R004,H015,v2.5,5,STOP
R004,H016,v2.5,5,STOP
R004,H017,v2.5,5,STOP
R004,H018,v2.5,5,STOP
R004,H019,v2.5,5,STOP
R004,H020,v2.5,5,STOP
R004,H021,v2.5,5,STOP
R004,H022,v2.5,5,STOP
R004,H023,v2.5,5,STOP
R004,H024,v2.5,5,STOP
R004,H025,v2.5,5,STOP
R004,H026,v2.5,5,STOP
R004,H027,v2.5,5,HOLD
R004,H028,v2.5,5,STOP
R004,H029,v2.5,5,STOP
R004,H030,v2.5,5,STOP
R004,H031,v2.5,5,STOP
R004,H032,v2.5,5,STOP
R004,H033,v2.5,5,HOLD
R004,H034,v2.5,5,STOP
R004,H035,v2.5,5,STOP
R004,H036,v2.5,5,STOP
R004,H037,v2.5,5,STOP
R004,H038,v2.5,5,STOP
R004,H039,v2.5,5,STOP
R004,H040,v2.5,5,STOP
R004,H041,v2.5,5,STOP
R004,H042,v2.5,5,STOP
R004,H043,v2.5,5,STOP
R004,H044,v2.5,5,HOLD
R004,H045,v2.5,5,STOP
R004,H046,v2.5,5,STOP
R004,H047,v2.5,5,STOP
R004,H048,v2.5,5,STOP
R004,H049,v2.5,5,STOP
R004,H050,v2.5,5,STOP
R005,H001,v2.6,5,CONTINUE
R005,H001,v2.6,25,CONTINUE
R005,H001,v2.6,50,CONTINUE
R005,H001,v2.6,100,CONTINUE
R005,H002,v2.6,5,CONTINUE
R005,H002,v2.6,25,CONTINUE
R005,H002,v2.6,50,CONTINUE
R005,H002,v2.6,100,CONTINUE
R005,H003,v2.6,5,CONTINUE
R005,H003,v2.6,25,CONTINUE
R005,H003,v2.6,50,CONTINUE
R005,H003,v2.6,100,CONTINUE
R005,H004,v2.6,5,CONTINUE
R005,H004,v2.6,25,CONTINUE
R005,H004,v2.6,50,CONTINUE
R005,H004,v2.6,100,CONTINUE
R005,H005,v2.6,5,CONTINUE
R005,H005,v2.6,25,CONTINUE
R005,H005,v2.6,50,CONTINUE
R005,H005,v2.6,100,CONTINUE
R005,H006,v2.6,5,CONTINUE
R005,H006,v2.6,25,CONTINUE
R005,H006,v2.6,50,CONTINUE
R005,H006,v2.6,100,CONTINUE
R005,H007,v2.6,5,CONTINUE
R005,H007,v2.6,25,CONTINUE
R005,H007,v2.6,50,CONTINUE
R005,H007,v2.6,100,CONTINUE
R005,H008,v2.6,5,CONTINUE
R005,H008,v2.6,25,CONTINUE
R005,H008,v2.6,50,CONTINUE
R005,H008,v2.6,100,CONTINUE
R005,H009,v2.6,5,CONTINUE
R005,H009,v2.6,25,CONTINUE
R005,H009,v2.6,50,CONTINUE
R005,H009,v2.6,100,CONTINUE
R005,H010,v2.6,5,CONTINUE
R005,H010,v2.6,25,CONTINUE
R005,H010,v2.6,50,CONTINUE
R005,H010,v2.6,100,CONTINUE
R005,H011,v2.6,5,CONTINUE
R005,H011,v2.6,25,CONTINUE
R005,H011,v2.6,50,CONTINUE
R005,H011,v2.6,100,CONTINUE
R005,H012,v2.6,5,CONTINUE
R005,H012,v2.6,25,CONTINUE
R005,H012,v2.6,50,CONTINUE
R005,H012,v2.6,100,CONTINUE
R005,H013,v2.6,5,HOLD
R005,H014,v2.6,5,CONTINUE
R005,H014,v2.6,25,CONTINUE
R005,H014,v2.6,50,CONTINUE
R005,H014,v2.6,100,CONTINUE
R005,H015,v2.6,5,CONTINUE
R005,H015,v2.6,25,CONTINUE
R005,H015,v2.6,50,CONTINUE
R005,H015,v2.6,100,CONTINUE
R005,H016,v2.6,5,CONTINUE
R005,H016,v2.6,25,CONTINUE
R005,H016,v2.6,50,CONTINUE
R005,H016,v2.6,100,CONTINUE
R005,H017,v2.6,5,CONTINUE
R005,H017,v2.6,25,CONTINUE
R005,H017,v2.6,50,CONTINUE
R005,H017,v2.6,100,CONTINUE
R005,H018,v2.6,5,CONTINUE
R005,H018,v2.6,25,CONTINUE
R005,H018,v2.6,50,CONTINUE
R005,H018,v2.6,100,CONTINUE
R005,H019,v2.6,5,CONTINUE
R005,H019,v2.6,25,CONTINUE
R005,H019,v2.6,50,CONTINUE
R005,H019,v2.6,100,CONTINUE
R005,H020,v2.6,5,CONTINUE
R005,H020,v2.6,25,CONTINUE
R005,H020,v2.6,50,CONTINUE
R005,H020,v2.6,100,CONTINUE
R005,H021,v2.6,5,CONTINUE
R005,H021,v2.6,25,CONTINUE
R005,H021,v2.6,50,CONTINUE
R005,H021,v2.6,100,CONTINUE
R005,H022,v2.6,5,CONTINUE
R005,H022,v2.6,25,CONTINUE
R005,H022,v2.6,50,CONTINUE
R005,H022,v2.6,100,CONTINUE
R005,H023,v2.6,5,CONTINUE
R005,H023,v2.6,25,CONTINUE
R005,H023,v2.6,50,CONTINUE
R005,H023,v2.6,100,CONTINUE
R005,H024,v2.6,5,CONTINUE
R005,H024,v2.6,25,CONTINUE
R005,H024,v2.6,50,CONTINUE
R005,H024,v2.6,100,CONTINUE
R005,H025,v2.6,5,CONTINUE
R005,H025,v2.6,25,CONTINUE
R005,H025,v2.6,50,CONTINUE
R005,H025,v2.6,100,CONTINUE
R005,H026,v2.6,5,CONTINUE
R005,H026,v2.6,25,CONTINUE
R005,H026,v2.6,50,CONTINUE
R005,H026,v2.6,100,CONTINUE
R005,H027,v2.6,5,CONTINUE
R005,H027,v2.6,25,CONTINUE
R005,H027,v2.6,50,CONTINUE
R005,H027,v2.6,100,CONTINUE
R005,H028,v2.6,5,CONTINUE
R005,H028,v2.6,25,CONTINUE
R005,H028,v2.6,50,CONTINUE
R005,H028,v2.6,100,CONTINUE
R005,H029,v2.6,5,CONTINUE
R005,H029,v2.6,25,CONTINUE
R005,H029,v2.6,50,CONTINUE
R005,H029,v2.6,100,CONTINUE
R005,H030,v2.6,5,CONTINUE
R005,H030,v2.6,25,CONTINUE
R005,H030,v2.6,50,CONTINUE
R005,H030,v2.6,100,CONTINUE
R005,H031,v2.6,5,CONTINUE
R005,H031,v2.6,25,CONTINUE
R005,H031,v2.6,50,CONTINUE
R005,H031,v2.6,100,CONTINUE
R005,H032,v2.6,5,CONTINUE
R005,H032,v2.6,25,CONTINUE
R005,H032,v2.6,50,CONTINUE
R005,H032,v2.6,100,CONTINUE
R005,H033,v2.6,5,HOLD
R005,H034,v2.6,5,CONTINUE
R005,H034,v2.6,25,CONTINUE
R005,H034,v2.6,50,CONTINUE
R005,H034,v2.6,100,CONTINUE
R005,H035,v2.6,5,CONTINUE
R005,H035,v2.6,25,CONTINUE
R005,H035,v2.6,50,CONTINUE
R005,H035,v2.6,100,CONTINUE
R005,H036,v2.6,5,CONTINUE
R005,H036,v2.6,25,CONTINUE
R005,H036,v2.6,50,CONTINUE
R005,H036,v2.6,100,CONTINUE
R005,H037,v2.6,5,CONTINUE
R005,H037,v2.6,25,CONTINUE
R005,H037,v2.6,50,CONTINUE
R005,H037,v2.6,100,CONTINUE
R005,H038,v2.6,5,CONTINUE
R005,H038,v2.6,25,CONTINUE
R005,H038,v2.6,50,CONTINUE
R005,H038,v2.6,100,CONTINUE
R005,H039,v2.6,5,CONTINUE
R005,H039,v2.6,25,CONTINUE
R005,H039,v2.6,50,CONTINUE
R005,H039,v2.6,100,CONTINUE
R005,H040,v2.6,5,CONTINUE
R005,H040,v2.6,25,CONTINUE
R005,H040,v2.6,50,CONTINUE
R005,H040,v2.6,100,CONTINUE
R005,H041,v2.6,5,CONTINUE
R005,H041,v2.6,25,CONTINUE
R005,H041,v2.6,50,CONTINUE
R005,H041,v2.6,100,CONTINUE
R005,H042,v2.6,5,CONTINUE
R005,H042,v2.6,25,CONTINUE
R005,H042,v2.6,50,CONTINUE
R005,H042,v2.6,100,CONTINUE
R005,H043,v2.6,5,HOLD
R005,H044,v2.6,5,CONTINUE
R005,H044,v2.6,25,CONTINUE
R005,H044,v2.6,50,CONTINUE
R005,H044,v2.6,100,CONTINUE
R005,H045,v2.6,5,CONTINUE
R005,H045,v2.6,25,CONTINUE
R005,H045,v2.6,50,CONTINUE
R005,H045,v2.6,100,CONTINUE
R005,H046,v2.6,5,CONTINUE
R005,H046,v2.6,25,CONTINUE
R005,H046,v2.6,50,CONTINUE
R005,H046,v2.6,100,CONTINUE
R005,H047,v2.6,5,CONTINUE
R005,H047,v2.6,25,CONTINUE
R005,H047,v2.6,50,CONTINUE
R005,H047,v2.6,100,CONTINUE
R005,H048,v2.6,5,CONTINUE
R005,H048,v2.6,25,CONTINUE
R005,H048,v2.6,50,CONTINUE
R005,H048,v2.6,100,CONTINUE
R005,H049,v2.6,5,CONTINUE
R005,H049,v2.6,25,CONTINUE
R005,H049,v2.6,50,CONTINUE
R005,H049,v2.6,100,CONTINUE
R005,H050,v2.6,5,CONTINUE
R005,H050,v2.6,25,CONTINUE
R005,H050,v2.6,50,CONTINUE
R005,H050,v2.6,100,CONTINUE
R006,H001,v2.7,5,CONTINUE
R006,H001,v2.7,25,CONTINUE
R006,H001,v2.7,50,CONTINUE
R006,H001,v2.7,100,CONTINUE
R006,H002,v2.7,5,CONTINUE
R006,H002,v2.7,25,CONTINUE
R006,H002,v2.7,50,CONTINUE
R006,H002,v2.7,100,CONTINUE
R006,H003,v2.7,5,CONTINUE
R006,H003,v2.7,25,CONTINUE
R006,H003,v2.7,50,CONTINUE
R006,H003,v2.7,100,CONTINUE
R006,H004,v2.7,5,CONTINUE
R006,H004,v2.7,25,CONTINUE
R006,H004,v2.7,50,CONTINUE
R006,H004,v2.7,100,CONTINUE
R006,H005,v2.7,5,CONTINUE
R006,H005,v2.7,25,CONTINUE
R006,H005,v2.7,50,CONTINUE
R006,H005,v2.7,100,CONTINUE
R006,H006,v2.7,5,CONTINUE
R006,H006,v2.7,25,CONTINUE
R006,H006,v2.7,50,CONTINUE
R006,H006,v2.7,100,CONTINUE
R006,H007,v2.7,5,CONTINUE
R006,H007,v2.7,25,CONTINUE
R006,H007,v2.7,50,CONTINUE
R006,H007,v2.7,100,CONTINUE
R006,H008,v2.7,5,CONTINUE
R006,H008,v2.7,25,CONTINUE
R006,H008,v2.7,50,CONTINUE
R006,H008,v2.7,100,CONTINUE
R006,H009,v2.7,5,CONTINUE
R006,H009,v2.7,25,CONTINUE
R006,H009,v2.7,50,CONTINUE
R006,H009,v2.7,100,CONTINUE
R006,H010,v2.7,5,CONTINUE
R006,H010,v2.7,25,CONTINUE
R006,H010,v2.7,50,CONTINUE
R006,H010,v2.7,100,CONTINUE
R006,H011,v2.7,5,CONTINUE
R006,H011,v2.7,25,CONTINUE
R006,H011,v2.7,50,CONTINUE
R006,H011,v2.7,100,CONTINUE
R006,H012,v2.7,5,CONTINUE
R006,H012,v2.7,25,CONTINUE
R006,H012,v2.7,50,CONTINUE
R006,H012,v2.7,100,CONTINUE
R006,H013,v2.7,5,CONTINUE
R006,H013,v2.7,25,CONTINUE
R006,H013,v2.7,50,CONTINUE
R006,H013,v2.7,100,CONTINUE
R006,H014,v2.7,5,CONTINUE
R006,H014,v2.7,25,CONTINUE
R006,H014,v2.7,50,CONTINUE
R006,H014,v2.7,100,CONTINUE
R006,H015,v2.7,5,CONTINUE
R006,H015,v2.7,25,CONTINUE
R006,H015,v2.7,50,CONTINUE
R006,H015,v2.7,100,CONTINUE
R006,H016,v2.7,5,CONTINUE
R006,H016,v2.7,25,CONTINUE
R006,H016,v2.7,50,CONTINUE
R006,H016,v2.7,100,CONTINUE
R006,H017,v2.7,5,CONTINUE
R006,H017,v2.7,25,CONTINUE
R006,H017,v2.7,50,CONTINUE
R006,H017,v2.7,100,CONTINUE
R006,H018,v2.7,5,CONTINUE
R006,H018,v2.7,25,CONTINUE
R006,H018,v2.7,50,CONTINUE
R006,H018,v2.7,100,CONTINUE
R006,H019,v2.7,5,CONTINUE
R006,H019,v2.7,25,CONTINUE
R006,H019,v2.7,50,CONTINUE
R006,H019,v2.7,100,CONTINUE
R006,H020,v2.7,5,CONTINUE
R006,H020,v2.7,25,CONTINUE
R006,H020,v2.7,50,CONTINUE
R006,H020,v2.7,100,CONTINUE
R006,H021,v2.7,5,CONTINUE
R006,H021,v2.7,25,CONTINUE
R006,H021,v2.7,50,CONTINUE
R006,H021,v2.7,100,CONTINUE
R006,H022,v2.7,5,CONTINUE
R006,H022,v2.7,25,CONTINUE
R006,H022,v2.7,50,CONTINUE
R006,H022,v2.7,100,CONTINUE
R006,H023,v2.7,5,CONTINUE
R006,H023,v2.7,25,CONTINUE
R006,H023,v2.7,50,CONTINUE
R006,H023,v2.7,100,CONTINUE
R006,H024,v2.7,5,CONTINUE
R006,H024,v2.7,25,CONTINUE
R006,H024,v2.7,50,CONTINUE
R006,H024,v2.7,100,CONTINUE
R006,H025,v2.7,5,CONTINUE
R006,H025,v2.7,25,CONTINUE
R006,H025,v2.7,50,CONTINUE
R006,H025,v2.7,100,CONTINUE
R006,H026,v2.7,5,CONTINUE
R006,H026,v2.7,25,CONTINUE
R006,H026,v2.7,50,CONTINUE
R006,H026,v2.7,100,CONTINUE
R006,H027,v2.7,5,CONTINUE
R006,H027,v2.7,25,CONTINUE
R006,H027,v2.7,50,CONTINUE
R006,H027,v2.7,100,CONTINUE
R006,H028,v2.7,5,CONTINUE
R006,H028,v2.7,25,CONTINUE
R006,H028,v2.7,50,CONTINUE
R006,H028,v2.7,100,CONTINUE
R006,H029,v2.7,5,CONTINUE
R006,H029,v2.7,25,CONTINUE
R006,H029,v2.7,50,CONTINUE
R006,H029,v2.7,100,CONTINUE
R006,H030,v2.7,5,CONTINUE
R006,H030,v2.7,25,CONTINUE
R006,H030,v2.7,50,CONTINUE
R006,H030,v2.7,100,CONTINUE
R006,H031,v2.7,5,CONTINUE
R006,H031,v2.7,25,CONTINUE
R006,H031,v2.7,50,CONTINUE
R006,H031,v2.7,100,CONTINUE
R006,H032,v2.7,5,CONTINUE
R006,H032,v2.7,25,CONTINUE
R006,H032,v2.7,50,CONTINUE
R006,H032,v2.7,100,CONTINUE
R006,H033,v2.7,5,CONTINUE
R006,H033,v2.7,25,CONTINUE
R006,H033,v2.7,50,CONTINUE
R006,H033,v2.7,100,CONTINUE
R006,H034,v2.7,5,CONTINUE
R006,H034,v2.7,25,CONTINUE
R006,H034,v2.7,50,CONTINUE
R006,H034,v2.7,100,CONTINUE
R006,H035,v2.7,5,CONTINUE
R006,H035,v2.7,25,CONTINUE
R006,H035,v2.7,50,CONTINUE
R006,H035,v2.7,100,CONTINUE
R006,H036,v2.7,5,CONTINUE
R006,H036,v2.7,25,CONTINUE
R006,H036,v2.7,50,CONTINUE
R006,H036,v2.7,100,CONTINUE
R006,H037,v2.7,5,CONTINUE
R006,H037,v2.7,25,CONTINUE
R006,H037,v2.7,50,CONTINUE
R006,H037,v2.7,100,CONTINUE
R006,H038,v2.7,5,CONTINUE
R006,H038,v2.7,25,CONTINUE
R006,H038,v2.7,50,CONTINUE
R006,H038,v2.7,100,CONTINUE
R006,H039,v2.7,5,CONTINUE
R006,H039,v2.7,25,CONTINUE
R006,H039,v2.7,50,CONTINUE
R006,H039,v2.7,100,CONTINUE
R006,H040,v2.7,5,CONTINUE
R006,H040,v2.7,25,CONTINUE
R006,H040,v2.7,50,CONTINUE
R006,H040,v2.7,100,CONTINUE
R006,H041,v2.7,5,CONTINUE
R006,H041,v2.7,25,CONTINUE
R006,H041,v2.7,50,CONTINUE
R006,H041,v2.7,100,CONTINUE
R006,H042,v2.7,5,CONTINUE
R006,H042,v2.7,25,CONTINUE
R006,H042,v2.7,50,CONTINUE
R006,H042,v2.7,100,CONTINUE
R006,H043,v2.7,5,CONTINUE
R006,H043,v2.7,25,CONTINUE
R006,H043,v2.7,50,CONTINUE
R006,H043,v2.7,100,CONTINUE
R006,H044,v2.7,5,CONTINUE
R006,H044,v2.7,25,CONTINUE
R006,H044,v2.7,50,CONTINUE
R006,H044,v2.7,100,CONTINUE
R006,H045,v2.7,5,CONTINUE
R006,H045,v2.7,25,CONTINUE
R006,H045,v2.7,50,CONTINUE
R006,H045,v2.7,100,CONTINUE
R006,H046,v2.7,5,CONTINUE
R006,H046,v2.7,25,CONTINUE
R006,H046,v2.7,50,CONTINUE
R006,H046,v2.7,100,CONTINUE
R006,H047,v2.7,5,STOP
R006,H048,v2.7,5,CONTINUE
R006,H048,v2.7,25,CONTINUE
R006,H048,v2.7,50,CONTINUE
R006,H048,v2.7,100,CONTINUE
R006,H049,v2.7,5,HOLD
R006,H050,v2.7,5,CONTINUE
R006,H050,v2.7,25,CONTINUE
R006,H050,v2.7,50,CONTINUE
R006,H050,v2.7,100,CONTINUE
R007,H001,v2.8,5,CONTINUE
R007,H001,v2.8,25,CONTINUE
R007,H001,v2.8,50,CONTINUE
R007,H001,v2.8,100,CONTINUE
R007,H002,v2.8,5,CONTINUE
R007,H002,v2.8,25,CONTINUE
R007,H002,v2.8,50,CONTINUE
R007,H002,v2.8,100,CONTINUE
R007,H003,v2.8,5,CONTINUE
R007,H003,v2.8,25,CONTINUE
R007,H003,v2.8,50,CONTINUE
R007,H003,v2.8,100,CONTINUE
R007,H004,v2.8,5,CONTINUE
R007,H004,v2.8,25,CONTINUE
R007,H004,v2.8,50,CONTINUE
R007,H004,v2.8,100,CONTINUE
R007,H005,v2.8,5,CONTINUE
R007,H005,v2.8,25,CONTINUE
R007,H005,v2.8,50,CONTINUE
R007,H005,v2.8,100,CONTINUE
R007,H006,v2.8,5,CONTINUE
R007,H006,v2.8,25,CONTINUE
R007,H006,v2.8,50,CONTINUE
R007,H006,v2.8,100,CONTINUE
R007,H007,v2.8,5,CONTINUE
R007,H007,v2.8,25,CONTINUE
R007,H007,v2.8,50,CONTINUE
R007,H007,v2.8,100,CONTINUE
R007,H008,v2.8,5,CONTINUE
R007,H008,v2.8,25,CONTINUE
R007,H008,v2.8,50,CONTINUE
R007,H008,v2.8,100,CONTINUE
R007,H009,v2.8,5,CONTINUE
R007,H009,v2.8,25,CONTINUE
R007,H009,v2.8,50,CONTINUE
R007,H009,v2.8,100,CONTINUE
R007,H010,v2.8,5,CONTINUE
R007,H010,v2.8,25,CONTINUE
R007,H010,v2.8,50,CONTINUE
R007,H010,v2.8,100,CONTINUE
R007,H011,v2.8,5,STOP
R007,H012,v2.8,5,CONTINUE
R007,H012,v2.8,25,CONTINUE
R007,H012,v2.8,50,CONTINUE
R007,H012,v2.8,100,CONTINUE
R007,H013,v2.8,5,CONTINUE
R007,H013,v2.8,25,CONTINUE
R007,H013,v2.8,50,CONTINUE
R007,H013,v2.8,100,CONTINUE
R007,H014,v2.8,5,CONTINUE
R007,H014,v2.8,25,CONTINUE
R007,H014,v2.8,50,CONTINUE
R007,H014,v2.8,100,CONTINUE
R007,H015,v2.8,5,CONTINUE
R007,H015,v2.8,25,CONTINUE
R007,H015,v2.8,50,CONTINUE
R007,H015,v2.8,100,CONTINUE
R007,H016,v2.8,5,HOLD
R007,H017,v2.8,5,CONTINUE
R007,H017,v2.8,25,CONTINUE
R007,H017,v2.8,50,CONTINUE
R007,H017,v2.8,100,CONTINUE
R007,H018,v2.8,5,CONTINUE
R007,H018,v2.8,25,CONTINUE
R007,H018,v2.8,50,CONTINUE
R007,H018,v2.8,100,CONTINUE
R007,H019,v2.8,5,CONTINUE
R007,H019,v2.8,25,CONTINUE
R007,H019,v2.8,50,CONTINUE
R007,H019,v2.8,100,CONTINUE
R007,H020,v2.8,5,CONTINUE
R007,H020,v2.8,25,CONTINUE
R007,H020,v2.8,50,CONTINUE
R007,H020,v2.8,100,CONTINUE
R007,H021,v2.8,5,CONTINUE
R007,H021,v2.8,25,CONTINUE
R007,H021,v2.8,50,CONTINUE
R007,H021,v2.8,100,CONTINUE
R007,H022,v2.8,5,CONTINUE
R007,H022,v2.8,25,CONTINUE
R007,H022,v2.8,50,CONTINUE
R007,H022,v2.8,100,CONTINUE
R007,H023,v2.8,5,CONTINUE
R007,H023,v2.8,25,CONTINUE
R007,H023,v2.8,50,CONTINUE
R007,H023,v2.8,100,CONTINUE
R007,H024,v2.8,5,CONTINUE
R007,H024,v2.8,25,CONTINUE
R007,H024,v2.8,50,CONTINUE
R007,H024,v2.8,100,CONTINUE
R007,H025,v2.8,5,CONTINUE
R007,H025,v2.8,25,CONTINUE
R007,H025,v2.8,50,CONTINUE
R007,H025,v2.8,100,CONTINUE
R007,H026,v2.8,5,STOP
R007,H027,v2.8,5,CONTINUE
R007,H027,v2.8,25,CONTINUE
R007,H027,v2.8,50,CONTINUE
R007,H027,v2.8,100,CONTINUE
R007,H028,v2.8,5,CONTINUE
R007,H028,v2.8,25,CONTINUE
R007,H028,v2.8,50,CONTINUE
R007,H028,v2.8,100,CONTINUE
R007,H029,v2.8,5,CONTINUE
R007,H029,v2.8,25,CONTINUE
R007,H029,v2.8,50,CONTINUE
R007,H029,v2.8,100,CONTINUE
R007,H030,v2.8,5,CONTINUE
R007,H030,v2.8,25,CONTINUE
R007,H030,v2.8,50,CONTINUE
R007,H030,v2.8,100,CONTINUE
R007,H031,v2.8,5,CONTINUE
R007,H031,v2.8,25,CONTINUE
R007,H031,v2.8,50,CONTINUE
R007,H031,v2.8,100,CONTINUE
R007,H032,v2.8,5,CONTINUE
R007,H032,v2.8,25,CONTINUE
R007,H032,v2.8,50,CONTINUE
R007,H032,v2.8,100,CONTINUE
R007,H033,v2.8,5,CONTINUE
R007,H033,v2.8,25,CONTINUE
R007,H033,v2.8,50,CONTINUE
R007,H033,v2.8,100,CONTINUE
R007,H034,v2.8,5,CONTINUE
R007,H034,v2.8,25,CONTINUE
R007,H034,v2.8,50,CONTINUE
R007,H034,v2.8,100,CONTINUE
R007,H035,v2.8,5,CONTINUE
R007,H035,v2.8,25,CONTINUE
R007,H035,v2.8,50,CONTINUE
R007,H035,v2.8,100,CONTINUE
R007,H036,v2.8,5,CONTINUE
R007,H036,v2.8,25,CONTINUE
R007,H036,v2.8,50,CONTINUE
R007,H036,v2.8,100,CONTINUE
R007,H037,v2.8,5,CONTINUE
R007,H037,v2.8,25,CONTINUE
R007,H037,v2.8,50,CONTINUE
R007,H037,v2.8,100,CONTINUE
R007,H038,v2.8,5,CONTINUE
R007,H038,v2.8,25,CONTINUE
R007,H038,v2.8,50,CONTINUE
R007,H038,v2.8,100,CONTINUE
R007,H039,v2.8,5,CONTINUE
R007,H039,v2.8,25,CONTINUE
R007,H039,v2.8,50,CONTINUE
R007,H039,v2.8,100,CONTINUE
R007,H040,v2.8,5,CONTINUE
R007,H040,v2.8,25,CONTINUE
R007,H040,v2.8,50,CONTINUE
R007,H040,v2.8,100,CONTINUE
R007,H041,v2.8,5,CONTINUE
R007,H041,v2.8,25,CONTINUE
R007,H041,v2.8,50,CONTINUE
R007,H041,v2.8,100,CONTINUE
R007,H042,v2.8,5,CONTINUE
R007,H042,v2.8,25,CONTINUE
R007,H042,v2.8,50,CONTINUE
R007,H042,v2.8,100,CONTINUE
R007,H043,v2.8,5,CONTINUE
R007,H043,v2.8,25,CONTINUE
R007,H043,v2.8,50,CONTINUE
R007,H043,v2.8,100,CONTINUE
R007,H044,v2.8,5,CONTINUE
R007,H044,v2.8,25,CONTINUE
R007,H044,v2.8,50,CONTINUE
R007,H044,v2.8,100,CONTINUE
R007,H045,v2.8,5,CONTINUE
R007,H045,v2.8,25,CONTINUE
R007,H045,v2.8,50,CONTINUE
R007,H045,v2.8,100,CONTINUE
R007,H046,v2.8,5,CONTINUE
R007,H046,v2.8,25,CONTINUE
R007,H046,v2.8,50,CONTINUE
R007,H046,v2.8,100,CONTINUE
R007,H047,v2.8,5,CONTINUE
R007,H047,v2.8,25,CONTINUE
R007,H047,v2.8,50,CONTINUE
R007,H047,v2.8,100,CONTINUE
R007,H048,v2.8,5,STOP
R007,H049,v2.8,5,CONTINUE
R007,H049,v2.8,25,CONTINUE
R007,H049,v2.8,50,CONTINUE
R007,H049,v2.8,100,CONTINUE
R007,H050,v2.8,5,CONTINUE
R007,H050,v2.8,25,CONTINUE
R007,H050,v2.8,50,CONTINUE
R007,H050,v2.8,100,CONTINUE
R008,H001,v2.9,5,STOP
R008,H002,v2.9,5,HOLD
R008,H003,v2.9,5,STOP
R008,H004,v2.9,5,STOP
R008,H005,v2.9,5,STOP
R008,H006,v2.9,5,STOP
R008,H007,v2.9,5,STOP
R008,H008,v2.9,5,STOP
R008,H009,v2.9,5,STOP
R008,H010,v2.9,5,STOP
R008,H011,v2.9,5,HOLD
R008,H012,v2.9,5,STOP
R008,H013,v2.9,5,STOP
R008,H014,v2.9,5,STOP
R008,H015,v2.9,5,STOP
R008,H016,v2.9,5,STOP
R008,H017,v2.9,5,HOLD
R008,H018,v2.9,5,STOP
R008,H019,v2.9,5,HOLD
R008,H020,v2.9,5,STOP
R008,H021,v2.9,5,HOLD
R008,H022,v2.9,5,STOP
R008,H023,v2.9,5,STOP
R008,H024,v2.9,5,STOP
R008,H025,v2.9,5,STOP
R008,H026,v2.9,5,STOP
R008,H027,v2.9,5,STOP
R008,H028,v2.9,5,STOP
R008,H029,v2.9,5,STOP
R008,H030,v2.9,5,STOP
R008,H031,v2.9,5,HOLD
R008,H032,v2.9,5,HOLD
R008,H033,v2.9,5,STOP
R008,H034,v2.9,5,STOP
R008,H035,v2.9,5,HOLD
R008,H036,v2.9,5,HOLD
R008,H037,v2.9,5,HOLD
R008,H038,v2.9,5,STOP
R008,H039,v2.9,5,HOLD
R008,H040,v2.9,5,STOP
R008,H041,v2.9,5,STOP
R008,H042,v2.9,5,STOP
R008,H043,v2.9,5,STOP
R008,H044,v2.9,5,STOP
R008,H045,v2.9,5,HOLD
R008,H046,v2.9,5,STOP
R008,H047,v2.9,5,STOP
R008,H048,v2.9,5,STOP
R008,H049,v2.9,5,STOP
R008,H050,v2.9,5,STOP
R009,H001,v2.10,5,CONTINUE
R009,H001,v2.10,25,CONTINUE
R009,H001,v2.10,50,CONTINUE
R009,H001,v2.10,100,CONTINUE
R009,H002,v2.10,5,CONTINUE
R009,H002,v2.10,25,CONTINUE
R009,H002,v2.10,50,CONTINUE
R009,H002,v2.10,100,CONTINUE
R009,H003,v2.10,5,CONTINUE
R009,H003,v2.10,25,CONTINUE
R009,H003,v2.10,50,CONTINUE
R009,H003,v2.10,100,CONTINUE
R009,H004,v2.10,5,CONTINUE
R009,H004,v2.10,25,CONTINUE
R009,H004,v2.10,50,CONTINUE
R009,H004,v2.10,100,CONTINUE
R009,H005,v2.10,5,CONTINUE
R009,H005,v2.10,25,CONTINUE
R009,H005,v2.10,50,CONTINUE
R009,H005,v2.10,100,CONTINUE
R009,H006,v2.10,5,CONTINUE
R009,H006,v2.10,25,CONTINUE
R009,H006,v2.10,50,CONTINUE
R009,H006,v2.10,100,CONTINUE
R009,H007,v2.10,5,CONTINUE
R009,H007,v2.10,25,CONTINUE
R009,H007,v2.10,50,CONTINUE
R009,H007,v2.10,100,CONTINUE
R009,H008,v2.10,5,CONTINUE
R009,H008,v2.10,25,CONTINUE
R009,H008,v2.10,50,CONTINUE
R009,H008,v2.10,100,CONTINUE
R009,H009,v2.10,5,CONTINUE
R009,H009,v2.10,25,CONTINUE
R009,H009,v2.10,50,CONTINUE
R009,H009,v2.10,100,CONTINUE
R009,H010,v2.10,5,CONTINUE
R009,H010,v2.10,25,CONTINUE
R009,H010,v2.10,50,CONTINUE
R009,H010,v2.10,100,CONTINUE
R009,H011,v2.10,5,CONTINUE
R009,H011,v2.10,25,CONTINUE
R009,H011,v2.10,50,CONTINUE
R009,H011,v2.10,100,CONTINUE
R009,H012,v2.10,5,CONTINUE
R009,H012,v2.10,25,CONTINUE
R009,H012,v2.10,50,CONTINUE
R009,H012,v2.10,100,CONTINUE
R009,H013,v2.10,5,CONTINUE
R009,H013,v2.10,25,CONTINUE
R009,H013,v2.10,50,CONTINUE
R009,H013,v2.10,100,CONTINUE
R009,H014,v2.10,5,CONTINUE
R009,H014,v2.10,25,CONTINUE
R009,H014,v2.10,50,CONTINUE
R009,H014,v2.10,100,CONTINUE
R009,H015,v2.10,5,CONTINUE
R009,H015,v2.10,25,CONTINUE
R009,H015,v2.10,50,CONTINUE
R009,H015,v2.10,100,CONTINUE
R009,H016,v2.10,5,CONTINUE
R009,H016,v2.10,25,CONTINUE
R009,H016,v2.10,50,CONTINUE
R009,H016,v2.10,100,CONTINUE
R009,H017,v2.10,5,CONTINUE
R009,H017,v2.10,25,CONTINUE
R009,H017,v2.10,50,CONTINUE
R009,H017,v2.10,100,CONTINUE
R009,H018,v2.10,5,CONTINUE
R009,H018,v2.10,25,CONTINUE
R009,H018,v2.10,50,CONTINUE
R009,H018,v2.10,100,CONTINUE
R009,H019,v2.10,5,CONTINUE
R009,H019,v2.10,25,CONTINUE
R009,H019,v2.10,50,CONTINUE
R009,H019,v2.10,100,CONTINUE
R009,H020,v2.10,5,CONTINUE
R009,H020,v2.10,25,CONTINUE
R009,H020,v2.10,50,CONTINUE
R009,H020,v2.10,100,CONTINUE
R009,H021,v2.10,5,CONTINUE
R009,H021,v2.10,25,CONTINUE
R009,H021,v2.10,50,CONTINUE
R009,H021,v2.10,100,CONTINUE
R009,H022,v2.10,5,CONTINUE
R009,H022,v2.10,25,CONTINUE
R009,H022,v2.10,50,CONTINUE
R009,H022,v2.10,100,CONTINUE
R009,H023,v2.10,5,CONTINUE
R009,H023,v2.10,25,CONTINUE
R009,H023,v2.10,50,CONTINUE
R009,H023,v2.10,100,CONTINUE
R009,H024,v2.10,5,CONTINUE
R009,H024,v2.10,25,CONTINUE
R009,H024,v2.10,50,CONTINUE
R009,H024,v2.10,100,CONTINUE
R009,H025,v2.10,5,CONTINUE
R009,H025,v2.10,25,CONTINUE
R009,H025,v2.10,50,CONTINUE
R009,H025,v2.10,100,CONTINUE
R009,H026,v2.10,5,CONTINUE
R009,H026,v2.10,25,CONTINUE
R009,H026,v2.10,50,CONTINUE
R009,H026,v2.10,100,CONTINUE
R009,H027,v2.10,5,CONTINUE
R009,H027,v2.10,25,CONTINUE
R009,H027,v2.10,50,CONTINUE
R009,H027,v2.10,100,CONTINUE
R009,H028,v2.10,5,CONTINUE
R009,H028,v2.10,25,CONTINUE
R009,H028,v2.10,50,CONTINUE
R009,H028,v2.10,100,CONTINUE
R009,H029,v2.10,5,CONTINUE
R009,H029,v2.10,25,CONTINUE
R009,H029,v2.10,50,CONTINUE
R009,H029,v2.10,100,CONTINUE
R009,H030,v2.10,5,HOLD
R009,H031,v2.10,5,HOLD
R009,H032,v2.10,5,CONTINUE
R009,H032,v2.10,25,CONTINUE
R009,H032,v2.10,50,CONTINUE
R009,H032,v2.10,100,CONTINUE
R009,H033,v2.10,5,CONTINUE
R009,H033,v2.10,25,CONTINUE
R009,H033,v2.10,50,CONTINUE
R009,H033,v2.10,100,CONTINUE
R009,H034,v2.10,5,CONTINUE
R009,H034,v2.10,25,CONTINUE
R009,H034,v2.10,50,CONTINUE
R009,H034,v2.10,100,CONTINUE
R009,H035,v2.10,5,CONTINUE
R009,H035,v2.10,25,CONTINUE
R009,H035,v2.10,50,CONTINUE
R009,H035,v2.10,100,CONTINUE
R009,H036,v2.10,5,CONTINUE
R009,H036,v2.10,25,CONTINUE
R009,H036,v2.10,50,CONTINUE
R009,H036,v2.10,100,CONTINUE
R009,H037,v2.10,5,HOLD
R009,H038,v2.10,5,CONTINUE
R009,H038,v2.10,25,CONTINUE
R009,H038,v2.10,50,CONTINUE
R009,H038,v2.10,100,CONTINUE
R009,H039,v2.10,5,CONTINUE
R009,H039,v2.10,25,CONTINUE
R009,H039,v2.10,50,CONTINUE
R009,H039,v2.10,100,CONTINUE
R009,H040,v2.10,5,CONTINUE
R009,H040,v2.10,25,CONTINUE
R009,H040,v2.10,50,CONTINUE
R009,H040,v2.10,100,CONTINUE
R009,H041,v2.10,5,CONTINUE
R009,H041,v2.10,25,CONTINUE
R009,H041,v2.10,50,CONTINUE
R009,H041,v2.10,100,CONTINUE
R009,H042,v2.10,5,CONTINUE
R009,H042,v2.10,25,CONTINUE
R009,H042,v2.10,50,CONTINUE
R009,H042,v2.10,100,CONTINUE
R009,H043,v2.10,5,CONTINUE
R009,H043,v2.10,25,CONTINUE
R009,H043,v2.10,50,CONTINUE
R009,H043,v2.10,100,CONTINUE
R009,H044,v2.10,5,CONTINUE
R009,H044,v2.10,25,CONTINUE
R009,H044,v2.10,50,CONTINUE
R009,H044,v2.10,100,CONTINUE
R009,H045,v2.10,5,CONTINUE
R009,H045,v2.10,25,CONTINUE
R009,H045,v2.10,50,CONTINUE
R009,H045,v2.10,100,CONTINUE
R009,H046,v2.10,5,CONTINUE
R009,H046,v2.10,25,CONTINUE
R009,H046,v2.10,50,CONTINUE
R009,H046,v2.10,100,CONTINUE
R009,H047,v2.10,5,CONTINUE
R009,H047,v2.10,25,CONTINUE
R009,H047,v2.10,50,CONTINUE
R009,H047,v2.10,100,CONTINUE
R009,H048,v2.10,5,CONTINUE
R009,H048,v2.10,25,CONTINUE
R009,H048,v2.10,50,CONTINUE
R009,H048,v2.10,100,CONTINUE
R009,H049,v2.10,5,CONTINUE
R009,H049,v2.10,25,CONTINUE
R009,H049,v2.10,50,CONTINUE
R009,H049,v2.10,100,CONTINUE
R009,H050,v2.10,5,CONTINUE
R009,H050,v2.10,25,CONTINUE
R009,H050,v2.10,50,CONTINUE
R009,H050,v2.10,100,CONTINUE
R010,H001,v2.11,5,STOP
R010,H002,v2.11,5,HOLD
R010,H003,v2.11,5,STOP
R010,H004,v2.11,5,STOP
R010,H005,v2.11,5,STOP
R010,H006,v2.11,5,STOP
R010,H007,v2.11,5,STOP
R010,H008,v2.11,5,STOP
R010,H009,v2.11,5,STOP
R010,H010,v2.11,5,STOP
R010,H011,v2.11,5,STOP
R010,H012,v2.11,5,HOLD
R010,H013,v2.11,5,STOP
R010,H014,v2.11,5,STOP
R010,H015,v2.11,5,HOLD
R010,H016,v2.11,5,STOP
R010,H017,v2.11,5,STOP
R010,H018,v2.11,5,STOP
R010,H019,v2.11,5,STOP
R010,H020,v2.11,5,STOP
R010,H021,v2.11,5,STOP
R010,H022,v2.11,5,STOP
R010,H023,v2.11,5,STOP
R010,H024,v2.11,5,STOP
R010,H025,v2.11,5,HOLD
R010,H026,v2.11,5,STOP
R010,H027,v2.11,5,STOP
R010,H028,v2.11,5,STOP
R010,H029,v2.11,5,STOP
R010,H030,v2.11,5,STOP
R010,H031,v2.11,5,HOLD
R010,H032,v2.11,5,STOP
R010,H033,v2.11,5,STOP
R010,H034,v2.11,5,STOP
R010,H035,v2.11,5,STOP
R010,H036,v2.11,5,STOP
R010,H037,v2.11,5,STOP
R010,H038,v2.11,5,STOP
R010,H039,v2.11,5,STOP
R010,H040,v2.11,5,STOP
R010,H041,v2.11,5,STOP
R010,H042,v2.11,5,STOP
R010,H043,v2.11,5,STOP
R010,H044,v2.11,5,STOP
R010,H045,v2.11,5,STOP
R010,H046,v2.11,5,STOP
R010,H047,v2.11,5,STOP
R010,H048,v2.11,5,STOP
R010,H049,v2.11,5,STOP
R010,H050,v2.11,5,HOLD
R011,H001,v2.12,5,CONTINUE
R011,H001,v2.12,25,CONTINUE
R011,H001,v2.12,50,CONTINUE
R011,H001,v2.12,100,CONTINUE
R011,H002,v2.12,5,CONTINUE
R011,H002,v2.12,25,CONTINUE
R011,H002,v2.12,50,CONTINUE
R011,H002,v2.12,100,CONTINUE
R011,H003,v2.12,5,CONTINUE
R011,H003,v2.12,25,CONTINUE
R011,H003,v2.12,50,CONTINUE
R011,H003,v2.12,100,CONTINUE
R011,H004,v2.12,5,CONTINUE
R011,H004,v2.12,25,CONTINUE
R011,H004,v2.12,50,CONTINUE
R011,H004,v2.12,100,CONTINUE
R011,H005,v2.12,5,CONTINUE
R011,H005,v2.12,25,CONTINUE
R011,H005,v2.12,50,CONTINUE
R011,H005,v2.12,100,CONTINUE
R011,H006,v2.12,5,CONTINUE
R011,H006,v2.12,25,CONTINUE
R011,H006,v2.12,50,CONTINUE
R011,H006,v2.12,100,CONTINUE
R011,H007,v2.12,5,CONTINUE
R011,H007,v2.12,25,CONTINUE
R011,H007,v2.12,50,CONTINUE
R011,H007,v2.12,100,CONTINUE
R011,H008,v2.12,5,HOLD
R011,H009,v2.12,5,CONTINUE
R011,H009,v2.12,25,CONTINUE
R011,H009,v2.12,50,CONTINUE
R011,H009,v2.12,100,CONTINUE
R011,H010,v2.12,5,STOP
R011,H011,v2.12,5,CONTINUE
R011,H011,v2.12,25,CONTINUE
R011,H011,v2.12,50,CONTINUE
R011,H011,v2.12,100,CONTINUE
R011,H012,v2.12,5,CONTINUE
R011,H012,v2.12,25,CONTINUE
R011,H012,v2.12,50,CONTINUE
R011,H012,v2.12,100,CONTINUE
R011,H013,v2.12,5,CONTINUE
R011,H013,v2.12,25,CONTINUE
R011,H013,v2.12,50,CONTINUE
R011,H013,v2.12,100,CONTINUE
R011,H014,v2.12,5,CONTINUE
R011,H014,v2.12,25,CONTINUE
R011,H014,v2.12,50,CONTINUE
R011,H014,v2.12,100,CONTINUE
R011,H015,v2.12,5,CONTINUE
R011,H015,v2.12,25,CONTINUE
R011,H015,v2.12,50,CONTINUE
R011,H015,v2.12,100,CONTINUE
R011,H016,v2.12,5,CONTINUE
R011,H016,v2.12,25,CONTINUE
R011,H016,v2.12,50,CONTINUE
R011,H016,v2.12,100,CONTINUE
R011,H017,v2.12,5,CONTINUE
R011,H017,v2.12,25,CONTINUE
R011,H017,v2.12,50,CONTINUE
R011,H017,v2.12,100,CONTINUE
R011,H018,v2.12,5,STOP
R011,H019,v2.12,5,CONTINUE
R011,H019,v2.12,25,CONTINUE
R011,H019,v2.12,50,CONTINUE
R011,H019,v2.12,100,CONTINUE
R011,H020,v2.12,5,STOP
R011,H021,v2.12,5,CONTINUE
R011,H021,v2.12,25,CONTINUE
R011,H021,v2.12,50,CONTINUE
R011,H021,v2.12,100,CONTINUE
R011,H022,v2.12,5,CONTINUE
R011,H022,v2.12,25,CONTINUE
R011,H022,v2.12,50,CONTINUE
R011,H022,v2.12,100,CONTINUE
R011,H023,v2.12,5,CONTINUE
R011,H023,v2.12,25,CONTINUE
R011,H023,v2.12,50,CONTINUE
R011,H023,v2.12,100,CONTINUE
R011,H024,v2.12,5,CONTINUE
R011,H024,v2.12,25,CONTINUE
R011,H024,v2.12,50,CONTINUE
R011,H024,v2.12,100,CONTINUE
R011,H025,v2.12,5,CONTINUE
R011,H025,v2.12,25,CONTINUE
R011,H025,v2.12,50,CONTINUE
R011,H025,v2.12,100,CONTINUE
R011,H026,v2.12,5,CONTINUE
R011,H026,v2.12,25,CONTINUE
R011,H026,v2.12,50,CONTINUE
R011,H026,v2.12,100,CONTINUE
R011,H027,v2.12,5,CONTINUE
R011,H027,v2.12,25,CONTINUE
R011,H027,v2.12,50,CONTINUE
R011,H027,v2.12,100,CONTINUE
R011,H028,v2.12,5,CONTINUE
R011,H028,v2.12,25,CONTINUE
R011,H028,v2.12,50,CONTINUE
R011,H028,v2.12,100,CONTINUE
R011,H029,v2.12,5,CONTINUE
R011,H029,v2.12,25,CONTINUE
R011,H029,v2.12,50,CONTINUE
R011,H029,v2.12,100,CONTINUE
R011,H030,v2.12,5,CONTINUE
R011,H030,v2.12,25,CONTINUE
R011,H030,v2.12,50,CONTINUE
R011,H030,v2.12,100,CONTINUE
R011,H031,v2.12,5,CONTINUE
R011,H031,v2.12,25,CONTINUE
R011,H031,v2.12,50,CONTINUE
R011,H031,v2.12,100,CONTINUE
R011,H032,v2.12,5,CONTINUE
R011,H032,v2.12,25,CONTINUE
R011,H032,v2.12,50,CONTINUE
R011,H032,v2.12,100,CONTINUE
R011,H033,v2.12,5,CONTINUE
R011,H033,v2.12,25,CONTINUE
R011,H033,v2.12,50,CONTINUE
R011,H033,v2.12,100,CONTINUE
R011,H034,v2.12,5,CONTINUE
R011,H034,v2.12,25,CONTINUE
R011,H034,v2.12,50,CONTINUE
R011,H034,v2.12,100,CONTINUE
R011,H035,v2.12,5,HOLD
R011,H036,v2.12,5,CONTINUE
R011,H036,v2.12,25,CONTINUE
R011,H036,v2.12,50,CONTINUE
R011,H036,v2.12,100,CONTINUE
R011,H037,v2.12,5,CONTINUE
R011,H037,v2.12,25,CONTINUE
R011,H037,v2.12,50,CONTINUE
R011,H037,v2.12,100,CONTINUE
R011,H038,v2.12,5,CONTINUE
R011,H038,v2.12,25,CONTINUE
R011,H038,v2.12,50,CONTINUE
R011,H038,v2.12,100,CONTINUE
R011,H039,v2.12,5,CONTINUE
R011,H039,v2.12,25,CONTINUE
R011,H039,v2.12,50,CONTINUE
R011,H039,v2.12,100,CONTINUE
R011,H040,v2.12,5,CONTINUE
R011,H040,v2.12,25,CONTINUE
R011,H040,v2.12,50,CONTINUE
R011,H040,v2.12,100,CONTINUE
R011,H041,v2.12,5,CONTINUE
R011,H041,v2.12,25,CONTINUE
R011,H041,v2.12,50,CONTINUE
R011,H041,v2.12,100,CONTINUE
R011,H042,v2.12,5,CONTINUE
R011,H042,v2.12,25,CONTINUE
R011,H042,v2.12,50,CONTINUE
R011,H042,v2.12,100,CONTINUE
R011,H043,v2.12,5,CONTINUE
R011,H043,v2.12,25,CONTINUE
R011,H043,v2.12,50,CONTINUE
R011,H043,v2.12,100,CONTINUE
R011,H044,v2.12,5,CONTINUE
R011,H044,v2.12,25,CONTINUE
R011,H044,v2.12,50,CONTINUE
R011,H044,v2.12,100,CONTINUE
R011,H045,v2.12,5,STOP
R011,H046,v2.12,5,CONTINUE
R011,H046,v2.12,25,CONTINUE
R011,H046,v2.12,50,CONTINUE
R011,H046,v2.12,100,CONTINUE
R011,H047,v2.12,5,CONTINUE
R011,H047,v2.12,25,CONTINUE
R011,H047,v2.12,50,CONTINUE
R011,H047,v2.12,100,CONTINUE
R011,H048,v2.12,5,CONTINUE
R011,H048,v2.12,25,CONTINUE
R011,H048,v2.12,50,CONTINUE
R011,H048,v2.12,100,CONTINUE
R011,H049,v2.12,5,CONTINUE
R011,H049,v2.12,25,CONTINUE
R011,H049,v2.12,50,CONTINUE
R011,H049,v2.12,100,CONTINUE
R011,H050,v2.12,5,CONTINUE
R011,H050,v2.12,25,CONTINUE
R011,H050,v2.12,50,CONTINUE
R011,H050,v2.12,100,CONTINUE
R012,H001,v2.13,5,CONTINUE
R012,H001,v2.13,25,CONTINUE
R012,H001,v2.13,50,CONTINUE
R012,H001,v2.13,100,CONTINUE
R012,H002,v2.13,5,CONTINUE
R012,H002,v2.13,25,CONTINUE
R012,H002,v2.13,50,CONTINUE
R012,H002,v2.13,100,CONTINUE
R012,H003,v2.13,5,CONTINUE
R012,H003,v2.13,25,CONTINUE
R012,H003,v2.13,50,CONTINUE
R012,H003,v2.13,100,CONTINUE
R012,H004,v2.13,5,CONTINUE
R012,H004,v2.13,25,CONTINUE
R012,H004,v2.13,50,CONTINUE
R012,H004,v2.13,100,CONTINUE
R012,H005,v2.13,5,CONTINUE
R012,H005,v2.13,25,CONTINUE
R012,H005,v2.13,50,CONTINUE
R012,H005,v2.13,100,CONTINUE
R012,H006,v2.13,5,CONTINUE
R012,H006,v2.13,25,CONTINUE
R012,H006,v2.13,50,CONTINUE
R012,H006,v2.13,100,CONTINUE
R012,H007,v2.13,5,CONTINUE
R012,H007,v2.13,25,CONTINUE
R012,H007,v2.13,50,CONTINUE
R012,H007,v2.13,100,CONTINUE
R012,H008,v2.13,5,CONTINUE
R012,H008,v2.13,25,CONTINUE
R012,H008,v2.13,50,CONTINUE
R012,H008,v2.13,100,CONTINUE
R012,H009,v2.13,5,CONTINUE
R012,H009,v2.13,25,CONTINUE
R012,H009,v2.13,50,CONTINUE
R012,H009,v2.13,100,CONTINUE
R012,H010,v2.13,5,CONTINUE
R012,H010,v2.13,25,CONTINUE
R012,H010,v2.13,50,CONTINUE
R012,H010,v2.13,100,CONTINUE
R012,H011,v2.13,5,CONTINUE
R012,H011,v2.13,25,CONTINUE
R012,H011,v2.13,50,CONTINUE
R012,H011,v2.13,100,CONTINUE
R012,H012,v2.13,5,CONTINUE
R012,H012,v2.13,25,CONTINUE
R012,H012,v2.13,50,CONTINUE
R012,H012,v2.13,100,CONTINUE
R012,H013,v2.13,5,STOP
R012,H014,v2.13,5,CONTINUE
R012,H014,v2.13,25,CONTINUE
R012,H014,v2.13,50,CONTINUE
R012,H014,v2.13,100,CONTINUE
R012,H015,v2.13,5,CONTINUE
R012,H015,v2.13,25,CONTINUE
R012,H015,v2.13,50,CONTINUE
R012,H015,v2.13,100,CONTINUE
R012,H016,v2.13,5,CONTINUE
R012,H016,v2.13,25,CONTINUE
R012,H016,v2.13,50,CONTINUE
R012,H016,v2.13,100,CONTINUE
R012,H017,v2.13,5,CONTINUE
R012,H017,v2.13,25,CONTINUE
R012,H017,v2.13,50,CONTINUE
R012,H017,v2.13,100,CONTINUE
R012,H018,v2.13,5,CONTINUE
R012,H018,v2.13,25,CONTINUE
R012,H018,v2.13,50,CONTINUE
R012,H018,v2.13,100,CONTINUE
R012,H019,v2.13,5,CONTINUE
R012,H019,v2.13,25,CONTINUE
R012,H019,v2.13,50,CONTINUE
R012,H019,v2.13,100,CONTINUE
R012,H020,v2.13,5,CONTINUE
R012,H020,v2.13,25,CONTINUE
R012,H020,v2.13,50,CONTINUE
R012,H020,v2.13,100,CONTINUE
R012,H021,v2.13,5,CONTINUE
R012,H021,v2.13,25,CONTINUE
R012,H021,v2.13,50,CONTINUE
R012,H021,v2.13,100,CONTINUE
R012,H022,v2.13,5,CONTINUE
R012,H022,v2.13,25,CONTINUE
R012,H022,v2.13,50,CONTINUE
R012,H022,v2.13,100,CONTINUE
R012,H023,v2.13,5,CONTINUE
R012,H023,v2.13,25,CONTINUE
R012,H023,v2.13,50,CONTINUE
R012,H023,v2.13,100,CONTINUE
R012,H024,v2.13,5,CONTINUE
R012,H024,v2.13,25,CONTINUE
R012,H024,v2.13,50,CONTINUE
R012,H024,v2.13,100,CONTINUE
R012,H025,v2.13,5,CONTINUE
R012,H025,v2.13,25,CONTINUE
R012,H025,v2.13,50,CONTINUE
R012,H025,v2.13,100,CONTINUE
R012,H026,v2.13,5,CONTINUE
R012,H026,v2.13,25,CONTINUE
R012,H026,v2.13,50,CONTINUE
R012,H026,v2.13,100,CONTINUE
R012,H027,v2.13,5,CONTINUE
R012,H027,v2.13,25,CONTINUE
R012,H027,v2.13,50,CONTINUE
R012,H027,v2.13,100,CONTINUE
R012,H028,v2.13,5,STOP
R012,H029,v2.13,5,CONTINUE
R012,H029,v2.13,25,CONTINUE
R012,H029,v2.13,50,CONTINUE
R012,H029,v2.13,100,CONTINUE
R012,H030,v2.13,5,CONTINUE
R012,H030,v2.13,25,CONTINUE
R012,H030,v2.13,50,CONTINUE
R012,H030,v2.13,100,CONTINUE
R012,H031,v2.13,5,CONTINUE
R012,H031,v2.13,25,CONTINUE
R012,H031,v2.13,50,CONTINUE
R012,H031,v2.13,100,CONTINUE
R012,H032,v2.13,5,CONTINUE
R012,H032,v2.13,25,CONTINUE
R012,H032,v2.13,50,CONTINUE
R012,H032,v2.13,100,CONTINUE
R012,H033,v2.13,5,CONTINUE
R012,H033,v2.13,25,CONTINUE
R012,H033,v2.13,50,CONTINUE
R012,H033,v2.13,100,CONTINUE
R012,H034,v2.13,5,CONTINUE
R012,H034,v2.13,25,CONTINUE
R012,H034,v2.13,50,CONTINUE
R012,H034,v2.13,100,CONTINUE
R012,H035,v2.13,5,STOP
R012,H036,v2.13,5,CONTINUE
R012,H036,v2.13,25,CONTINUE
R012,H036,v2.13,50,CONTINUE
R012,H036,v2.13,100,CONTINUE
R012,H037,v2.13,5,CONTINUE
R012,H037,v2.13,25,CONTINUE
R012,H037,v2.13,50,CONTINUE
R012,H037,v2.13,100,CONTINUE
R012,H038,v2.13,5,CONTINUE
R012,H038,v2.13,25,CONTINUE
R012,H038,v2.13,50,CONTINUE
R012,H038,v2.13,100,CONTINUE
R012,H039,v2.13,5,CONTINUE
R012,H039,v2.13,25,CONTINUE
R012,H039,v2.13,50,CONTINUE
R012,H039,v2.13,100,CONTINUE
R012,H040,v2.13,5,CONTINUE
R012,H040,v2.13,25,CONTINUE
R012,H040,v2.13,50,CONTINUE
R012,H040,v2.13,100,CONTINUE
R012,H041,v2.13,5,CONTINUE
R012,H041,v2.13,25,CONTINUE
R012,H041,v2.13,50,CONTINUE
R012,H041,v2.13,100,CONTINUE
R012,H042,v2.13,5,CONTINUE
R012,H042,v2.13,25,CONTINUE
R012,H042,v2.13,50,CONTINUE
R012,H042,v2.13,100,CONTINUE
R012,H043,v2.13,5,CONTINUE
R012,H043,v2.13,25,CONTINUE
R012,H043,v2.13,50,CONTINUE
R012,H043,v2.13,100,CONTINUE
R012,H044,v2.13,5,STOP
R012,H045,v2.13,5,CONTINUE
R012,H045,v2.13,25,CONTINUE
R012,H045,v2.13,50,CONTINUE
R012,H045,v2.13,100,CONTINUE
R012,H046,v2.13,5,CONTINUE
R012,H046,v2.13,25,CONTINUE
R012,H046,v2.13,50,CONTINUE
R012,H046,v2.13,100,CONTINUE
R012,H047,v2.13,5,CONTINUE
R012,H047,v2.13,25,CONTINUE
R012,H047,v2.13,50,CONTINUE
R012,H047,v2.13,100,CONTINUE
R012,H048,v2.13,5,CONTINUE
R012,H048,v2.13,25,CONTINUE
R012,H048,v2.13,50,CONTINUE
R012,H048,v2.13,100,CONTINUE
R012,H049,v2.13,5,CONTINUE
R012,H049,v2.13,25,CONTINUE
R012,H049,v2.13,50,CONTINUE
R012,H049,v2.13,100,CONTINUE
R012,H050,v2.13,5,CONTINUE
R012,H050,v2.13,25,CONTINUE
R012,H050,v2.13,50,CONTINUE
R012,H050,v2.13,100,CONTINUE
R013,H001,v2.14,5,STOP
R013,H002,v2.14,5,STOP
R013,H003,v2.14,5,STOP
R013,H004,v2.14,5,HOLD
R013,H005,v2.14,5,STOP
R013,H006,v2.14,5,STOP
R013,H007,v2.14,5,STOP
R013,H008,v2.14,5,STOP
R013,H009,v2.14,5,STOP
R013,H010,v2.14,5,STOP
R013,H011,v2.14,5,STOP
R013,H012,v2.14,5,STOP
R013,H013,v2.14,5,HOLD
R013,H014,v2.14,5,STOP
R013,H015,v2.14,5,STOP
R013,H016,v2.14,5,STOP
R013,H017,v2.14,5,STOP
R013,H018,v2.14,5,STOP
R013,H019,v2.14,5,STOP
R013,H020,v2.14,5,STOP
R013,H021,v2.14,5,STOP
R013,H022,v2.14,5,STOP
R013,H023,v2.14,5,STOP
R013,H024,v2.14,5,STOP
R013,H025,v2.14,5,STOP
R013,H026,v2.14,5,STOP
R013,H027,v2.14,5,STOP
R013,H028,v2.14,5,STOP
R013,H029,v2.14,5,HOLD
R013,H030,v2.14,5,STOP
R013,H031,v2.14,5,STOP
R013,H032,v2.14,5,STOP
R013,H033,v2.14,5,STOP
R013,H034,v2.14,5,STOP
R013,H035,v2.14,5,STOP
R013,H036,v2.14,5,HOLD
R013,H037,v2.14,5,STOP
R013,H038,v2.14,5,STOP
R013,H039,v2.14,5,STOP
R013,H040,v2.14,5,STOP
R013,H041,v2.14,5,STOP
R013,H042,v2.14,5,STOP
R013,H043,v2.14,5,STOP
R013,H044,v2.14,5,STOP
R013,H045,v2.14,5,STOP
R013,H046,v2.14,5,HOLD
R013,H047,v2.14,5,STOP
R013,H048,v2.14,5,HOLD
R013,H049,v2.14,5,HOLD
R013,H050,v2.14,5,STOP
R014,H001,v2.15,5,CONTINUE
R014,H001,v2.15,25,CONTINUE
R014,H001,v2.15,50,CONTINUE
R014,H001,v2.15,100,CONTINUE
R014,H002,v2.15,5,CONTINUE
R014,H002,v2.15,25,CONTINUE
R014,H002,v2.15,50,CONTINUE
R014,H002,v2.15,100,CONTINUE
R014,H003,v2.15,5,HOLD
R014,H004,v2.15,5,CONTINUE
R014,H004,v2.15,25,CONTINUE
R014,H004,v2.15,50,CONTINUE
R014,H004,v2.15,100,CONTINUE
R014,H005,v2.15,5,CONTINUE
R014,H005,v2.15,25,CONTINUE
R014,H005,v2.15,50,CONTINUE
R014,H005,v2.15,100,CONTINUE
R014,H006,v2.15,5,CONTINUE
R014,H006,v2.15,25,CONTINUE
R014,H006,v2.15,50,CONTINUE
R014,H006,v2.15,100,CONTINUE
R014,H007,v2.15,5,CONTINUE
R014,H007,v2.15,25,CONTINUE
R014,H007,v2.15,50,CONTINUE
R014,H007,v2.15,100,CONTINUE
R014,H008,v2.15,5,CONTINUE
R014,H008,v2.15,25,CONTINUE
R014,H008,v2.15,50,CONTINUE
R014,H008,v2.15,100,CONTINUE
R014,H009,v2.15,5,CONTINUE
R014,H009,v2.15,25,CONTINUE
R014,H009,v2.15,50,CONTINUE
R014,H009,v2.15,100,CONTINUE
R014,H010,v2.15,5,CONTINUE
R014,H010,v2.15,25,CONTINUE
R014,H010,v2.15,50,CONTINUE
R014,H010,v2.15,100,CONTINUE
R014,H011,v2.15,5,CONTINUE
R014,H011,v2.15,25,CONTINUE
R014,H011,v2.15,50,CONTINUE
R014,H011,v2.15,100,CONTINUE
R014,H012,v2.15,5,CONTINUE
R014,H012,v2.15,25,CONTINUE
R014,H012,v2.15,50,CONTINUE
R014,H012,v2.15,100,CONTINUE
R014,H013,v2.15,5,CONTINUE
R014,H013,v2.15,25,CONTINUE
R014,H013,v2.15,50,CONTINUE
R014,H013,v2.15,100,CONTINUE
R014,H014,v2.15,5,CONTINUE
R014,H014,v2.15,25,CONTINUE
R014,H014,v2.15,50,CONTINUE
R014,H014,v2.15,100,CONTINUE
R014,H015,v2.15,5,CONTINUE
R014,H015,v2.15,25,CONTINUE
R014,H015,v2.15,50,CONTINUE
R014,H015,v2.15,100,CONTINUE
R014,H016,v2.15,5,CONTINUE
R014,H016,v2.15,25,CONTINUE
R014,H016,v2.15,50,CONTINUE
R014,H016,v2.15,100,CONTINUE
R014,H017,v2.15,5,CONTINUE
R014,H017,v2.15,25,CONTINUE
R014,H017,v2.15,50,CONTINUE
R014,H017,v2.15,100,CONTINUE
R014,H018,v2.15,5,CONTINUE
R014,H018,v2.15,25,CONTINUE
R014,H018,v2.15,50,CONTINUE
R014,H018,v2.15,100,CONTINUE
R014,H019,v2.15,5,CONTINUE
R014,H019,v2.15,25,CONTINUE
R014,H019,v2.15,50,CONTINUE
R014,H019,v2.15,100,CONTINUE
R014,H020,v2.15,5,CONTINUE
R014,H020,v2.15,25,CONTINUE
R014,H020,v2.15,50,CONTINUE
R014,H020,v2.15,100,CONTINUE
R014,H021,v2.15,5,CONTINUE
R014,H021,v2.15,25,CONTINUE
R014,H021,v2.15,50,CONTINUE
R014,H021,v2.15,100,CONTINUE
R014,H022,v2.15,5,CONTINUE
R014,H022,v2.15,25,CONTINUE
R014,H022,v2.15,50,CONTINUE
R014,H022,v2.15,100,CONTINUE
R014,H023,v2.15,5,CONTINUE
R014,H023,v2.15,25,CONTINUE
R014,H023,v2.15,50,CONTINUE
R014,H023,v2.15,100,CONTINUE
R014,H024,v2.15,5,CONTINUE
R014,H024,v2.15,25,CONTINUE
R014,H024,v2.15,50,CONTINUE
R014,H024,v2.15,100,CONTINUE
R014,H025,v2.15,5,CONTINUE
R014,H025,v2.15,25,CONTINUE
R014,H025,v2.15,50,CONTINUE
R014,H025,v2.15,100,CONTINUE
R014,H026,v2.15,5,CONTINUE
R014,H026,v2.15,25,CONTINUE
R014,H026,v2.15,50,CONTINUE
R014,H026,v2.15,100,CONTINUE
R014,H027,v2.15,5,CONTINUE
R014,H027,v2.15,25,CONTINUE
R014,H027,v2.15,50,CONTINUE
R014,H027,v2.15,100,CONTINUE
R014,H028,v2.15,5,CONTINUE
R014,H028,v2.15,25,CONTINUE
R014,H028,v2.15,50,CONTINUE
R014,H028,v2.15,100,CONTINUE
R014,H029,v2.15,5,CONTINUE
R014,H029,v2.15,25,CONTINUE
R014,H029,v2.15,50,CONTINUE
R014,H029,v2.15,100,CONTINUE
R014,H030,v2.15,5,CONTINUE
R014,H030,v2.15,25,CONTINUE
R014,H030,v2.15,50,CONTINUE
R014,H030,v2.15,100,CONTINUE
R014,H031,v2.15,5,STOP
R014,H032,v2.15,5,CONTINUE
R014,H032,v2.15,25,CONTINUE
R014,H032,v2.15,50,CONTINUE
R014,H032,v2.15,100,CONTINUE
R014,H033,v2.15,5,CONTINUE
R014,H033,v2.15,25,CONTINUE
R014,H033,v2.15,50,CONTINUE
R014,H033,v2.15,100,CONTINUE
R014,H034,v2.15,5,CONTINUE
R014,H034,v2.15,25,CONTINUE
R014,H034,v2.15,50,CONTINUE
R014,H034,v2.15,100,CONTINUE
R014,H035,v2.15,5,CONTINUE
R014,H035,v2.15,25,CONTINUE
R014,H035,v2.15,50,CONTINUE
R014,H035,v2.15,100,CONTINUE
R014,H036,v2.15,5,CONTINUE
R014,H036,v2.15,25,CONTINUE
R014,H036,v2.15,50,CONTINUE
R014,H036,v2.15,100,CONTINUE
R014,H037,v2.15,5,CONTINUE
R014,H037,v2.15,25,CONTINUE
R014,H037,v2.15,50,CONTINUE
R014,H037,v2.15,100,CONTINUE
R014,H038,v2.15,5,CONTINUE
R014,H038,v2.15,25,CONTINUE
R014,H038,v2.15,50,CONTINUE
R014,H038,v2.15,100,CONTINUE
R014,H039,v2.15,5,CONTINUE
R014,H039,v2.15,25,CONTINUE
R014,H039,v2.15,50,CONTINUE
R014,H039,v2.15,100,CONTINUE
R014,H040,v2.15,5,CONTINUE
R014,H040,v2.15,25,CONTINUE
R014,H040,v2.15,50,CONTINUE
R014,H040,v2.15,100,CONTINUE
R014,H041,v2.15,5,CONTINUE
R014,H041,v2.15,25,CONTINUE
R014,H041,v2.15,50,CONTINUE
R014,H041,v2.15,100,CONTINUE
R014,H042,v2.15,5,CONTINUE
R014,H042,v2.15,25,CONTINUE
R014,H042,v2.15,50,CONTINUE
R014,H042,v2.15,100,CONTINUE
R014,H043,v2.15,5,CONTINUE
R014,H043,v2.15,25,CONTINUE
R014,H043,v2.15,50,CONTINUE
R014,H043,v2.15,100,CONTINUE
R014,H044,v2.15,5,CONTINUE
R014,H044,v2.15,25,CONTINUE
R014,H044,v2.15,50,CONTINUE
R014,H044,v2.15,100,CONTINUE
R014,H045,v2.15,5,CONTINUE
R014,H045,v2.15,25,CONTINUE
R014,H045,v2.15,50,CONTINUE
R014,H045,v2.15,100,CONTINUE
R014,H046,v2.15,5,CONTINUE
R014,H046,v2.15,25,CONTINUE
R014,H046,v2.15,50,CONTINUE
R014,H046,v2.15,100,CONTINUE
R014,H047,v2.15,5,STOP
R014,H048,v2.15,5,CONTINUE
R014,H048,v2.15,25,CONTINUE
R014,H048,v2.15,50,CONTINUE
R014,H048,v2.15,100,CONTINUE
R014,H049,v2.15,5,CONTINUE
R014,H049,v2.15,25,CONTINUE
R014,H049,v2.15,50,CONTINUE
R014,H049,v2.15,100,CONTINUE
R014,H050,v2.15,5,CONTINUE
R014,H050,v2.15,25,CONTINUE
R014,H050,v2.15,50,CONTINUE
R014,H050,v2.15,100,CONTINUE
R015,H001,v2.16,5,CONTINUE
R015,H001,v2.16,25,CONTINUE
R015,H001,v2.16,50,CONTINUE
R015,H001,v2.16,100,CONTINUE
R015,H002,v2.16,5,CONTINUE
R015,H002,v2.16,25,CONTINUE
R015,H002,v2.16,50,CONTINUE
R015,H002,v2.16,100,CONTINUE
R015,H003,v2.16,5,CONTINUE
R015,H003,v2.16,25,CONTINUE
R015,H003,v2.16,50,CONTINUE
R015,H003,v2.16,100,CONTINUE
R015,H004,v2.16,5,CONTINUE
R015,H004,v2.16,25,CONTINUE
R015,H004,v2.16,50,CONTINUE
R015,H004,v2.16,100,CONTINUE
R015,H005,v2.16,5,CONTINUE
R015,H005,v2.16,25,CONTINUE
R015,H005,v2.16,50,CONTINUE
R015,H005,v2.16,100,CONTINUE
R015,H006,v2.16,5,CONTINUE
R015,H006,v2.16,25,CONTINUE
R015,H006,v2.16,50,CONTINUE
R015,H006,v2.16,100,CONTINUE
R015,H007,v2.16,5,CONTINUE
R015,H007,v2.16,25,CONTINUE
R015,H007,v2.16,50,CONTINUE
R015,H007,v2.16,100,CONTINUE
R015,H008,v2.16,5,HOLD
R015,H009,v2.16,5,HOLD
R015,H010,v2.16,5,CONTINUE
R015,H010,v2.16,25,CONTINUE
R015,H010,v2.16,50,CONTINUE
R015,H010,v2.16,100,CONTINUE
R015,H011,v2.16,5,CONTINUE
R015,H011,v2.16,25,CONTINUE
R015,H011,v2.16,50,CONTINUE
R015,H011,v2.16,100,CONTINUE
R015,H012,v2.16,5,CONTINUE
R015,H012,v2.16,25,CONTINUE
R015,H012,v2.16,50,CONTINUE
R015,H012,v2.16,100,CONTINUE
R015,H013,v2.16,5,CONTINUE
R015,H013,v2.16,25,CONTINUE
R015,H013,v2.16,50,CONTINUE
R015,H013,v2.16,100,CONTINUE
R015,H014,v2.16,5,CONTINUE
R015,H014,v2.16,25,CONTINUE
R015,H014,v2.16,50,CONTINUE
R015,H014,v2.16,100,CONTINUE
R015,H015,v2.16,5,CONTINUE
R015,H015,v2.16,25,CONTINUE
R015,H015,v2.16,50,CONTINUE
R015,H015,v2.16,100,CONTINUE
R015,H016,v2.16,5,CONTINUE
R015,H016,v2.16,25,CONTINUE
R015,H016,v2.16,50,CONTINUE
R015,H016,v2.16,100,CONTINUE
R015,H017,v2.16,5,HOLD
R015,H018,v2.16,5,CONTINUE
R015,H018,v2.16,25,CONTINUE
R015,H018,v2.16,50,CONTINUE
R015,H018,v2.16,100,CONTINUE
R015,H019,v2.16,5,CONTINUE
R015,H019,v2.16,25,CONTINUE
R015,H019,v2.16,50,CONTINUE
R015,H019,v2.16,100,CONTINUE
R015,H020,v2.16,5,CONTINUE
R015,H020,v2.16,25,CONTINUE
R015,H020,v2.16,50,CONTINUE
R015,H020,v2.16,100,CONTINUE
R015,H021,v2.16,5,CONTINUE
R015,H021,v2.16,25,CONTINUE
R015,H021,v2.16,50,CONTINUE
R015,H021,v2.16,100,CONTINUE
R015,H022,v2.16,5,CONTINUE
R015,H022,v2.16,25,CONTINUE
R015,H022,v2.16,50,CONTINUE
R015,H022,v2.16,100,CONTINUE
R015,H023,v2.16,5,CONTINUE
R015,H023,v2.16,25,CONTINUE
R015,H023,v2.16,50,CONTINUE
R015,H023,v2.16,100,CONTINUE
R015,H024,v2.16,5,CONTINUE
R015,H024,v2.16,25,CONTINUE
R015,H024,v2.16,50,CONTINUE
R015,H024,v2.16,100,CONTINUE
R015,H025,v2.16,5,CONTINUE
R015,H025,v2.16,25,CONTINUE
R015,H025,v2.16,50,CONTINUE
R015,H025,v2.16,100,CONTINUE
R015,H026,v2.16,5,CONTINUE
R015,H026,v2.16,25,CONTINUE
R015,H026,v2.16,50,CONTINUE
R015,H026,v2.16,100,CONTINUE
R015,H027,v2.16,5,CONTINUE
R015,H027,v2.16,25,CONTINUE
R015,H027,v2.16,50,CONTINUE
R015,H027,v2.16,100,CONTINUE
R015,H028,v2.16,5,CONTINUE
R015,H028,v2.16,25,CONTINUE
R015,H028,v2.16,50,CONTINUE
R015,H028,v2.16,100,CONTINUE
R015,H029,v2.16,5,CONTINUE
R015,H029,v2.16,25,CONTINUE
R015,H029,v2.16,50,CONTINUE
R015,H029,v2.16,100,CONTINUE
R015,H030,v2.16,5,CONTINUE
R015,H030,v2.16,25,CONTINUE
R015,H030,v2.16,50,CONTINUE
R015,H030,v2.16,100,CONTINUE
R015,H031,v2.16,5,CONTINUE
R015,H031,v2.16,25,CONTINUE
R015,H031,v2.16,50,CONTINUE
R015,H031,v2.16,100,CONTINUE
R015,H032,v2.16,5,CONTINUE
R015,H032,v2.16,25,CONTINUE
R015,H032,v2.16,50,CONTINUE
R015,H032,v2.16,100,CONTINUE
R015,H033,v2.16,5,CONTINUE
R015,H033,v2.16,25,CONTINUE
R015,H033,v2.16,50,CONTINUE
R015,H033,v2.16,100,CONTINUE
R015,H034,v2.16,5,CONTINUE
R015,H034,v2.16,25,CONTINUE
R015,H034,v2.16,50,CONTINUE
R015,H034,v2.16,100,CONTINUE
R015,H035,v2.16,5,CONTINUE
R015,H035,v2.16,25,CONTINUE
R015,H035,v2.16,50,CONTINUE
R015,H035,v2.16,100,CONTINUE
R015,H036,v2.16,5,CONTINUE
R015,H036,v2.16,25,CONTINUE
R015,H036,v2.16,50,CONTINUE
R015,H036,v2.16,100,CONTINUE
R015,H037,v2.16,5,CONTINUE
R015,H037,v2.16,25,CONTINUE
R015,H037,v2.16,50,CONTINUE
R015,H037,v2.16,100,CONTINUE
R015,H038,v2.16,5,CONTINUE
R015,H038,v2.16,25,CONTINUE
R015,H038,v2.16,50,CONTINUE
R015,H038,v2.16,100,CONTINUE
R015,H039,v2.16,5,CONTINUE
R015,H039,v2.16,25,CONTINUE
R015,H039,v2.16,50,CONTINUE
R015,H039,v2.16,100,CONTINUE
R015,H040,v2.16,5,CONTINUE
R015,H040,v2.16,25,CONTINUE
R015,H040,v2.16,50,CONTINUE
R015,H040,v2.16,100,CONTINUE
R015,H041,v2.16,5,STOP
R015,H042,v2.16,5,CONTINUE
R015,H042,v2.16,25,CONTINUE
R015,H042,v2.16,50,CONTINUE
R015,H042,v2.16,100,CONTINUE
R015,H043,v2.16,5,CONTINUE
R015,H043,v2.16,25,CONTINUE
R015,H043,v2.16,50,CONTINUE
R015,H043,v2.16,100,CONTINUE
R015,H044,v2.16,5,CONTINUE
R015,H044,v2.16,25,CONTINUE
R015,H044,v2.16,50,CONTINUE
R015,H044,v2.16,100,CONTINUE
R015,H045,v2.16,5,CONTINUE
R015,H045,v2.16,25,CONTINUE
R015,H045,v2.16,50,CONTINUE
R015,H045,v2.16,100,CONTINUE
R015,H046,v2.16,5,CONTINUE
R015,H046,v2.16,25,CONTINUE
R015,H046,v2.16,50,CONTINUE
R015,H046,v2.16,100,CONTINUE
R015,H047,v2.16,5,CONTINUE
R015,H047,v2.16,25,CONTINUE
R015,H047,v2.16,50,CONTINUE
R015,H047,v2.16,100,CONTINUE
R015,H048,v2.16,5,CONTINUE
R015,H048,v2.16,25,CONTINUE
R015,H048,v2.16,50,CONTINUE
R015,H048,v2.16,100,CONTINUE
R015,H049,v2.16,5,CONTINUE
R015,H049,v2.16,25,CONTINUE
R015,H049,v2.16,50,CONTINUE
R015,H049,v2.16,100,CONTINUE
R015,H050,v2.16,5,HOLD
R016,H001,v2.17,5,CONTINUE
R016,H001,v2.17,25,CONTINUE
R016,H001,v2.17,50,CONTINUE
R016,H001,v2.17,100,CONTINUE
R016,H002,v2.17,5,CONTINUE
R016,H002,v2.17,25,CONTINUE
R016,H002,v2.17,50,CONTINUE
R016,H002,v2.17,100,CONTINUE
R016,H003,v2.17,5,CONTINUE
R016,H003,v2.17,25,CONTINUE
R016,H003,v2.17,50,CONTINUE
R016,H003,v2.17,100,CONTINUE
R016,H004,v2.17,5,CONTINUE
R016,H004,v2.17,25,CONTINUE
R016,H004,v2.17,50,CONTINUE
R016,H004,v2.17,100,CONTINUE
R016,H005,v2.17,5,CONTINUE
R016,H005,v2.17,25,CONTINUE
R016,H005,v2.17,50,CONTINUE
R016,H005,v2.17,100,CONTINUE
R016,H006,v2.17,5,CONTINUE
R016,H006,v2.17,25,CONTINUE
R016,H006,v2.17,50,CONTINUE
R016,H006,v2.17,100,CONTINUE
R016,H007,v2.17,5,CONTINUE
R016,H007,v2.17,25,CONTINUE
R016,H007,v2.17,50,CONTINUE
R016,H007,v2.17,100,CONTINUE
R016,H008,v2.17,5,CONTINUE
R016,H008,v2.17,25,CONTINUE
R016,H008,v2.17,50,CONTINUE
R016,H008,v2.17,100,CONTINUE
R016,H009,v2.17,5,CONTINUE
R016,H009,v2.17,25,CONTINUE
R016,H009,v2.17,50,CONTINUE
R016,H009,v2.17,100,CONTINUE
R016,H010,v2.17,5,CONTINUE
R016,H010,v2.17,25,CONTINUE
R016,H010,v2.17,50,CONTINUE
R016,H010,v2.17,100,CONTINUE
R016,H011,v2.17,5,CONTINUE
R016,H011,v2.17,25,CONTINUE
R016,H011,v2.17,50,CONTINUE
R016,H011,v2.17,100,CONTINUE
R016,H012,v2.17,5,CONTINUE
R016,H012,v2.17,25,CONTINUE
R016,H012,v2.17,50,CONTINUE
R016,H012,v2.17,100,CONTINUE
R016,H013,v2.17,5,CONTINUE
R016,H013,v2.17,25,CONTINUE
R016,H013,v2.17,50,CONTINUE
R016,H013,v2.17,100,CONTINUE
R016,H014,v2.17,5,CONTINUE
R016,H014,v2.17,25,CONTINUE
R016,H014,v2.17,50,CONTINUE
R016,H014,v2.17,100,CONTINUE
R016,H015,v2.17,5,CONTINUE
R016,H015,v2.17,25,CONTINUE
R016,H015,v2.17,50,CONTINUE
R016,H015,v2.17,100,CONTINUE
R016,H016,v2.17,5,CONTINUE
R016,H016,v2.17,25,CONTINUE
R016,H016,v2.17,50,CONTINUE
R016,H016,v2.17,100,CONTINUE
R016,H017,v2.17,5,CONTINUE
R016,H017,v2.17,25,CONTINUE
R016,H017,v2.17,50,CONTINUE
R016,H017,v2.17,100,CONTINUE
R016,H018,v2.17,5,STOP
R016,H019,v2.17,5,CONTINUE
R016,H019,v2.17,25,CONTINUE
R016,H019,v2.17,50,CONTINUE
R016,H019,v2.17,100,CONTINUE
R016,H020,v2.17,5,CONTINUE
R016,H020,v2.17,25,CONTINUE
R016,H020,v2.17,50,CONTINUE
R016,H020,v2.17,100,CONTINUE
R016,H021,v2.17,5,CONTINUE
R016,H021,v2.17,25,CONTINUE
R016,H021,v2.17,50,CONTINUE
R016,H021,v2.17,100,CONTINUE
R016,H022,v2.17,5,CONTINUE
R016,H022,v2.17,25,CONTINUE
R016,H022,v2.17,50,CONTINUE
R016,H022,v2.17,100,CONTINUE
R016,H023,v2.17,5,CONTINUE
R016,H023,v2.17,25,CONTINUE
R016,H023,v2.17,50,CONTINUE
R016,H023,v2.17,100,CONTINUE
R016,H024,v2.17,5,STOP
R016,H025,v2.17,5,CONTINUE
R016,H025,v2.17,25,CONTINUE
R016,H025,v2.17,50,CONTINUE
R016,H025,v2.17,100,CONTINUE
R016,H026,v2.17,5,CONTINUE
R016,H026,v2.17,25,CONTINUE
R016,H026,v2.17,50,CONTINUE
R016,H026,v2.17,100,CONTINUE
R016,H027,v2.17,5,CONTINUE
R016,H027,v2.17,25,CONTINUE
R016,H027,v2.17,50,CONTINUE
R016,H027,v2.17,100,CONTINUE
R016,H028,v2.17,5,CONTINUE
R016,H028,v2.17,25,CONTINUE
R016,H028,v2.17,50,CONTINUE
R016,H028,v2.17,100,CONTINUE
R016,H029,v2.17,5,CONTINUE
R016,H029,v2.17,25,CONTINUE
R016,H029,v2.17,50,CONTINUE
R016,H029,v2.17,100,CONTINUE
R016,H030,v2.17,5,CONTINUE
R016,H030,v2.17,25,CONTINUE
R016,H030,v2.17,50,CONTINUE
R016,H030,v2.17,100,CONTINUE
R016,H031,v2.17,5,CONTINUE
R016,H031,v2.17,25,CONTINUE
R016,H031,v2.17,50,CONTINUE
R016,H031,v2.17,100,CONTINUE
R016,H032,v2.17,5,CONTINUE
R016,H032,v2.17,25,CONTINUE
R016,H032,v2.17,50,CONTINUE
R016,H032,v2.17,100,CONTINUE
R016,H033,v2.17,5,HOLD
R016,H034,v2.17,5,CONTINUE
R016,H034,v2.17,25,CONTINUE
R016,H034,v2.17,50,CONTINUE
R016,H034,v2.17,100,CONTINUE
R016,H035,v2.17,5,CONTINUE
R016,H035,v2.17,25,CONTINUE
R016,H035,v2.17,50,CONTINUE
R016,H035,v2.17,100,CONTINUE
R016,H036,v2.17,5,CONTINUE
R016,H036,v2.17,25,CONTINUE
R016,H036,v2.17,50,CONTINUE
R016,H036,v2.17,100,CONTINUE
R016,H037,v2.17,5,CONTINUE
R016,H037,v2.17,25,CONTINUE
R016,H037,v2.17,50,CONTINUE
R016,H037,v2.17,100,CONTINUE
R016,H038,v2.17,5,CONTINUE
R016,H038,v2.17,25,CONTINUE
R016,H038,v2.17,50,CONTINUE
R016,H038,v2.17,100,CONTINUE
R016,H039,v2.17,5,CONTINUE
R016,H039,v2.17,25,CONTINUE
R016,H039,v2.17,50,CONTINUE
R016,H039,v2.17,100,CONTINUE
R016,H040,v2.17,5,CONTINUE
R016,H040,v2.17,25,CONTINUE
R016,H040,v2.17,50,CONTINUE
R016,H040,v2.17,100,CONTINUE
R016,H041,v2.17,5,CONTINUE
R016,H041,v2.17,25,CONTINUE
R016,H041,v2.17,50,CONTINUE
R016,H041,v2.17,100,CONTINUE
R016,H042,v2.17,5,CONTINUE
R016,H042,v2.17,25,CONTINUE
R016,H042,v2.17,50,CONTINUE
R016,H042,v2.17,100,CONTINUE
R016,H043,v2.17,5,STOP
R016,H044,v2.17,5,CONTINUE
R016,H044,v2.17,25,CONTINUE
R016,H044,v2.17,50,CONTINUE
R016,H044,v2.17,100,CONTINUE
R016,H045,v2.17,5,CONTINUE
R016,H045,v2.17,25,CONTINUE
R016,H045,v2.17,50,CONTINUE
R016,H045,v2.17,100,CONTINUE
R016,H046,v2.17,5,CONTINUE
R016,H046,v2.17,25,CONTINUE
R016,H046,v2.17,50,CONTINUE
R016,H046,v2.17,100,CONTINUE
R016,H047,v2.17,5,CONTINUE
R016,H047,v2.17,25,CONTINUE
R016,H047,v2.17,50,CONTINUE
R016,H047,v2.17,100,CONTINUE
R016,H048,v2.17,5,CONTINUE
R016,H048,v2.17,25,CONTINUE
R016,H048,v2.17,50,CONTINUE
R016,H048,v2.17,100,CONTINUE
R016,H049,v2.17,5,CONTINUE
R016,H049,v2.17,25,CONTINUE
R016,H049,v2.17,50,CONTINUE
R016,H049,v2.17,100,CONTINUE
R016,H050,v2.17,5,CONTINUE
R016,H050,v2.17,25,CONTINUE
R016,H050,v2.17,50,CONTINUE
R016,H050,v2.17,100,CONTINUE
R017,H001,v2.18,5,CONTINUE
R017,H001,v2.18,25,CONTINUE
R017,H001,v2.18,50,CONTINUE
R017,H001,v2.18,100,CONTINUE
R017,H002,v2.18,5,CONTINUE
R017,H002,v2.18,25,CONTINUE
R017,H002,v2.18,50,CONTINUE
R017,H002,v2.18,100,CONTINUE
R017,H003,v2.18,5,CONTINUE
R017,H003,v2.18,25,CONTINUE
R017,H003,v2.18,50,CONTINUE
R017,H003,v2.18,100,CONTINUE
R017,H004,v2.18,5,HOLD
R017,H005,v2.18,5,CONTINUE
R017,H005,v2.18,25,CONTINUE
R017,H005,v2.18,50,CONTINUE
R017,H005,v2.18,100,CONTINUE
R017,H006,v2.18,5,CONTINUE
R017,H006,v2.18,25,CONTINUE
R017,H006,v2.18,50,CONTINUE
R017,H006,v2.18,100,CONTINUE
R017,H007,v2.18,5,CONTINUE
R017,H007,v2.18,25,CONTINUE
R017,H007,v2.18,50,CONTINUE
R017,H007,v2.18,100,CONTINUE
R017,H008,v2.18,5,CONTINUE
R017,H008,v2.18,25,CONTINUE
R017,H008,v2.18,50,CONTINUE
R017,H008,v2.18,100,CONTINUE
R017,H009,v2.18,5,STOP
R017,H010,v2.18,5,CONTINUE
R017,H010,v2.18,25,CONTINUE
R017,H010,v2.18,50,CONTINUE
R017,H010,v2.18,100,CONTINUE
R017,H011,v2.18,5,CONTINUE
R017,H011,v2.18,25,CONTINUE
R017,H011,v2.18,50,CONTINUE
R017,H011,v2.18,100,CONTINUE
R017,H012,v2.18,5,CONTINUE
R017,H012,v2.18,25,CONTINUE
R017,H012,v2.18,50,CONTINUE
R017,H012,v2.18,100,CONTINUE
R017,H013,v2.18,5,CONTINUE
R017,H013,v2.18,25,CONTINUE
R017,H013,v2.18,50,CONTINUE
R017,H013,v2.18,100,CONTINUE
R017,H014,v2.18,5,CONTINUE
R017,H014,v2.18,25,CONTINUE
R017,H014,v2.18,50,CONTINUE
R017,H014,v2.18,100,CONTINUE
R017,H015,v2.18,5,CONTINUE
R017,H015,v2.18,25,CONTINUE
R017,H015,v2.18,50,CONTINUE
R017,H015,v2.18,100,CONTINUE
R017,H016,v2.18,5,CONTINUE
R017,H016,v2.18,25,CONTINUE
R017,H016,v2.18,50,CONTINUE
R017,H016,v2.18,100,CONTINUE
R017,H017,v2.18,5,CONTINUE
R017,H017,v2.18,25,CONTINUE
R017,H017,v2.18,50,CONTINUE
R017,H017,v2.18,100,CONTINUE
R017,H018,v2.18,5,STOP
R017,H019,v2.18,5,CONTINUE
R017,H019,v2.18,25,CONTINUE
R017,H019,v2.18,50,CONTINUE
R017,H019,v2.18,100,CONTINUE
R017,H020,v2.18,5,CONTINUE
R017,H020,v2.18,25,CONTINUE
R017,H020,v2.18,50,CONTINUE
R017,H020,v2.18,100,CONTINUE
R017,H021,v2.18,5,CONTINUE
R017,H021,v2.18,25,CONTINUE
R017,H021,v2.18,50,CONTINUE
R017,H021,v2.18,100,CONTINUE
R017,H022,v2.18,5,CONTINUE
R017,H022,v2.18,25,CONTINUE
R017,H022,v2.18,50,CONTINUE
R017,H022,v2.18,100,CONTINUE
R017,H023,v2.18,5,HOLD
R017,H024,v2.18,5,CONTINUE
R017,H024,v2.18,25,CONTINUE
R017,H024,v2.18,50,CONTINUE
R017,H024,v2.18,100,CONTINUE
R017,H025,v2.18,5,CONTINUE
R017,H025,v2.18,25,CONTINUE
R017,H025,v2.18,50,CONTINUE
R017,H025,v2.18,100,CONTINUE
R017,H026,v2.18,5,CONTINUE
R017,H026,v2.18,25,CONTINUE
R017,H026,v2.18,50,CONTINUE
R017,H026,v2.18,100,CONTINUE
R017,H027,v2.18,5,CONTINUE
R017,H027,v2.18,25,CONTINUE
R017,H027,v2.18,50,CONTINUE
R017,H027,v2.18,100,CONTINUE
R017,H028,v2.18,5,CONTINUE
R017,H028,v2.18,25,CONTINUE
R017,H028,v2.18,50,CONTINUE
R017,H028,v2.18,100,CONTINUE
R017,H029,v2.18,5,CONTINUE
R017,H029,v2.18,25,CONTINUE
R017,H029,v2.18,50,CONTINUE
R017,H029,v2.18,100,CONTINUE
R017,H030,v2.18,5,CONTINUE
R017,H030,v2.18,25,CONTINUE
R017,H030,v2.18,50,CONTINUE
R017,H030,v2.18,100,CONTINUE
R017,H031,v2.18,5,CONTINUE
R017,H031,v2.18,25,CONTINUE
R017,H031,v2.18,50,CONTINUE
R017,H031,v2.18,100,CONTINUE
R017,H032,v2.18,5,CONTINUE
R017,H032,v2.18,25,CONTINUE
R017,H032,v2.18,50,CONTINUE
R017,H032,v2.18,100,CONTINUE
R017,H033,v2.18,5,CONTINUE
R017,H033,v2.18,25,CONTINUE
R017,H033,v2.18,50,CONTINUE
R017,H033,v2.18,100,CONTINUE
R017,H034,v2.18,5,CONTINUE
R017,H034,v2.18,25,CONTINUE
R017,H034,v2.18,50,CONTINUE
R017,H034,v2.18,100,CONTINUE
R017,H035,v2.18,5,CONTINUE
R017,H035,v2.18,25,CONTINUE
R017,H035,v2.18,50,CONTINUE
R017,H035,v2.18,100,CONTINUE
R017,H036,v2.18,5,CONTINUE
R017,H036,v2.18,25,CONTINUE
R017,H036,v2.18,50,CONTINUE
R017,H036,v2.18,100,CONTINUE
R017,H037,v2.18,5,CONTINUE
R017,H037,v2.18,25,CONTINUE
R017,H037,v2.18,50,CONTINUE
R017,H037,v2.18,100,CONTINUE
R017,H038,v2.18,5,CONTINUE
R017,H038,v2.18,25,CONTINUE
R017,H038,v2.18,50,CONTINUE
R017,H038,v2.18,100,CONTINUE
R017,H039,v2.18,5,CONTINUE
R017,H039,v2.18,25,CONTINUE
R017,H039,v2.18,50,CONTINUE
R017,H039,v2.18,100,CONTINUE
R017,H040,v2.18,5,CONTINUE
R017,H040,v2.18,25,CONTINUE
R017,H040,v2.18,50,CONTINUE
R017,H040,v2.18,100,CONTINUE
R017,H041,v2.18,5,CONTINUE
R017,H041,v2.18,25,CONTINUE
R017,H041,v2.18,50,CONTINUE
R017,H041,v2.18,100,CONTINUE
R017,H042,v2.18,5,HOLD
R017,H043,v2.18,5,CONTINUE
R017,H043,v2.18,25,CONTINUE
R017,H043,v2.18,50,CONTINUE
R017,H043,v2.18,100,CONTINUE
R017,H044,v2.18,5,CONTINUE
R017,H044,v2.18,25,CONTINUE
R017,H044,v2.18,50,CONTINUE
R017,H044,v2.18,100,CONTINUE
R017,H045,v2.18,5,CONTINUE
R017,H045,v2.18,25,CONTINUE
R017,H045,v2.18,50,CONTINUE
R017,H045,v2.18,100,CONTINUE
R017,H046,v2.18,5,CONTINUE
R017,H046,v2.18,25,CONTINUE
R017,H046,v2.18,50,CONTINUE
R017,H046,v2.18,100,CONTINUE
R017,H047,v2.18,5,CONTINUE
R017,H047,v2.18,25,CONTINUE
R017,H047,v2.18,50,CONTINUE
R017,H047,v2.18,100,CONTINUE
R017,H048,v2.18,5,CONTINUE
R017,H048,v2.18,25,CONTINUE
R017,H048,v2.18,50,CONTINUE
R017,H048,v2.18,100,CONTINUE
R017,H049,v2.18,5,CONTINUE
R017,H049,v2.18,25,CONTINUE
R017,H049,v2.18,50,CONTINUE
R017,H049,v2.18,100,CONTINUE
R017,H050,v2.18,5,CONTINUE
R017,H050,v2.18,25,CONTINUE
R017,H050,v2.18,50,CONTINUE
R017,H050,v2.18,100,CONTINUE
R018,H001,v2.19,5,CONTINUE
R018,H001,v2.19,25,CONTINUE
R018,H001,v2.19,50,CONTINUE
R018,H001,v2.19,100,CONTINUE
R018,H002,v2.19,5,CONTINUE
R018,H002,v2.19,25,CONTINUE
R018,H002,v2.19,50,CONTINUE
R018,H002,v2.19,100,CONTINUE
R018,H003,v2.19,5,CONTINUE
R018,H003,v2.19,25,CONTINUE
R018,H003,v2.19,50,CONTINUE
R018,H003,v2.19,100,CONTINUE
R018,H004,v2.19,5,CONTINUE
R018,H004,v2.19,25,CONTINUE
R018,H004,v2.19,50,CONTINUE
R018,H004,v2.19,100,CONTINUE
R018,H005,v2.19,5,CONTINUE
R018,H005,v2.19,25,CONTINUE
R018,H005,v2.19,50,CONTINUE
R018,H005,v2.19,100,CONTINUE
R018,H006,v2.19,5,CONTINUE
R018,H006,v2.19,25,CONTINUE
R018,H006,v2.19,50,CONTINUE
R018,H006,v2.19,100,CONTINUE
R018,H007,v2.19,5,CONTINUE
R018,H007,v2.19,25,CONTINUE
R018,H007,v2.19,50,CONTINUE
R018,H007,v2.19,100,CONTINUE
R018,H008,v2.19,5,CONTINUE
R018,H008,v2.19,25,CONTINUE
R018,H008,v2.19,50,CONTINUE
R018,H008,v2.19,100,CONTINUE
R018,H009,v2.19,5,CONTINUE
R018,H009,v2.19,25,CONTINUE
R018,H009,v2.19,50,CONTINUE
R018,H009,v2.19,100,CONTINUE
R018,H010,v2.19,5,STOP
R018,H011,v2.19,5,CONTINUE
R018,H011,v2.19,25,CONTINUE
R018,H011,v2.19,50,CONTINUE
R018,H011,v2.19,100,CONTINUE
R018,H012,v2.19,5,CONTINUE
R018,H012,v2.19,25,CONTINUE
R018,H012,v2.19,50,CONTINUE
R018,H012,v2.19,100,CONTINUE
R018,H013,v2.19,5,CONTINUE
R018,H013,v2.19,25,CONTINUE
R018,H013,v2.19,50,CONTINUE
R018,H013,v2.19,100,CONTINUE
R018,H014,v2.19,5,CONTINUE
R018,H014,v2.19,25,CONTINUE
R018,H014,v2.19,50,CONTINUE
R018,H014,v2.19,100,CONTINUE
R018,H015,v2.19,5,CONTINUE
R018,H015,v2.19,25,CONTINUE
R018,H015,v2.19,50,CONTINUE
R018,H015,v2.19,100,CONTINUE
R018,H016,v2.19,5,CONTINUE
R018,H016,v2.19,25,CONTINUE
R018,H016,v2.19,50,CONTINUE
R018,H016,v2.19,100,CONTINUE
R018,H017,v2.19,5,CONTINUE
R018,H017,v2.19,25,CONTINUE
R018,H017,v2.19,50,CONTINUE
R018,H017,v2.19,100,CONTINUE
R018,H018,v2.19,5,CONTINUE
R018,H018,v2.19,25,CONTINUE
R018,H018,v2.19,50,CONTINUE
R018,H018,v2.19,100,CONTINUE
R018,H019,v2.19,5,CONTINUE
R018,H019,v2.19,25,CONTINUE
R018,H019,v2.19,50,CONTINUE
R018,H019,v2.19,100,CONTINUE
R018,H020,v2.19,5,CONTINUE
R018,H020,v2.19,25,CONTINUE
R018,H020,v2.19,50,CONTINUE
R018,H020,v2.19,100,CONTINUE
R018,H021,v2.19,5,HOLD
R018,H022,v2.19,5,CONTINUE
R018,H022,v2.19,25,CONTINUE
R018,H022,v2.19,50,CONTINUE
R018,H022,v2.19,100,CONTINUE
R018,H023,v2.19,5,CONTINUE
R018,H023,v2.19,25,CONTINUE
R018,H023,v2.19,50,CONTINUE
R018,H023,v2.19,100,CONTINUE
R018,H024,v2.19,5,CONTINUE
R018,H024,v2.19,25,CONTINUE
R018,H024,v2.19,50,CONTINUE
R018,H024,v2.19,100,CONTINUE
R018,H025,v2.19,5,CONTINUE
R018,H025,v2.19,25,CONTINUE
R018,H025,v2.19,50,CONTINUE
R018,H025,v2.19,100,CONTINUE
R018,H026,v2.19,5,CONTINUE
R018,H026,v2.19,25,CONTINUE
R018,H026,v2.19,50,CONTINUE
R018,H026,v2.19,100,CONTINUE
R018,H027,v2.19,5,CONTINUE
R018,H027,v2.19,25,CONTINUE
R018,H027,v2.19,50,CONTINUE
R018,H027,v2.19,100,CONTINUE
R018,H028,v2.19,5,CONTINUE
R018,H028,v2.19,25,CONTINUE
R018,H028,v2.19,50,CONTINUE
R018,H028,v2.19,100,CONTINUE
R018,H029,v2.19,5,CONTINUE
R018,H029,v2.19,25,CONTINUE
R018,H029,v2.19,50,CONTINUE
R018,H029,v2.19,100,CONTINUE
R018,H030,v2.19,5,CONTINUE
R018,H030,v2.19,25,CONTINUE
R018,H030,v2.19,50,CONTINUE
R018,H030,v2.19,100,CONTINUE
R018,H031,v2.19,5,CONTINUE
R018,H031,v2.19,25,CONTINUE
R018,H031,v2.19,50,CONTINUE
R018,H031,v2.19,100,CONTINUE
R018,H032,v2.19,5,CONTINUE
R018,H032,v2.19,25,CONTINUE
R018,H032,v2.19,50,CONTINUE
R018,H032,v2.19,100,CONTINUE
R018,H033,v2.19,5,CONTINUE
R018,H033,v2.19,25,CONTINUE
R018,H033,v2.19,50,CONTINUE
R018,H033,v2.19,100,CONTINUE
R018,H034,v2.19,5,CONTINUE
R018,H034,v2.19,25,CONTINUE
R018,H034,v2.19,50,CONTINUE
R018,H034,v2.19,100,CONTINUE
R018,H035,v2.19,5,CONTINUE
R018,H035,v2.19,25,CONTINUE
R018,H035,v2.19,50,CONTINUE
R018,H035,v2.19,100,CONTINUE
R018,H036,v2.19,5,CONTINUE
R018,H036,v2.19,25,CONTINUE
R018,H036,v2.19,50,CONTINUE
R018,H036,v2.19,100,CONTINUE
R018,H037,v2.19,5,STOP
R018,H038,v2.19,5,CONTINUE
R018,H038,v2.19,25,CONTINUE
R018,H038,v2.19,50,CONTINUE
R018,H038,v2.19,100,CONTINUE
R018,H039,v2.19,5,CONTINUE
R018,H039,v2.19,25,CONTINUE
R018,H039,v2.19,50,CONTINUE
R018,H039,v2.19,100,CONTINUE
R018,H040,v2.19,5,CONTINUE
R018,H040,v2.19,25,CONTINUE
R018,H040,v2.19,50,CONTINUE
R018,H040,v2.19,100,CONTINUE
R018,H041,v2.19,5,CONTINUE
R018,H041,v2.19,25,CONTINUE
R018,H041,v2.19,50,CONTINUE
R018,H041,v2.19,100,CONTINUE
R018,H042,v2.19,5,CONTINUE
R018,H042,v2.19,25,CONTINUE
R018,H042,v2.19,50,CONTINUE
R018,H042,v2.19,100,CONTINUE
R018,H043,v2.19,5,HOLD
R018,H044,v2.19,5,CONTINUE
R018,H044,v2.19,25,CONTINUE
R018,H044,v2.19,50,CONTINUE
R018,H044,v2.19,100,CONTINUE
R018,H045,v2.19,5,CONTINUE
R018,H045,v2.19,25,CONTINUE
R018,H045,v2.19,50,CONTINUE
R018,H045,v2.19,100,CONTINUE
R018,H046,v2.19,5,CONTINUE
R018,H046,v2.19,25,CONTINUE
R018,H046,v2.19,50,CONTINUE
R018,H046,v2.19,100,CONTINUE
R018,H047,v2.19,5,CONTINUE
R018,H047,v2.19,25,CONTINUE
R018,H047,v2.19,50,CONTINUE
R018,H047,v2.19,100,CONTINUE
R018,H048,v2.19,5,CONTINUE
R018,H048,v2.19,25,CONTINUE
R018,H048,v2.19,50,CONTINUE
R018,H048,v2.19,100,CONTINUE
R018,H049,v2.19,5,CONTINUE
R018,H049,v2.19,25,CONTINUE
R018,H049,v2.19,50,CONTINUE
R018,H049,v2.19,100,CONTINUE
R018,H050,v2.19,5,HOLD
R019,H001,v2.20,5,CONTINUE
R019,H001,v2.20,25,CONTINUE
R019,H001,v2.20,50,CONTINUE
R019,H001,v2.20,100,CONTINUE
R019,H002,v2.20,5,HOLD
R019,H003,v2.20,5,CONTINUE
R019,H003,v2.20,25,CONTINUE
R019,H003,v2.20,50,CONTINUE
R019,H003,v2.20,100,CONTINUE
R019,H004,v2.20,5,CONTINUE
R019,H004,v2.20,25,CONTINUE
R019,H004,v2.20,50,CONTINUE
R019,H004,v2.20,100,CONTINUE
R019,H005,v2.20,5,CONTINUE
R019,H005,v2.20,25,CONTINUE
R019,H005,v2.20,50,CONTINUE
R019,H005,v2.20,100,CONTINUE
R019,H006,v2.20,5,CONTINUE
R019,H006,v2.20,25,CONTINUE
R019,H006,v2.20,50,CONTINUE
R019,H006,v2.20,100,CONTINUE
R019,H007,v2.20,5,HOLD
R019,H008,v2.20,5,CONTINUE
R019,H008,v2.20,25,CONTINUE
R019,H008,v2.20,50,CONTINUE
R019,H008,v2.20,100,CONTINUE
R019,H009,v2.20,5,CONTINUE
R019,H009,v2.20,25,CONTINUE
R019,H009,v2.20,50,CONTINUE
R019,H009,v2.20,100,CONTINUE
R019,H010,v2.20,5,CONTINUE
R019,H010,v2.20,25,CONTINUE
R019,H010,v2.20,50,CONTINUE
R019,H010,v2.20,100,CONTINUE
R019,H011,v2.20,5,CONTINUE
R019,H011,v2.20,25,CONTINUE
R019,H011,v2.20,50,CONTINUE
R019,H011,v2.20,100,CONTINUE
R019,H012,v2.20,5,CONTINUE
R019,H012,v2.20,25,CONTINUE
R019,H012,v2.20,50,CONTINUE
R019,H012,v2.20,100,CONTINUE
R019,H013,v2.20,5,CONTINUE
R019,H013,v2.20,25,CONTINUE
R019,H013,v2.20,50,CONTINUE
R019,H013,v2.20,100,CONTINUE
R019,H014,v2.20,5,CONTINUE
R019,H014,v2.20,25,CONTINUE
R019,H014,v2.20,50,CONTINUE
R019,H014,v2.20,100,CONTINUE
R019,H015,v2.20,5,CONTINUE
R019,H015,v2.20,25,CONTINUE
R019,H015,v2.20,50,CONTINUE
R019,H015,v2.20,100,CONTINUE
R019,H016,v2.20,5,CONTINUE
R019,H016,v2.20,25,CONTINUE
R019,H016,v2.20,50,CONTINUE
R019,H016,v2.20,100,CONTINUE
R019,H017,v2.20,5,CONTINUE
R019,H017,v2.20,25,CONTINUE
R019,H017,v2.20,50,CONTINUE
R019,H017,v2.20,100,CONTINUE
R019,H018,v2.20,5,CONTINUE
R019,H018,v2.20,25,CONTINUE
R019,H018,v2.20,50,CONTINUE
R019,H018,v2.20,100,CONTINUE
R019,H019,v2.20,5,CONTINUE
R019,H019,v2.20,25,CONTINUE
R019,H019,v2.20,50,CONTINUE
R019,H019,v2.20,100,CONTINUE
R019,H020,v2.20,5,CONTINUE
R019,H020,v2.20,25,CONTINUE
R019,H020,v2.20,50,CONTINUE
R019,H020,v2.20,100,CONTINUE
R019,H021,v2.20,5,CONTINUE
R019,H021,v2.20,25,CONTINUE
R019,H021,v2.20,50,CONTINUE
R019,H021,v2.20,100,CONTINUE
R019,H022,v2.20,5,CONTINUE
R019,H022,v2.20,25,CONTINUE
R019,H022,v2.20,50,CONTINUE
R019,H022,v2.20,100,CONTINUE
R019,H023,v2.20,5,CONTINUE
R019,H023,v2.20,25,CONTINUE
R019,H023,v2.20,50,CONTINUE
R019,H023,v2.20,100,CONTINUE
R019,H024,v2.20,5,CONTINUE
R019,H024,v2.20,25,CONTINUE
R019,H024,v2.20,50,CONTINUE
R019,H024,v2.20,100,CONTINUE
R019,H025,v2.20,5,CONTINUE
R019,H025,v2.20,25,CONTINUE
R019,H025,v2.20,50,CONTINUE
R019,H025,v2.20,100,CONTINUE
R019,H026,v2.20,5,CONTINUE
R019,H026,v2.20,25,CONTINUE
R019,H026,v2.20,50,CONTINUE
R019,H026,v2.20,100,CONTINUE
R019,H027,v2.20,5,HOLD
R019,H028,v2.20,5,CONTINUE
R019,H028,v2.20,25,CONTINUE
R019,H028,v2.20,50,CONTINUE
R019,H028,v2.20,100,CONTINUE
R019,H029,v2.20,5,CONTINUE
R019,H029,v2.20,25,CONTINUE
R019,H029,v2.20,50,CONTINUE
R019,H029,v2.20,100,CONTINUE
R019,H030,v2.20,5,CONTINUE
R019,H030,v2.20,25,CONTINUE
R019,H030,v2.20,50,CONTINUE
R019,H030,v2.20,100,CONTINUE
R019,H031,v2.20,5,CONTINUE
R019,H031,v2.20,25,CONTINUE
R019,H031,v2.20,50,CONTINUE
R019,H031,v2.20,100,CONTINUE
R019,H032,v2.20,5,CONTINUE
R019,H032,v2.20,25,CONTINUE
R019,H032,v2.20,50,CONTINUE
R019,H032,v2.20,100,CONTINUE
R019,H033,v2.20,5,STOP
R019,H034,v2.20,5,CONTINUE
R019,H034,v2.20,25,CONTINUE
R019,H034,v2.20,50,CONTINUE
R019,H034,v2.20,100,CONTINUE
R019,H035,v2.20,5,CONTINUE
R019,H035,v2.20,25,CONTINUE
R019,H035,v2.20,50,CONTINUE
R019,H035,v2.20,100,CONTINUE
R019,H036,v2.20,5,HOLD
R019,H037,v2.20,5,CONTINUE
R019,H037,v2.20,25,CONTINUE
R019,H037,v2.20,50,CONTINUE
R019,H037,v2.20,100,CONTINUE
R019,H038,v2.20,5,CONTINUE
R019,H038,v2.20,25,CONTINUE
R019,H038,v2.20,50,CONTINUE
R019,H038,v2.20,100,CONTINUE
R019,H039,v2.20,5,CONTINUE
R019,H039,v2.20,25,CONTINUE
R019,H039,v2.20,50,CONTINUE
R019,H039,v2.20,100,CONTINUE
R019,H040,v2.20,5,CONTINUE
R019,H040,v2.20,25,CONTINUE
R019,H040,v2.20,50,CONTINUE
R019,H040,v2.20,100,CONTINUE
R019,H041,v2.20,5,CONTINUE
R019,H041,v2.20,25,CONTINUE
R019,H041,v2.20,50,CONTINUE
R019,H041,v2.20,100,CONTINUE
R019,H042,v2.20,5,CONTINUE
R019,H042,v2.20,25,CONTINUE
R019,H042,v2.20,50,CONTINUE
R019,H042,v2.20,100,CONTINUE
R019,H043,v2.20,5,CONTINUE
R019,H043,v2.20,25,CONTINUE
R019,H043,v2.20,50,CONTINUE
R019,H043,v2.20,100,CONTINUE
R019,H044,v2.20,5,CONTINUE
R019,H044,v2.20,25,CONTINUE
R019,H044,v2.20,50,CONTINUE
R019,H044,v2.20,100,CONTINUE
R019,H045,v2.20,5,CONTINUE
R019,H045,v2.20,25,CONTINUE
R019,H045,v2.20,50,CONTINUE
R019,H045,v2.20,100,CONTINUE
R019,H046,v2.20,5,CONTINUE
R019,H046,v2.20,25,CONTINUE
R019,H046,v2.20,50,CONTINUE
R019,H046,v2.20,100,CONTINUE
R019,H047,v2.20,5,HOLD
R019,H048,v2.20,5,CONTINUE
R019,H048,v2.20,25,CONTINUE
R019,H048,v2.20,50,CONTINUE
R019,H048,v2.20,100,CONTINUE
R019,H049,v2.20,5,CONTINUE
R019,H049,v2.20,25,CONTINUE
R019,H049,v2.20,50,CONTINUE
R019,H049,v2.20,100,CONTINUE
R019,H050,v2.20,5,CONTINUE
R019,H050,v2.20,25,CONTINUE
R019,H050,v2.20,50,CONTINUE
R019,H050,v2.20,100,CONTINUE
R020,H001,v2.21,5,CONTINUE
R020,H001,v2.21,25,CONTINUE
R020,H001,v2.21,50,CONTINUE
R020,H001,v2.21,100,CONTINUE
R020,H002,v2.21,5,CONTINUE
R020,H002,v2.21,25,CONTINUE
R020,H002,v2.21,50,CONTINUE
R020,H002,v2.21,100,CONTINUE
R020,H003,v2.21,5,CONTINUE
R020,H003,v2.21,25,CONTINUE
R020,H003,v2.21,50,CONTINUE
R020,H003,v2.21,100,CONTINUE
R020,H004,v2.21,5,CONTINUE
R020,H004,v2.21,25,CONTINUE
R020,H004,v2.21,50,CONTINUE
R020,H004,v2.21,100,CONTINUE
R020,H005,v2.21,5,CONTINUE
R020,H005,v2.21,25,CONTINUE
R020,H005,v2.21,50,CONTINUE
R020,H005,v2.21,100,CONTINUE
R020,H006,v2.21,5,CONTINUE
R020,H006,v2.21,25,CONTINUE
R020,H006,v2.21,50,CONTINUE
R020,H006,v2.21,100,CONTINUE
R020,H007,v2.21,5,CONTINUE
R020,H007,v2.21,25,CONTINUE
R020,H007,v2.21,50,CONTINUE
R020,H007,v2.21,100,CONTINUE
R020,H008,v2.21,5,CONTINUE
R020,H008,v2.21,25,CONTINUE
R020,H008,v2.21,50,CONTINUE
R020,H008,v2.21,100,CONTINUE
R020,H009,v2.21,5,CONTINUE
R020,H009,v2.21,25,CONTINUE
R020,H009,v2.21,50,CONTINUE
R020,H009,v2.21,100,CONTINUE
R020,H010,v2.21,5,CONTINUE
R020,H010,v2.21,25,CONTINUE
R020,H010,v2.21,50,CONTINUE
R020,H010,v2.21,100,CONTINUE
R020,H011,v2.21,5,HOLD
R020,H012,v2.21,5,CONTINUE
R020,H012,v2.21,25,CONTINUE
R020,H012,v2.21,50,CONTINUE
R020,H012,v2.21,100,CONTINUE
R020,H013,v2.21,5,CONTINUE
R020,H013,v2.21,25,CONTINUE
R020,H013,v2.21,50,CONTINUE
R020,H013,v2.21,100,CONTINUE
R020,H014,v2.21,5,CONTINUE
R020,H014,v2.21,25,CONTINUE
R020,H014,v2.21,50,CONTINUE
R020,H014,v2.21,100,CONTINUE
R020,H015,v2.21,5,CONTINUE
R020,H015,v2.21,25,CONTINUE
R020,H015,v2.21,50,CONTINUE
R020,H015,v2.21,100,CONTINUE
R020,H016,v2.21,5,CONTINUE
R020,H016,v2.21,25,CONTINUE
R020,H016,v2.21,50,CONTINUE
R020,H016,v2.21,100,CONTINUE
R020,H017,v2.21,5,CONTINUE
R020,H017,v2.21,25,CONTINUE
R020,H017,v2.21,50,CONTINUE
R020,H017,v2.21,100,CONTINUE
R020,H018,v2.21,5,CONTINUE
R020,H018,v2.21,25,CONTINUE
R020,H018,v2.21,50,CONTINUE
R020,H018,v2.21,100,CONTINUE
R020,H019,v2.21,5,HOLD
R020,H020,v2.21,5,CONTINUE
R020,H020,v2.21,25,CONTINUE
R020,H020,v2.21,50,CONTINUE
R020,H020,v2.21,100,CONTINUE
R020,H021,v2.21,5,CONTINUE
R020,H021,v2.21,25,CONTINUE
R020,H021,v2.21,50,CONTINUE
R020,H021,v2.21,100,CONTINUE
R020,H022,v2.21,5,CONTINUE
R020,H022,v2.21,25,CONTINUE
R020,H022,v2.21,50,CONTINUE
R020,H022,v2.21,100,CONTINUE
R020,H023,v2.21,5,HOLD
R020,H024,v2.21,5,CONTINUE
R020,H024,v2.21,25,CONTINUE
R020,H024,v2.21,50,CONTINUE
R020,H024,v2.21,100,CONTINUE
R020,H025,v2.21,5,CONTINUE
R020,H025,v2.21,25,CONTINUE
R020,H025,v2.21,50,CONTINUE
R020,H025,v2.21,100,CONTINUE
R020,H026,v2.21,5,CONTINUE
R020,H026,v2.21,25,CONTINUE
R020,H026,v2.21,50,CONTINUE
R020,H026,v2.21,100,CONTINUE
R020,H027,v2.21,5,CONTINUE
R020,H027,v2.21,25,CONTINUE
R020,H027,v2.21,50,CONTINUE
R020,H027,v2.21,100,CONTINUE
R020,H028,v2.21,5,CONTINUE
R020,H028,v2.21,25,CONTINUE
R020,H028,v2.21,50,CONTINUE
R020,H028,v2.21,100,CONTINUE
R020,H029,v2.21,5,CONTINUE
R020,H029,v2.21,25,CONTINUE
R020,H029,v2.21,50,CONTINUE
R020,H029,v2.21,100,CONTINUE
R020,H030,v2.21,5,CONTINUE
R020,H030,v2.21,25,CONTINUE
R020,H030,v2.21,50,CONTINUE
R020,H030,v2.21,100,CONTINUE
R020,H031,v2.21,5,STOP
R020,H032,v2.21,5,CONTINUE
R020,H032,v2.21,25,CONTINUE
R020,H032,v2.21,50,CONTINUE
R020,H032,v2.21,100,CONTINUE
R020,H033,v2.21,5,CONTINUE
R020,H033,v2.21,25,CONTINUE
R020,H033,v2.21,50,CONTINUE
R020,H033,v2.21,100,CONTINUE
R020,H034,v2.21,5,CONTINUE
R020,H034,v2.21,25,CONTINUE
R020,H034,v2.21,50,CONTINUE
R020,H034,v2.21,100,CONTINUE
R020,H035,v2.21,5,CONTINUE
R020,H035,v2.21,25,CONTINUE
R020,H035,v2.21,50,CONTINUE
R020,H035,v2.21,100,CONTINUE
R020,H036,v2.21,5,CONTINUE
R020,H036,v2.21,25,CONTINUE
R020,H036,v2.21,50,CONTINUE
R020,H036,v2.21,100,CONTINUE
R020,H037,v2.21,5,CONTINUE
R020,H037,v2.21,25,CONTINUE
R020,H037,v2.21,50,CONTINUE
R020,H037,v2.21,100,CONTINUE
R020,H038,v2.21,5,CONTINUE
R020,H038,v2.21,25,CONTINUE
R020,H038,v2.21,50,CONTINUE
R020,H038,v2.21,100,CONTINUE
R020,H039,v2.21,5,CONTINUE
R020,H039,v2.21,25,CONTINUE
R020,H039,v2.21,50,CONTINUE
R020,H039,v2.21,100,CONTINUE
R020,H040,v2.21,5,CONTINUE
R020,H040,v2.21,25,CONTINUE
R020,H040,v2.21,50,CONTINUE
R020,H040,v2.21,100,CONTINUE
R020,H041,v2.21,5,CONTINUE
R020,H041,v2.21,25,CONTINUE
R020,H041,v2.21,50,CONTINUE
R020,H041,v2.21,100,CONTINUE
R020,H042,v2.21,5,CONTINUE
R020,H042,v2.21,25,CONTINUE
R020,H042,v2.21,50,CONTINUE
R020,H042,v2.21,100,CONTINUE
R020,H043,v2.21,5,CONTINUE
R020,H043,v2.21,25,CONTINUE
R020,H043,v2.21,50,CONTINUE
R020,H043,v2.21,100,CONTINUE
R020,H044,v2.21,5,STOP
R020,H045,v2.21,5,CONTINUE
R020,H045,v2.21,25,CONTINUE
R020,H045,v2.21,50,CONTINUE
R020,H045,v2.21,100,CONTINUE
R020,H046,v2.21,5,CONTINUE
R020,H046,v2.21,25,CONTINUE
R020,H046,v2.21,50,CONTINUE
R020,H046,v2.21,100,CONTINUE
R020,H047,v2.21,5,CONTINUE
R020,H047,v2.21,25,CONTINUE
R020,H047,v2.21,50,CONTINUE
R020,H047,v2.21,100,CONTINUE
R020,H048,v2.21,5,CONTINUE
R020,H048,v2.21,25,CONTINUE
R020,H048,v2.21,50,CONTINUE
R020,H048,v2.21,100,CONTINUE
R020,H049,v2.21,5,CONTINUE
R020,H049,v2.21,25,CONTINUE
R020,H049,v2.21,50,CONTINUE
R020,H049,v2.21,100,CONTINUE
R020,H050,v2.21,5,CONTINUE
R020,H050,v2.21,25,CONTINUE
R020,H050,v2.21,50,CONTINUE
R020,H050,v2.21,100,CONTINUE
R021,H001,v2.22,5,CONTINUE
R021,H001,v2.22,25,CONTINUE
R021,H001,v2.22,50,CONTINUE
R021,H001,v2.22,100,CONTINUE
R021,H002,v2.22,5,CONTINUE
R021,H002,v2.22,25,CONTINUE
R021,H002,v2.22,50,CONTINUE
R021,H002,v2.22,100,CONTINUE
R021,H003,v2.22,5,CONTINUE
R021,H003,v2.22,25,CONTINUE
R021,H003,v2.22,50,CONTINUE
R021,H003,v2.22,100,CONTINUE
R021,H004,v2.22,5,CONTINUE
R021,H004,v2.22,25,CONTINUE
R021,H004,v2.22,50,CONTINUE
R021,H004,v2.22,100,CONTINUE
R021,H005,v2.22,5,CONTINUE
R021,H005,v2.22,25,CONTINUE
R021,H005,v2.22,50,CONTINUE
R021,H005,v2.22,100,CONTINUE
R021,H006,v2.22,5,CONTINUE
R021,H006,v2.22,25,CONTINUE
R021,H006,v2.22,50,CONTINUE
R021,H006,v2.22,100,CONTINUE
R021,H007,v2.22,5,CONTINUE
R021,H007,v2.22,25,CONTINUE
R021,H007,v2.22,50,CONTINUE
R021,H007,v2.22,100,CONTINUE
R021,H008,v2.22,5,HOLD
R021,H009,v2.22,5,CONTINUE
R021,H009,v2.22,25,CONTINUE
R021,H009,v2.22,50,CONTINUE
R021,H009,v2.22,100,CONTINUE
R021,H010,v2.22,5,CONTINUE
R021,H010,v2.22,25,CONTINUE
R021,H010,v2.22,50,CONTINUE
R021,H010,v2.22,100,CONTINUE
R021,H011,v2.22,5,CONTINUE
R021,H011,v2.22,25,CONTINUE
R021,H011,v2.22,50,CONTINUE
R021,H011,v2.22,100,CONTINUE
R021,H012,v2.22,5,CONTINUE
R021,H012,v2.22,25,CONTINUE
R021,H012,v2.22,50,CONTINUE
R021,H012,v2.22,100,CONTINUE
R021,H013,v2.22,5,CONTINUE
R021,H013,v2.22,25,CONTINUE
R021,H013,v2.22,50,CONTINUE
R021,H013,v2.22,100,CONTINUE
R021,H014,v2.22,5,CONTINUE
R021,H014,v2.22,25,CONTINUE
R021,H014,v2.22,50,CONTINUE
R021,H014,v2.22,100,CONTINUE
R021,H015,v2.22,5,HOLD
R021,H016,v2.22,5,CONTINUE
R021,H016,v2.22,25,CONTINUE
R021,H016,v2.22,50,CONTINUE
R021,H016,v2.22,100,CONTINUE
R021,H017,v2.22,5,CONTINUE
R021,H017,v2.22,25,CONTINUE
R021,H017,v2.22,50,CONTINUE
R021,H017,v2.22,100,CONTINUE
R021,H018,v2.22,5,CONTINUE
R021,H018,v2.22,25,CONTINUE
R021,H018,v2.22,50,CONTINUE
R021,H018,v2.22,100,CONTINUE
R021,H019,v2.22,5,CONTINUE
R021,H019,v2.22,25,CONTINUE
R021,H019,v2.22,50,CONTINUE
R021,H019,v2.22,100,CONTINUE
R021,H020,v2.22,5,CONTINUE
R021,H020,v2.22,25,CONTINUE
R021,H020,v2.22,50,CONTINUE
R021,H020,v2.22,100,CONTINUE
R021,H021,v2.22,5,CONTINUE
R021,H021,v2.22,25,CONTINUE
R021,H021,v2.22,50,CONTINUE
R021,H021,v2.22,100,CONTINUE
R021,H022,v2.22,5,CONTINUE
R021,H022,v2.22,25,CONTINUE
R021,H022,v2.22,50,CONTINUE
R021,H022,v2.22,100,CONTINUE
R021,H023,v2.22,5,CONTINUE
R021,H023,v2.22,25,CONTINUE
R021,H023,v2.22,50,CONTINUE
R021,H023,v2.22,100,CONTINUE
R021,H024,v2.22,5,CONTINUE
R021,H024,v2.22,25,CONTINUE
R021,H024,v2.22,50,CONTINUE
R021,H024,v2.22,100,CONTINUE
R021,H025,v2.22,5,CONTINUE
R021,H025,v2.22,25,CONTINUE
R021,H025,v2.22,50,CONTINUE
R021,H025,v2.22,100,CONTINUE
R021,H026,v2.22,5,CONTINUE
R021,H026,v2.22,25,CONTINUE
R021,H026,v2.22,50,CONTINUE
R021,H026,v2.22,100,CONTINUE
R021,H027,v2.22,5,CONTINUE
R021,H027,v2.22,25,CONTINUE
R021,H027,v2.22,50,CONTINUE
R021,H027,v2.22,100,CONTINUE
R021,H028,v2.22,5,CONTINUE
R021,H028,v2.22,25,CONTINUE
R021,H028,v2.22,50,CONTINUE
R021,H028,v2.22,100,CONTINUE
R021,H029,v2.22,5,CONTINUE
R021,H029,v2.22,25,CONTINUE
R021,H029,v2.22,50,CONTINUE
R021,H029,v2.22,100,CONTINUE
R021,H030,v2.22,5,CONTINUE
R021,H030,v2.22,25,CONTINUE
R021,H030,v2.22,50,CONTINUE
R021,H030,v2.22,100,CONTINUE
R021,H031,v2.22,5,CONTINUE
R021,H031,v2.22,25,CONTINUE
R021,H031,v2.22,50,CONTINUE
R021,H031,v2.22,100,CONTINUE
R021,H032,v2.22,5,CONTINUE
R021,H032,v2.22,25,CONTINUE
R021,H032,v2.22,50,CONTINUE
R021,H032,v2.22,100,CONTINUE
R021,H033,v2.22,5,CONTINUE
R021,H033,v2.22,25,CONTINUE
R021,H033,v2.22,50,CONTINUE
R021,H033,v2.22,100,CONTINUE
R021,H034,v2.22,5,CONTINUE
R021,H034,v2.22,25,CONTINUE
R021,H034,v2.22,50,CONTINUE
R021,H034,v2.22,100,CONTINUE
R021,H035,v2.22,5,STOP
R021,H036,v2.22,5,CONTINUE
R021,H036,v2.22,25,CONTINUE
R021,H036,v2.22,50,CONTINUE
R021,H036,v2.22,100,CONTINUE
R021,H037,v2.22,5,CONTINUE
R021,H037,v2.22,25,CONTINUE
R021,H037,v2.22,50,CONTINUE
R021,H037,v2.22,100,CONTINUE
R021,H038,v2.22,5,CONTINUE
R021,H038,v2.22,25,CONTINUE
R021,H038,v2.22,50,CONTINUE
R021,H038,v2.22,100,CONTINUE
R021,H039,v2.22,5,CONTINUE
R021,H039,v2.22,25,CONTINUE
R021,H039,v2.22,50,CONTINUE
R021,H039,v2.22,100,CONTINUE
R021,H040,v2.22,5,CONTINUE
R021,H040,v2.22,25,CONTINUE
R021,H040,v2.22,50,CONTINUE
R021,H040,v2.22,100,CONTINUE
R021,H041,v2.22,5,CONTINUE
R021,H041,v2.22,25,CONTINUE
R021,H041,v2.22,50,CONTINUE
R021,H041,v2.22,100,CONTINUE
R021,H042,v2.22,5,CONTINUE
R021,H042,v2.22,25,CONTINUE
R021,H042,v2.22,50,CONTINUE
R021,H042,v2.22,100,CONTINUE
R021,H043,v2.22,5,CONTINUE
R021,H043,v2.22,25,CONTINUE
R021,H043,v2.22,50,CONTINUE
R021,H043,v2.22,100,CONTINUE
R021,H044,v2.22,5,CONTINUE
R021,H044,v2.22,25,CONTINUE
R021,H044,v2.22,50,CONTINUE
R021,H044,v2.22,100,CONTINUE
R021,H045,v2.22,5,CONTINUE
R021,H045,v2.22,25,CONTINUE
R021,H045,v2.22,50,CONTINUE
R021,H045,v2.22,100,CONTINUE
R021,H046,v2.22,5,HOLD
R021,H047,v2.22,5,CONTINUE
R021,H047,v2.22,25,CONTINUE
R021,H047,v2.22,50,CONTINUE
R021,H047,v2.22,100,CONTINUE
R021,H048,v2.22,5,CONTINUE
R021,H048,v2.22,25,CONTINUE
R021,H048,v2.22,50,CONTINUE
R021,H048,v2.22,100,CONTINUE
R021,H049,v2.22,5,CONTINUE
R021,H049,v2.22,25,CONTINUE
R021,H049,v2.22,50,CONTINUE
R021,H049,v2.22,100,CONTINUE
R021,H050,v2.22,5,CONTINUE
R021,H050,v2.22,25,CONTINUE
R021,H050,v2.22,50,CONTINUE
R021,H050,v2.22,100,CONTINUE
R022,H001,v2.23,5,CONTINUE
R022,H001,v2.23,25,CONTINUE
R022,H001,v2.23,50,CONTINUE
R022,H001,v2.23,100,CONTINUE
R022,H002,v2.23,5,CONTINUE
R022,H002,v2.23,25,CONTINUE
R022,H002,v2.23,50,CONTINUE
R022,H002,v2.23,100,CONTINUE
R022,H003,v2.23,5,CONTINUE
R022,H003,v2.23,25,CONTINUE
R022,H003,v2.23,50,CONTINUE
R022,H003,v2.23,100,CONTINUE
R022,H004,v2.23,5,CONTINUE
R022,H004,v2.23,25,CONTINUE
R022,H004,v2.23,50,CONTINUE
R022,H004,v2.23,100,CONTINUE
R022,H005,v2.23,5,CONTINUE
R022,H005,v2.23,25,CONTINUE
R022,H005,v2.23,50,CONTINUE
R022,H005,v2.23,100,CONTINUE
R022,H006,v2.23,5,CONTINUE
R022,H006,v2.23,25,CONTINUE
R022,H006,v2.23,50,CONTINUE
R022,H006,v2.23,100,CONTINUE
R022,H007,v2.23,5,CONTINUE
R022,H007,v2.23,25,CONTINUE
R022,H007,v2.23,50,CONTINUE
R022,H007,v2.23,100,CONTINUE
R022,H008,v2.23,5,CONTINUE
R022,H008,v2.23,25,CONTINUE
R022,H008,v2.23,50,CONTINUE
R022,H008,v2.23,100,CONTINUE
R022,H009,v2.23,5,CONTINUE
R022,H009,v2.23,25,CONTINUE
R022,H009,v2.23,50,CONTINUE
R022,H009,v2.23,100,CONTINUE
R022,H010,v2.23,5,CONTINUE
R022,H010,v2.23,25,CONTINUE
R022,H010,v2.23,50,CONTINUE
R022,H010,v2.23,100,CONTINUE
R022,H011,v2.23,5,CONTINUE
R022,H011,v2.23,25,CONTINUE
R022,H011,v2.23,50,CONTINUE
R022,H011,v2.23,100,CONTINUE
R022,H012,v2.23,5,CONTINUE
R022,H012,v2.23,25,CONTINUE
R022,H012,v2.23,50,CONTINUE
R022,H012,v2.23,100,CONTINUE
R022,H013,v2.23,5,CONTINUE
R022,H013,v2.23,25,CONTINUE
R022,H013,v2.23,50,CONTINUE
R022,H013,v2.23,100,CONTINUE
R022,H014,v2.23,5,CONTINUE
R022,H014,v2.23,25,CONTINUE
R022,H014,v2.23,50,CONTINUE
R022,H014,v2.23,100,CONTINUE
R022,H015,v2.23,5,CONTINUE
R022,H015,v2.23,25,CONTINUE
R022,H015,v2.23,50,CONTINUE
R022,H015,v2.23,100,CONTINUE
R022,H016,v2.23,5,CONTINUE
R022,H016,v2.23,25,CONTINUE
R022,H016,v2.23,50,CONTINUE
R022,H016,v2.23,100,CONTINUE
R022,H017,v2.23,5,CONTINUE
R022,H017,v2.23,25,CONTINUE
R022,H017,v2.23,50,CONTINUE
R022,H017,v2.23,100,CONTINUE
R022,H018,v2.23,5,CONTINUE
R022,H018,v2.23,25,CONTINUE
R022,H018,v2.23,50,CONTINUE
R022,H018,v2.23,100,CONTINUE
R022,H019,v2.23,5,CONTINUE
R022,H019,v2.23,25,CONTINUE
R022,H019,v2.23,50,CONTINUE
R022,H019,v2.23,100,CONTINUE
R022,H020,v2.23,5,CONTINUE
R022,H020,v2.23,25,CONTINUE
R022,H020,v2.23,50,CONTINUE
R022,H020,v2.23,100,CONTINUE
R022,H021,v2.23,5,CONTINUE
R022,H021,v2.23,25,CONTINUE
R022,H021,v2.23,50,CONTINUE
R022,H021,v2.23,100,CONTINUE
R022,H022,v2.23,5,CONTINUE
R022,H022,v2.23,25,CONTINUE
R022,H022,v2.23,50,CONTINUE
R022,H022,v2.23,100,CONTINUE
R022,H023,v2.23,5,CONTINUE
R022,H023,v2.23,25,CONTINUE
R022,H023,v2.23,50,CONTINUE
R022,H023,v2.23,100,CONTINUE
R022,H024,v2.23,5,CONTINUE
R022,H024,v2.23,25,CONTINUE
R022,H024,v2.23,50,CONTINUE
R022,H024,v2.23,100,CONTINUE
R022,H025,v2.23,5,CONTINUE
R022,H025,v2.23,25,CONTINUE
R022,H025,v2.23,50,CONTINUE
R022,H025,v2.23,100,CONTINUE
R022,H026,v2.23,5,CONTINUE
R022,H026,v2.23,25,CONTINUE
R022,H026,v2.23,50,CONTINUE
R022,H026,v2.23,100,CONTINUE
R022,H027,v2.23,5,CONTINUE
R022,H027,v2.23,25,CONTINUE
R022,H027,v2.23,50,CONTINUE
R022,H027,v2.23,100,CONTINUE
R022,H028,v2.23,5,CONTINUE
R022,H028,v2.23,25,CONTINUE
R022,H028,v2.23,50,CONTINUE
R022,H028,v2.23,100,CONTINUE
R022,H029,v2.23,5,CONTINUE
R022,H029,v2.23,25,CONTINUE
R022,H029,v2.23,50,CONTINUE
R022,H029,v2.23,100,CONTINUE
R022,H030,v2.23,5,CONTINUE
R022,H030,v2.23,25,CONTINUE
R022,H030,v2.23,50,CONTINUE
R022,H030,v2.23,100,CONTINUE
R022,H031,v2.23,5,STOP
R022,H032,v2.23,5,CONTINUE
R022,H032,v2.23,25,CONTINUE
R022,H032,v2.23,50,CONTINUE
R022,H032,v2.23,100,CONTINUE
R022,H033,v2.23,5,CONTINUE
R022,H033,v2.23,25,CONTINUE
R022,H033,v2.23,50,CONTINUE
R022,H033,v2.23,100,CONTINUE
R022,H034,v2.23,5,CONTINUE
R022,H034,v2.23,25,CONTINUE
R022,H034,v2.23,50,CONTINUE
R022,H034,v2.23,100,CONTINUE
R022,H035,v2.23,5,CONTINUE
R022,H035,v2.23,25,CONTINUE
R022,H035,v2.23,50,CONTINUE
R022,H035,v2.23,100,CONTINUE
R022,H036,v2.23,5,CONTINUE
R022,H036,v2.23,25,CONTINUE
R022,H036,v2.23,50,CONTINUE
R022,H036,v2.23,100,CONTINUE
R022,H037,v2.23,5,STOP
R022,H038,v2.23,5,CONTINUE
R022,H038,v2.23,25,CONTINUE
R022,H038,v2.23,50,CONTINUE
R022,H038,v2.23,100,CONTINUE
R022,H039,v2.23,5,CONTINUE
R022,H039,v2.23,25,CONTINUE
R022,H039,v2.23,50,CONTINUE
R022,H039,v2.23,100,CONTINUE
R022,H040,v2.23,5,CONTINUE
R022,H040,v2.23,25,CONTINUE
R022,H040,v2.23,50,CONTINUE
R022,H040,v2.23,100,CONTINUE
R022,H041,v2.23,5,CONTINUE
R022,H041,v2.23,25,CONTINUE
R022,H041,v2.23,50,CONTINUE
R022,H041,v2.23,100,CONTINUE
R022,H042,v2.23,5,CONTINUE
R022,H042,v2.23,25,CONTINUE
R022,H042,v2.23,50,CONTINUE
R022,H042,v2.23,100,CONTINUE
R022,H043,v2.23,5,CONTINUE
R022,H043,v2.23,25,CONTINUE
R022,H043,v2.23,50,CONTINUE
R022,H043,v2.23,100,CONTINUE
R022,H044,v2.23,5,CONTINUE
R022,H044,v2.23,25,CONTINUE
R022,H044,v2.23,50,CONTINUE
R022,H044,v2.23,100,CONTINUE
R022,H045,v2.23,5,CONTINUE
R022,H045,v2.23,25,CONTINUE
R022,H045,v2.23,50,CONTINUE
R022,H045,v2.23,100,CONTINUE
R022,H046,v2.23,5,CONTINUE
R022,H046,v2.23,25,CONTINUE
R022,H046,v2.23,50,CONTINUE
R022,H046,v2.23,100,CONTINUE
R022,H047,v2.23,5,CONTINUE
R022,H047,v2.23,25,CONTINUE
R022,H047,v2.23,50,CONTINUE
R022,H047,v2.23,100,CONTINUE
R022,H048,v2.23,5,STOP
R022,H049,v2.23,5,CONTINUE
R022,H049,v2.23,25,CONTINUE
R022,H049,v2.23,50,CONTINUE
R022,H049,v2.23,100,CONTINUE
R022,H050,v2.23,5,CONTINUE
R022,H050,v2.23,25,CONTINUE
R022,H050,v2.23,50,CONTINUE
R022,H050,v2.23,100,CONTINUE
R023,H001,v2.24,5,CONTINUE
R023,H001,v2.24,25,CONTINUE
R023,H001,v2.24,50,CONTINUE
R023,H001,v2.24,100,CONTINUE
R023,H002,v2.24,5,CONTINUE
R023,H002,v2.24,25,CONTINUE
R023,H002,v2.24,50,CONTINUE
R023,H002,v2.24,100,CONTINUE
R023,H003,v2.24,5,CONTINUE
R023,H003,v2.24,25,CONTINUE
R023,H003,v2.24,50,CONTINUE
R023,H003,v2.24,100,CONTINUE
R023,H004,v2.24,5,HOLD
R023,H005,v2.24,5,CONTINUE
R023,H005,v2.24,25,CONTINUE
R023,H005,v2.24,50,CONTINUE
R023,H005,v2.24,100,CONTINUE
R023,H006,v2.24,5,CONTINUE
R023,H006,v2.24,25,CONTINUE
R023,H006,v2.24,50,CONTINUE
R023,H006,v2.24,100,CONTINUE
R023,H007,v2.24,5,CONTINUE
R023,H007,v2.24,25,CONTINUE
R023,H007,v2.24,50,CONTINUE
R023,H007,v2.24,100,CONTINUE
R023,H008,v2.24,5,STOP
R023,H009,v2.24,5,CONTINUE
R023,H009,v2.24,25,CONTINUE
R023,H009,v2.24,50,CONTINUE
R023,H009,v2.24,100,CONTINUE
R023,H010,v2.24,5,CONTINUE
R023,H010,v2.24,25,CONTINUE
R023,H010,v2.24,50,CONTINUE
R023,H010,v2.24,100,CONTINUE
R023,H011,v2.24,5,CONTINUE
R023,H011,v2.24,25,CONTINUE
R023,H011,v2.24,50,CONTINUE
R023,H011,v2.24,100,CONTINUE
R023,H012,v2.24,5,CONTINUE
R023,H012,v2.24,25,CONTINUE
R023,H012,v2.24,50,CONTINUE
R023,H012,v2.24,100,CONTINUE
R023,H013,v2.24,5,CONTINUE
R023,H013,v2.24,25,CONTINUE
R023,H013,v2.24,50,CONTINUE
R023,H013,v2.24,100,CONTINUE
R023,H014,v2.24,5,CONTINUE
R023,H014,v2.24,25,CONTINUE
R023,H014,v2.24,50,CONTINUE
R023,H014,v2.24,100,CONTINUE
R023,H015,v2.24,5,CONTINUE
R023,H015,v2.24,25,CONTINUE
R023,H015,v2.24,50,CONTINUE
R023,H015,v2.24,100,CONTINUE
R023,H016,v2.24,5,CONTINUE
R023,H016,v2.24,25,CONTINUE
R023,H016,v2.24,50,CONTINUE
R023,H016,v2.24,100,CONTINUE
R023,H017,v2.24,5,HOLD
R023,H018,v2.24,5,CONTINUE
R023,H018,v2.24,25,CONTINUE
R023,H018,v2.24,50,CONTINUE
R023,H018,v2.24,100,CONTINUE
R023,H019,v2.24,5,CONTINUE
R023,H019,v2.24,25,CONTINUE
R023,H019,v2.24,50,CONTINUE
R023,H019,v2.24,100,CONTINUE
R023,H020,v2.24,5,STOP
R023,H021,v2.24,5,CONTINUE
R023,H021,v2.24,25,CONTINUE
R023,H021,v2.24,50,CONTINUE
R023,H021,v2.24,100,CONTINUE
R023,H022,v2.24,5,CONTINUE
R023,H022,v2.24,25,CONTINUE
R023,H022,v2.24,50,CONTINUE
R023,H022,v2.24,100,CONTINUE
R023,H023,v2.24,5,CONTINUE
R023,H023,v2.24,25,CONTINUE
R023,H023,v2.24,50,CONTINUE
R023,H023,v2.24,100,CONTINUE
R023,H024,v2.24,5,CONTINUE
R023,H024,v2.24,25,CONTINUE
R023,H024,v2.24,50,CONTINUE
R023,H024,v2.24,100,CONTINUE
R023,H025,v2.24,5,CONTINUE
R023,H025,v2.24,25,CONTINUE
R023,H025,v2.24,50,CONTINUE
R023,H025,v2.24,100,CONTINUE
R023,H026,v2.24,5,CONTINUE
R023,H026,v2.24,25,CONTINUE
R023,H026,v2.24,50,CONTINUE
R023,H026,v2.24,100,CONTINUE
R023,H027,v2.24,5,CONTINUE
R023,H027,v2.24,25,CONTINUE
R023,H027,v2.24,50,CONTINUE
R023,H027,v2.24,100,CONTINUE
R023,H028,v2.24,5,CONTINUE
R023,H028,v2.24,25,CONTINUE
R023,H028,v2.24,50,CONTINUE
R023,H028,v2.24,100,CONTINUE
R023,H029,v2.24,5,CONTINUE
R023,H029,v2.24,25,CONTINUE
R023,H029,v2.24,50,CONTINUE
R023,H029,v2.24,100,CONTINUE
R023,H030,v2.24,5,CONTINUE
R023,H030,v2.24,25,CONTINUE
R023,H030,v2.24,50,CONTINUE
R023,H030,v2.24,100,CONTINUE
R023,H031,v2.24,5,CONTINUE
R023,H031,v2.24,25,CONTINUE
R023,H031,v2.24,50,CONTINUE
R023,H031,v2.24,100,CONTINUE
R023,H032,v2.24,5,CONTINUE
R023,H032,v2.24,25,CONTINUE
R023,H032,v2.24,50,CONTINUE
R023,H032,v2.24,100,CONTINUE
R023,H033,v2.24,5,CONTINUE
R023,H033,v2.24,25,CONTINUE
R023,H033,v2.24,50,CONTINUE
R023,H033,v2.24,100,CONTINUE
R023,H034,v2.24,5,CONTINUE
R023,H034,v2.24,25,CONTINUE
R023,H034,v2.24,50,CONTINUE
R023,H034,v2.24,100,CONTINUE
R023,H035,v2.24,5,CONTINUE
R023,H035,v2.24,25,CONTINUE
R023,H035,v2.24,50,CONTINUE
R023,H035,v2.24,100,CONTINUE
R023,H036,v2.24,5,CONTINUE
R023,H036,v2.24,25,CONTINUE
R023,H036,v2.24,50,CONTINUE
R023,H036,v2.24,100,CONTINUE
R023,H037,v2.24,5,CONTINUE
R023,H037,v2.24,25,CONTINUE
R023,H037,v2.24,50,CONTINUE
R023,H037,v2.24,100,CONTINUE
R023,H038,v2.24,5,CONTINUE
R023,H038,v2.24,25,CONTINUE
R023,H038,v2.24,50,CONTINUE
R023,H038,v2.24,100,CONTINUE
R023,H039,v2.24,5,CONTINUE
R023,H039,v2.24,25,CONTINUE
R023,H039,v2.24,50,CONTINUE
R023,H039,v2.24,100,CONTINUE
R023,H040,v2.24,5,CONTINUE
R023,H040,v2.24,25,CONTINUE
R023,H040,v2.24,50,CONTINUE
R023,H040,v2.24,100,CONTINUE
R023,H041,v2.24,5,CONTINUE
R023,H041,v2.24,25,CONTINUE
R023,H041,v2.24,50,CONTINUE
R023,H041,v2.24,100,CONTINUE
R023,H042,v2.24,5,CONTINUE
R023,H042,v2.24,25,CONTINUE
R023,H042,v2.24,50,CONTINUE
R023,H042,v2.24,100,CONTINUE
R023,H043,v2.24,5,CONTINUE
R023,H043,v2.24,25,CONTINUE
R023,H043,v2.24,50,CONTINUE
R023,H043,v2.24,100,CONTINUE
R023,H044,v2.24,5,CONTINUE
R023,H044,v2.24,25,CONTINUE
R023,H044,v2.24,50,CONTINUE
R023,H044,v2.24,100,CONTINUE
R023,H045,v2.24,5,CONTINUE
R023,H045,v2.24,25,CONTINUE
R023,H045,v2.24,50,CONTINUE
R023,H045,v2.24,100,CONTINUE
R023,H046,v2.24,5,CONTINUE
R023,H046,v2.24,25,CONTINUE
R023,H046,v2.24,50,CONTINUE
R023,H046,v2.24,100,CONTINUE
R023,H047,v2.24,5,CONTINUE
R023,H047,v2.24,25,CONTINUE
R023,H047,v2.24,50,CONTINUE
R023,H047,v2.24,100,CONTINUE
R023,H048,v2.24,5,CONTINUE
R023,H048,v2.24,25,CONTINUE
R023,H048,v2.24,50,CONTINUE
R023,H048,v2.24,100,CONTINUE
R023,H049,v2.24,5,CONTINUE
R023,H049,v2.24,25,CONTINUE
R023,H049,v2.24,50,CONTINUE
R023,H049,v2.24,100,CONTINUE
R023,H050,v2.24,5,CONTINUE
R023,H050,v2.24,25,CONTINUE
R023,H050,v2.24,50,CONTINUE
R023,H050,v2.24,100,CONTINUE
R024,H001,v2.25,5,CONTINUE
R024,H001,v2.25,25,CONTINUE
R024,H001,v2.25,50,CONTINUE
R024,H001,v2.25,100,CONTINUE
R024,H002,v2.25,5,CONTINUE
R024,H002,v2.25,25,CONTINUE
R024,H002,v2.25,50,CONTINUE
R024,H002,v2.25,100,CONTINUE
R024,H003,v2.25,5,CONTINUE
R024,H003,v2.25,25,CONTINUE
R024,H003,v2.25,50,CONTINUE
R024,H003,v2.25,100,CONTINUE
R024,H004,v2.25,5,STOP
R024,H005,v2.25,5,CONTINUE
R024,H005,v2.25,25,CONTINUE
R024,H005,v2.25,50,CONTINUE
R024,H005,v2.25,100,CONTINUE
R024,H006,v2.25,5,CONTINUE
R024,H006,v2.25,25,CONTINUE
R024,H006,v2.25,50,CONTINUE
R024,H006,v2.25,100,CONTINUE
R024,H007,v2.25,5,CONTINUE
R024,H007,v2.25,25,CONTINUE
R024,H007,v2.25,50,CONTINUE
R024,H007,v2.25,100,CONTINUE
R024,H008,v2.25,5,CONTINUE
R024,H008,v2.25,25,CONTINUE
R024,H008,v2.25,50,CONTINUE
R024,H008,v2.25,100,CONTINUE
R024,H009,v2.25,5,CONTINUE
R024,H009,v2.25,25,CONTINUE
R024,H009,v2.25,50,CONTINUE
R024,H009,v2.25,100,CONTINUE
R024,H010,v2.25,5,STOP
R024,H011,v2.25,5,CONTINUE
R024,H011,v2.25,25,CONTINUE
R024,H011,v2.25,50,CONTINUE
R024,H011,v2.25,100,CONTINUE
R024,H012,v2.25,5,CONTINUE
R024,H012,v2.25,25,CONTINUE
R024,H012,v2.25,50,CONTINUE
R024,H012,v2.25,100,CONTINUE
R024,H013,v2.25,5,CONTINUE
R024,H013,v2.25,25,CONTINUE
R024,H013,v2.25,50,CONTINUE
R024,H013,v2.25,100,CONTINUE
R024,H014,v2.25,5,CONTINUE
R024,H014,v2.25,25,CONTINUE
R024,H014,v2.25,50,CONTINUE
R024,H014,v2.25,100,CONTINUE
R024,H015,v2.25,5,CONTINUE
R024,H015,v2.25,25,CONTINUE
R024,H015,v2.25,50,CONTINUE
R024,H015,v2.25,100,CONTINUE
R024,H016,v2.25,5,CONTINUE
R024,H016,v2.25,25,CONTINUE
R024,H016,v2.25,50,CONTINUE
R024,H016,v2.25,100,CONTINUE
R024,H017,v2.25,5,CONTINUE
R024,H017,v2.25,25,CONTINUE
R024,H017,v2.25,50,CONTINUE
R024,H017,v2.25,100,CONTINUE
R024,H018,v2.25,5,CONTINUE
R024,H018,v2.25,25,CONTINUE
R024,H018,v2.25,50,CONTINUE
R024,H018,v2.25,100,CONTINUE
R024,H019,v2.25,5,CONTINUE
R024,H019,v2.25,25,CONTINUE
R024,H019,v2.25,50,CONTINUE
R024,H019,v2.25,100,CONTINUE
R024,H020,v2.25,5,CONTINUE
R024,H020,v2.25,25,CONTINUE
R024,H020,v2.25,50,CONTINUE
R024,H020,v2.25,100,CONTINUE
R024,H021,v2.25,5,CONTINUE
R024,H021,v2.25,25,CONTINUE
R024,H021,v2.25,50,CONTINUE
R024,H021,v2.25,100,CONTINUE
R024,H022,v2.25,5,CONTINUE
R024,H022,v2.25,25,CONTINUE
R024,H022,v2.25,50,CONTINUE
R024,H022,v2.25,100,CONTINUE
R024,H023,v2.25,5,CONTINUE
R024,H023,v2.25,25,CONTINUE
R024,H023,v2.25,50,CONTINUE
R024,H023,v2.25,100,CONTINUE
R024,H024,v2.25,5,CONTINUE
R024,H024,v2.25,25,CONTINUE
R024,H024,v2.25,50,CONTINUE
R024,H024,v2.25,100,CONTINUE
R024,H025,v2.25,5,CONTINUE
R024,H025,v2.25,25,CONTINUE
R024,H025,v2.25,50,CONTINUE
R024,H025,v2.25,100,CONTINUE
R024,H026,v2.25,5,CONTINUE
R024,H026,v2.25,25,CONTINUE
R024,H026,v2.25,50,CONTINUE
R024,H026,v2.25,100,CONTINUE
R024,H027,v2.25,5,CONTINUE
R024,H027,v2.25,25,CONTINUE
R024,H027,v2.25,50,CONTINUE
R024,H027,v2.25,100,CONTINUE
R024,H028,v2.25,5,CONTINUE
R024,H028,v2.25,25,CONTINUE
R024,H028,v2.25,50,CONTINUE
R024,H028,v2.25,100,CONTINUE
R024,H029,v2.25,5,CONTINUE
R024,H029,v2.25,25,CONTINUE
R024,H029,v2.25,50,CONTINUE
R024,H029,v2.25,100,CONTINUE
R024,H030,v2.25,5,CONTINUE
R024,H030,v2.25,25,CONTINUE
R024,H030,v2.25,50,CONTINUE
R024,H030,v2.25,100,CONTINUE
R024,H031,v2.25,5,CONTINUE
R024,H031,v2.25,25,CONTINUE
R024,H031,v2.25,50,CONTINUE
R024,H031,v2.25,100,CONTINUE
R024,H032,v2.25,5,CONTINUE
R024,H032,v2.25,25,CONTINUE
R024,H032,v2.25,50,CONTINUE
R024,H032,v2.25,100,CONTINUE
R024,H033,v2.25,5,CONTINUE
R024,H033,v2.25,25,CONTINUE
R024,H033,v2.25,50,CONTINUE
R024,H033,v2.25,100,CONTINUE
R024,H034,v2.25,5,CONTINUE
R024,H034,v2.25,25,CONTINUE
R024,H034,v2.25,50,CONTINUE
R024,H034,v2.25,100,CONTINUE
R024,H035,v2.25,5,CONTINUE
R024,H035,v2.25,25,CONTINUE
R024,H035,v2.25,50,CONTINUE
R024,H035,v2.25,100,CONTINUE
R024,H036,v2.25,5,CONTINUE
R024,H036,v2.25,25,CONTINUE
R024,H036,v2.25,50,CONTINUE
R024,H036,v2.25,100,CONTINUE
R024,H037,v2.25,5,CONTINUE
R024,H037,v2.25,25,CONTINUE
R024,H037,v2.25,50,CONTINUE
R024,H037,v2.25,100,CONTINUE
R024,H038,v2.25,5,CONTINUE
R024,H038,v2.25,25,CONTINUE
R024,H038,v2.25,50,CONTINUE
R024,H038,v2.25,100,CONTINUE
R024,H039,v2.25,5,CONTINUE
R024,H039,v2.25,25,CONTINUE
R024,H039,v2.25,50,CONTINUE
R024,H039,v2.25,100,CONTINUE
R024,H040,v2.25,5,CONTINUE
R024,H040,v2.25,25,CONTINUE
R024,H040,v2.25,50,CONTINUE
R024,H040,v2.25,100,CONTINUE
R024,H041,v2.25,5,CONTINUE
R024,H041,v2.25,25,CONTINUE
R024,H041,v2.25,50,CONTINUE
R024,H041,v2.25,100,CONTINUE
R024,H042,v2.25,5,CONTINUE
R024,H042,v2.25,25,CONTINUE
R024,H042,v2.25,50,CONTINUE
R024,H042,v2.25,100,CONTINUE
R024,H043,v2.25,5,CONTINUE
R024,H043,v2.25,25,CONTINUE
R024,H043,v2.25,50,CONTINUE
R024,H043,v2.25,100,CONTINUE
R024,H044,v2.25,5,CONTINUE
R024,H044,v2.25,25,CONTINUE
R024,H044,v2.25,50,CONTINUE
R024,H044,v2.25,100,CONTINUE
R024,H045,v2.25,5,CONTINUE
R024,H045,v2.25,25,CONTINUE
R024,H045,v2.25,50,CONTINUE
R024,H045,v2.25,100,CONTINUE
R024,H046,v2.25,5,CONTINUE
R024,H046,v2.25,25,CONTINUE
R024,H046,v2.25,50,CONTINUE
R024,H046,v2.25,100,CONTINUE
R024,H047,v2.25,5,CONTINUE
R024,H047,v2.25,25,CONTINUE
R024,H047,v2.25,50,CONTINUE
R024,H047,v2.25,100,CONTINUE
R024,H048,v2.25,5,CONTINUE
R024,H048,v2.25,25,CONTINUE
R024,H048,v2.25,50,CONTINUE
R024,H048,v2.25,100,CONTINUE
R024,H049,v2.25,5,CONTINUE
R024,H049,v2.25,25,CONTINUE
R024,H049,v2.25,50,CONTINUE
R024,H049,v2.25,100,CONTINUE
R024,H050,v2.25,5,CONTINUE
R024,H050,v2.25,25,CONTINUE
R024,H050,v2.25,50,CONTINUE
R024,H050,v2.25,100,CONTINUE
R025,H001,v2.26,5,HOLD
R025,H002,v2.26,5,CONTINUE
R025,H002,v2.26,25,CONTINUE
R025,H002,v2.26,50,CONTINUE
R025,H002,v2.26,100,CONTINUE
R025,H003,v2.26,5,CONTINUE
R025,H003,v2.26,25,CONTINUE
R025,H003,v2.26,50,CONTINUE
R025,H003,v2.26,100,CONTINUE
R025,H004,v2.26,5,CONTINUE
R025,H004,v2.26,25,CONTINUE
R025,H004,v2.26,50,CONTINUE
R025,H004,v2.26,100,CONTINUE
R025,H005,v2.26,5,CONTINUE
R025,H005,v2.26,25,CONTINUE
R025,H005,v2.26,50,CONTINUE
R025,H005,v2.26,100,CONTINUE
R025,H006,v2.26,5,HOLD
R025,H007,v2.26,5,CONTINUE
R025,H007,v2.26,25,CONTINUE
R025,H007,v2.26,50,CONTINUE
R025,H007,v2.26,100,CONTINUE
R025,H008,v2.26,5,HOLD
R025,H009,v2.26,5,CONTINUE
R025,H009,v2.26,25,CONTINUE
R025,H009,v2.26,50,CONTINUE
R025,H009,v2.26,100,CONTINUE
R025,H010,v2.26,5,HOLD
R025,H011,v2.26,5,STOP
R025,H012,v2.26,5,CONTINUE
R025,H012,v2.26,25,CONTINUE
R025,H012,v2.26,50,CONTINUE
R025,H012,v2.26,100,CONTINUE
R025,H013,v2.26,5,CONTINUE
R025,H013,v2.26,25,CONTINUE
R025,H013,v2.26,50,CONTINUE
R025,H013,v2.26,100,CONTINUE
R025,H014,v2.26,5,STOP
R025,H015,v2.26,5,CONTINUE
R025,H015,v2.26,25,CONTINUE
R025,H015,v2.26,50,CONTINUE
R025,H015,v2.26,100,CONTINUE
R025,H016,v2.26,5,CONTINUE
R025,H016,v2.26,25,CONTINUE
R025,H016,v2.26,50,CONTINUE
R025,H016,v2.26,100,CONTINUE
R025,H017,v2.26,5,CONTINUE
R025,H017,v2.26,25,CONTINUE
R025,H017,v2.26,50,CONTINUE
R025,H017,v2.26,100,CONTINUE
R025,H018,v2.26,5,CONTINUE
R025,H018,v2.26,25,CONTINUE
R025,H018,v2.26,50,CONTINUE
R025,H018,v2.26,100,CONTINUE
R025,H019,v2.26,5,HOLD
R025,H020,v2.26,5,CONTINUE
R025,H020,v2.26,25,CONTINUE
R025,H020,v2.26,50,CONTINUE
R025,H020,v2.26,100,CONTINUE
R025,H021,v2.26,5,CONTINUE
R025,H021,v2.26,25,CONTINUE
R025,H021,v2.26,50,CONTINUE
R025,H021,v2.26,100,CONTINUE
R025,H022,v2.26,5,CONTINUE
R025,H022,v2.26,25,CONTINUE
R025,H022,v2.26,50,CONTINUE
R025,H022,v2.26,100,CONTINUE
R025,H023,v2.26,5,CONTINUE
R025,H023,v2.26,25,CONTINUE
R025,H023,v2.26,50,CONTINUE
R025,H023,v2.26,100,CONTINUE
R025,H024,v2.26,5,CONTINUE
R025,H024,v2.26,25,CONTINUE
R025,H024,v2.26,50,CONTINUE
R025,H024,v2.26,100,CONTINUE
R025,H025,v2.26,5,CONTINUE
R025,H025,v2.26,25,CONTINUE
R025,H025,v2.26,50,CONTINUE
R025,H025,v2.26,100,CONTINUE
R025,H026,v2.26,5,CONTINUE
R025,H026,v2.26,25,CONTINUE
R025,H026,v2.26,50,CONTINUE
R025,H026,v2.26,100,CONTINUE
R025,H027,v2.26,5,HOLD
R025,H028,v2.26,5,CONTINUE
R025,H028,v2.26,25,CONTINUE
R025,H028,v2.26,50,CONTINUE
R025,H028,v2.26,100,CONTINUE
R025,H029,v2.26,5,CONTINUE
R025,H029,v2.26,25,CONTINUE
R025,H029,v2.26,50,CONTINUE
R025,H029,v2.26,100,CONTINUE
R025,H030,v2.26,5,CONTINUE
R025,H030,v2.26,25,CONTINUE
R025,H030,v2.26,50,CONTINUE
R025,H030,v2.26,100,CONTINUE
R025,H031,v2.26,5,CONTINUE
R025,H031,v2.26,25,CONTINUE
R025,H031,v2.26,50,CONTINUE
R025,H031,v2.26,100,CONTINUE
R025,H032,v2.26,5,CONTINUE
R025,H032,v2.26,25,CONTINUE
R025,H032,v2.26,50,CONTINUE
R025,H032,v2.26,100,CONTINUE
R025,H033,v2.26,5,CONTINUE
R025,H033,v2.26,25,CONTINUE
R025,H033,v2.26,50,CONTINUE
R025,H033,v2.26,100,CONTINUE
R025,H034,v2.26,5,CONTINUE
R025,H034,v2.26,25,CONTINUE
R025,H034,v2.26,50,CONTINUE
R025,H034,v2.26,100,CONTINUE
R025,H035,v2.26,5,CONTINUE
R025,H035,v2.26,25,CONTINUE
R025,H035,v2.26,50,CONTINUE
R025,H035,v2.26,100,CONTINUE
R025,H036,v2.26,5,CONTINUE
R025,H036,v2.26,25,CONTINUE
R025,H036,v2.26,50,CONTINUE
R025,H036,v2.26,100,CONTINUE
R025,H037,v2.26,5,CONTINUE
R025,H037,v2.26,25,CONTINUE
R025,H037,v2.26,50,CONTINUE
R025,H037,v2.26,100,CONTINUE
R025,H038,v2.26,5,CONTINUE
R025,H038,v2.26,25,CONTINUE
R025,H038,v2.26,50,CONTINUE
R025,H038,v2.26,100,CONTINUE
R025,H039,v2.26,5,HOLD
R025,H040,v2.26,5,CONTINUE
R025,H040,v2.26,25,CONTINUE
R025,H040,v2.26,50,CONTINUE
R025,H040,v2.26,100,CONTINUE
R025,H041,v2.26,5,CONTINUE
R025,H041,v2.26,25,CONTINUE
R025,H041,v2.26,50,CONTINUE
R025,H041,v2.26,100,CONTINUE
R025,H042,v2.26,5,CONTINUE
R025,H042,v2.26,25,CONTINUE
R025,H042,v2.26,50,CONTINUE
R025,H042,v2.26,100,CONTINUE
R025,H043,v2.26,5,CONTINUE
R025,H043,v2.26,25,CONTINUE
R025,H043,v2.26,50,CONTINUE
R025,H043,v2.26,100,CONTINUE
R025,H044,v2.26,5,CONTINUE
R025,H044,v2.26,25,CONTINUE
R025,H044,v2.26,50,CONTINUE
R025,H044,v2.26,100,CONTINUE
R025,H045,v2.26,5,CONTINUE
R025,H045,v2.26,25,CONTINUE
R025,H045,v2.26,50,CONTINUE
R025,H045,v2.26,100,CONTINUE
R025,H046,v2.26,5,CONTINUE
R025,H046,v2.26,25,CONTINUE
R025,H046,v2.26,50,CONTINUE
R025,H046,v2.26,100,CONTINUE
R025,H047,v2.26,5,CONTINUE
R025,H047,v2.26,25,CONTINUE
R025,H047,v2.26,50,CONTINUE
R025,H047,v2.26,100,CONTINUE
R025,H048,v2.26,5,CONTINUE
R025,H048,v2.26,25,CONTINUE
R025,H048,v2.26,50,CONTINUE
R025,H048,v2.26,100,CONTINUE
R025,H049,v2.26,5,HOLD
R025,H050,v2.26,5,CONTINUE
R025,H050,v2.26,25,CONTINUE
R025,H050,v2.26,50,CONTINUE
R025,H050,v2.26,100,CONTINUE
R026,H001,v2.27,5,STOP
R026,H002,v2.27,5,STOP
R026,H003,v2.27,5,HOLD
R026,H004,v2.27,5,STOP
R026,H005,v2.27,5,STOP
R026,H006,v2.27,5,STOP
R026,H007,v2.27,5,STOP
R026,H008,v2.27,5,STOP
R026,H009,v2.27,5,STOP
R026,H010,v2.27,5,HOLD
R026,H011,v2.27,5,STOP
R026,H012,v2.27,5,STOP
R026,H013,v2.27,5,STOP
R026,H014,v2.27,5,STOP
R026,H015,v2.27,5,STOP
R026,H016,v2.27,5,STOP
R026,H017,v2.27,5,STOP
R026,H018,v2.27,5,STOP
R026,H019,v2.27,5,STOP
R026,H020,v2.27,5,STOP
R026,H021,v2.27,5,STOP
R026,H022,v2.27,5,STOP
R026,H023,v2.27,5,STOP
R026,H024,v2.27,5,STOP
R026,H025,v2.27,5,STOP
R026,H026,v2.27,5,STOP
R026,H027,v2.27,5,STOP
R026,H028,v2.27,5,STOP
R026,H029,v2.27,5,STOP
R026,H030,v2.27,5,STOP
R026,H031,v2.27,5,STOP
R026,H032,v2.27,5,STOP
R026,H033,v2.27,5,STOP
R026,H034,v2.27,5,STOP
R026,H035,v2.27,5,STOP
R026,H036,v2.27,5,STOP
R026,H037,v2.27,5,STOP
R026,H038,v2.27,5,STOP
R026,H039,v2.27,5,STOP
R026,H040,v2.27,5,STOP
R026,H041,v2.27,5,STOP
R026,H042,v2.27,5,STOP
R026,H043,v2.27,5,STOP
R026,H044,v2.27,5,STOP
R026,H045,v2.27,5,STOP
R026,H046,v2.27,5,STOP
R026,H047,v2.27,5,STOP
R026,H048,v2.27,5,STOP
R026,H049,v2.27,5,STOP
R026,H050,v2.27,5,STOP
R027,H001,v2.28,5,CONTINUE
R027,H001,v2.28,25,CONTINUE
R027,H001,v2.28,50,CONTINUE
R027,H001,v2.28,100,CONTINUE
R027,H002,v2.28,5,CONTINUE
R027,H002,v2.28,25,CONTINUE
R027,H002,v2.28,50,CONTINUE
R027,H002,v2.28,100,CONTINUE
R027,H003,v2.28,5,CONTINUE
R027,H003,v2.28,25,CONTINUE
R027,H003,v2.28,50,CONTINUE
R027,H003,v2.28,100,CONTINUE
R027,H004,v2.28,5,CONTINUE
R027,H004,v2.28,25,CONTINUE
R027,H004,v2.28,50,CONTINUE
R027,H004,v2.28,100,CONTINUE
R027,H005,v2.28,5,CONTINUE
R027,H005,v2.28,25,CONTINUE
R027,H005,v2.28,50,CONTINUE
R027,H005,v2.28,100,CONTINUE
R027,H006,v2.28,5,CONTINUE
R027,H006,v2.28,25,CONTINUE
R027,H006,v2.28,50,CONTINUE
R027,H006,v2.28,100,CONTINUE
R027,H007,v2.28,5,CONTINUE
R027,H007,v2.28,25,CONTINUE
R027,H007,v2.28,50,CONTINUE
R027,H007,v2.28,100,CONTINUE
R027,H008,v2.28,5,CONTINUE
R027,H008,v2.28,25,CONTINUE
R027,H008,v2.28,50,CONTINUE
R027,H008,v2.28,100,CONTINUE
R027,H009,v2.28,5,CONTINUE
R027,H009,v2.28,25,CONTINUE
R027,H009,v2.28,50,CONTINUE
R027,H009,v2.28,100,CONTINUE
R027,H010,v2.28,5,HOLD
R027,H011,v2.28,5,CONTINUE
R027,H011,v2.28,25,CONTINUE
R027,H011,v2.28,50,CONTINUE
R027,H011,v2.28,100,CONTINUE
R027,H012,v2.28,5,CONTINUE
R027,H012,v2.28,25,CONTINUE
R027,H012,v2.28,50,CONTINUE
R027,H012,v2.28,100,CONTINUE
R027,H013,v2.28,5,CONTINUE
R027,H013,v2.28,25,CONTINUE
R027,H013,v2.28,50,CONTINUE
R027,H013,v2.28,100,CONTINUE
R027,H014,v2.28,5,CONTINUE
R027,H014,v2.28,25,CONTINUE
R027,H014,v2.28,50,CONTINUE
R027,H014,v2.28,100,CONTINUE
R027,H015,v2.28,5,STOP
R027,H016,v2.28,5,CONTINUE
R027,H016,v2.28,25,CONTINUE
R027,H016,v2.28,50,CONTINUE
R027,H016,v2.28,100,CONTINUE
R027,H017,v2.28,5,CONTINUE
R027,H017,v2.28,25,CONTINUE
R027,H017,v2.28,50,CONTINUE
R027,H017,v2.28,100,CONTINUE
R027,H018,v2.28,5,CONTINUE
R027,H018,v2.28,25,CONTINUE
R027,H018,v2.28,50,CONTINUE
R027,H018,v2.28,100,CONTINUE
R027,H019,v2.28,5,CONTINUE
R027,H019,v2.28,25,CONTINUE
R027,H019,v2.28,50,CONTINUE
R027,H019,v2.28,100,CONTINUE
R027,H020,v2.28,5,CONTINUE
R027,H020,v2.28,25,CONTINUE
R027,H020,v2.28,50,CONTINUE
R027,H020,v2.28,100,CONTINUE
R027,H021,v2.28,5,CONTINUE
R027,H021,v2.28,25,CONTINUE
R027,H021,v2.28,50,CONTINUE
R027,H021,v2.28,100,CONTINUE
R027,H022,v2.28,5,CONTINUE
R027,H022,v2.28,25,CONTINUE
R027,H022,v2.28,50,CONTINUE
R027,H022,v2.28,100,CONTINUE
R027,H023,v2.28,5,CONTINUE
R027,H023,v2.28,25,CONTINUE
R027,H023,v2.28,50,CONTINUE
R027,H023,v2.28,100,CONTINUE
R027,H024,v2.28,5,HOLD
R027,H025,v2.28,5,CONTINUE
R027,H025,v2.28,25,CONTINUE
R027,H025,v2.28,50,CONTINUE
R027,H025,v2.28,100,CONTINUE
R027,H026,v2.28,5,CONTINUE
R027,H026,v2.28,25,CONTINUE
R027,H026,v2.28,50,CONTINUE
R027,H026,v2.28,100,CONTINUE
R027,H027,v2.28,5,CONTINUE
R027,H027,v2.28,25,CONTINUE
R027,H027,v2.28,50,CONTINUE
R027,H027,v2.28,100,CONTINUE
R027,H028,v2.28,5,CONTINUE
R027,H028,v2.28,25,CONTINUE
R027,H028,v2.28,50,CONTINUE
R027,H028,v2.28,100,CONTINUE
R027,H029,v2.28,5,CONTINUE
R027,H029,v2.28,25,CONTINUE
R027,H029,v2.28,50,CONTINUE
R027,H029,v2.28,100,CONTINUE
R027,H030,v2.28,5,CONTINUE
R027,H030,v2.28,25,CONTINUE
R027,H030,v2.28,50,CONTINUE
R027,H030,v2.28,100,CONTINUE
R027,H031,v2.28,5,HOLD
R027,H032,v2.28,5,CONTINUE
R027,H032,v2.28,25,CONTINUE
R027,H032,v2.28,50,CONTINUE
R027,H032,v2.28,100,CONTINUE
R027,H033,v2.28,5,CONTINUE
R027,H033,v2.28,25,CONTINUE
R027,H033,v2.28,50,CONTINUE
R027,H033,v2.28,100,CONTINUE
R027,H034,v2.28,5,CONTINUE
R027,H034,v2.28,25,CONTINUE
R027,H034,v2.28,50,CONTINUE
R027,H034,v2.28,100,CONTINUE
R027,H035,v2.28,5,CONTINUE
R027,H035,v2.28,25,CONTINUE
R027,H035,v2.28,50,CONTINUE
R027,H035,v2.28,100,CONTINUE
R027,H036,v2.28,5,CONTINUE
R027,H036,v2.28,25,CONTINUE
R027,H036,v2.28,50,CONTINUE
R027,H036,v2.28,100,CONTINUE
R027,H037,v2.28,5,CONTINUE
R027,H037,v2.28,25,CONTINUE
R027,H037,v2.28,50,CONTINUE
R027,H037,v2.28,100,CONTINUE
R027,H038,v2.28,5,CONTINUE
R027,H038,v2.28,25,CONTINUE
R027,H038,v2.28,50,CONTINUE
R027,H038,v2.28,100,CONTINUE
R027,H039,v2.28,5,CONTINUE
R027,H039,v2.28,25,CONTINUE
R027,H039,v2.28,50,CONTINUE
R027,H039,v2.28,100,CONTINUE
R027,H040,v2.28,5,CONTINUE
R027,H040,v2.28,25,CONTINUE
R027,H040,v2.28,50,CONTINUE
R027,H040,v2.28,100,CONTINUE
R027,H041,v2.28,5,CONTINUE
R027,H041,v2.28,25,CONTINUE
R027,H041,v2.28,50,CONTINUE
R027,H041,v2.28,100,CONTINUE
R027,H042,v2.28,5,CONTINUE
R027,H042,v2.28,25,CONTINUE
R027,H042,v2.28,50,CONTINUE
R027,H042,v2.28,100,CONTINUE
R027,H043,v2.28,5,HOLD
R027,H044,v2.28,5,CONTINUE
R027,H044,v2.28,25,CONTINUE
R027,H044,v2.28,50,CONTINUE
R027,H044,v2.28,100,CONTINUE
R027,H045,v2.28,5,CONTINUE
R027,H045,v2.28,25,CONTINUE
R027,H045,v2.28,50,CONTINUE
R027,H045,v2.28,100,CONTINUE
R027,H046,v2.28,5,CONTINUE
R027,H046,v2.28,25,CONTINUE
R027,H046,v2.28,50,CONTINUE
R027,H046,v2.28,100,CONTINUE
R027,H047,v2.28,5,CONTINUE
R027,H047,v2.28,25,CONTINUE
R027,H047,v2.28,50,CONTINUE
R027,H047,v2.28,100,CONTINUE
R027,H048,v2.28,5,CONTINUE
R027,H048,v2.28,25,CONTINUE
R027,H048,v2.28,50,CONTINUE
R027,H048,v2.28,100,CONTINUE
R027,H049,v2.28,5,CONTINUE
R027,H049,v2.28,25,CONTINUE
R027,H049,v2.28,50,CONTINUE
R027,H049,v2.28,100,CONTINUE
R027,H050,v2.28,5,CONTINUE
R027,H050,v2.28,25,CONTINUE
R027,H050,v2.28,50,CONTINUE
R027,H050,v2.28,100,CONTINUE
R028,H001,v2.29,5,STOP
R028,H002,v2.29,5,HOLD
R028,H003,v2.29,5,STOP
R028,H004,v2.29,5,STOP
R028,H005,v2.29,5,STOP
R028,H006,v2.29,5,HOLD
R028,H007,v2.29,5,STOP
R028,H008,v2.29,5,STOP
R028,H009,v2.29,5,STOP
R028,H010,v2.29,5,STOP
R028,H011,v2.29,5,STOP
R028,H012,v2.29,5,STOP
R028,H013,v2.29,5,STOP
R028,H014,v2.29,5,STOP
R028,H015,v2.29,5,STOP
R028,H016,v2.29,5,HOLD
R028,H017,v2.29,5,STOP
R028,H018,v2.29,5,STOP
R028,H019,v2.29,5,STOP
R028,H020,v2.29,5,STOP
R028,H021,v2.29,5,HOLD
R028,H022,v2.29,5,STOP
R028,H023,v2.29,5,STOP
R028,H024,v2.29,5,STOP
R028,H025,v2.29,5,STOP
R028,H026,v2.29,5,STOP
R028,H027,v2.29,5,STOP
R028,H028,v2.29,5,STOP
R028,H029,v2.29,5,STOP
R028,H030,v2.29,5,STOP
R028,H031,v2.29,5,STOP
R028,H032,v2.29,5,STOP
R028,H033,v2.29,5,STOP
R028,H034,v2.29,5,STOP
R028,H035,v2.29,5,STOP
R028,H036,v2.29,5,STOP
R028,H037,v2.29,5,STOP
R028,H038,v2.29,5,STOP
R028,H039,v2.29,5,STOP
R028,H040,v2.29,5,STOP
R028,H041,v2.29,5,STOP
R028,H042,v2.29,5,STOP
R028,H043,v2.29,5,HOLD
R028,H044,v2.29,5,STOP
R028,H045,v2.29,5,STOP
R028,H046,v2.29,5,STOP
R028,H047,v2.29,5,STOP
R028,H048,v2.29,5,STOP
R028,H049,v2.29,5,STOP
R028,H050,v2.29,5,STOP
R029,H001,v2.30,5,CONTINUE
R029,H001,v2.30,25,CONTINUE
R029,H001,v2.30,50,CONTINUE
R029,H001,v2.30,100,CONTINUE
R029,H002,v2.30,5,CONTINUE
R029,H002,v2.30,25,CONTINUE
R029,H002,v2.30,50,CONTINUE
R029,H002,v2.30,100,CONTINUE
R029,H003,v2.30,5,CONTINUE
R029,H003,v2.30,25,CONTINUE
R029,H003,v2.30,50,CONTINUE
R029,H003,v2.30,100,CONTINUE
R029,H004,v2.30,5,CONTINUE
R029,H004,v2.30,25,CONTINUE
R029,H004,v2.30,50,CONTINUE
R029,H004,v2.30,100,CONTINUE
R029,H005,v2.30,5,CONTINUE
R029,H005,v2.30,25,CONTINUE
R029,H005,v2.30,50,CONTINUE
R029,H005,v2.30,100,CONTINUE
R029,H006,v2.30,5,CONTINUE
R029,H006,v2.30,25,CONTINUE
R029,H006,v2.30,50,CONTINUE
R029,H006,v2.30,100,CONTINUE
R029,H007,v2.30,5,CONTINUE
R029,H007,v2.30,25,CONTINUE
R029,H007,v2.30,50,CONTINUE
R029,H007,v2.30,100,CONTINUE
R029,H008,v2.30,5,CONTINUE
R029,H008,v2.30,25,CONTINUE
R029,H008,v2.30,50,CONTINUE
R029,H008,v2.30,100,CONTINUE
R029,H009,v2.30,5,CONTINUE
R029,H009,v2.30,25,CONTINUE
R029,H009,v2.30,50,CONTINUE
R029,H009,v2.30,100,CONTINUE
R029,H010,v2.30,5,CONTINUE
R029,H010,v2.30,25,CONTINUE
R029,H010,v2.30,50,CONTINUE
R029,H010,v2.30,100,CONTINUE
R029,H011,v2.30,5,CONTINUE
R029,H011,v2.30,25,CONTINUE
R029,H011,v2.30,50,CONTINUE
R029,H011,v2.30,100,CONTINUE
R029,H012,v2.30,5,CONTINUE
R029,H012,v2.30,25,CONTINUE
R029,H012,v2.30,50,CONTINUE
R029,H012,v2.30,100,CONTINUE
R029,H013,v2.30,5,CONTINUE
R029,H013,v2.30,25,CONTINUE
R029,H013,v2.30,50,CONTINUE
R029,H013,v2.30,100,CONTINUE
R029,H014,v2.30,5,CONTINUE
R029,H014,v2.30,25,CONTINUE
R029,H014,v2.30,50,CONTINUE
R029,H014,v2.30,100,CONTINUE
R029,H015,v2.30,5,HOLD
R029,H016,v2.30,5,CONTINUE
R029,H016,v2.30,25,CONTINUE
R029,H016,v2.30,50,CONTINUE
R029,H016,v2.30,100,CONTINUE
R029,H017,v2.30,5,CONTINUE
R029,H017,v2.30,25,CONTINUE
R029,H017,v2.30,50,CONTINUE
R029,H017,v2.30,100,CONTINUE
R029,H018,v2.30,5,CONTINUE
R029,H018,v2.30,25,CONTINUE
R029,H018,v2.30,50,CONTINUE
R029,H018,v2.30,100,CONTINUE
R029,H019,v2.30,5,CONTINUE
R029,H019,v2.30,25,CONTINUE
R029,H019,v2.30,50,CONTINUE
R029,H019,v2.30,100,CONTINUE
R029,H020,v2.30,5,CONTINUE
R029,H020,v2.30,25,CONTINUE
R029,H020,v2.30,50,CONTINUE
R029,H020,v2.30,100,CONTINUE
R029,H021,v2.30,5,CONTINUE
R029,H021,v2.30,25,CONTINUE
R029,H021,v2.30,50,CONTINUE
R029,H021,v2.30,100,CONTINUE
R029,H022,v2.30,5,CONTINUE
R029,H022,v2.30,25,CONTINUE
R029,H022,v2.30,50,CONTINUE
R029,H022,v2.30,100,CONTINUE
R029,H023,v2.30,5,CONTINUE
R029,H023,v2.30,25,CONTINUE
R029,H023,v2.30,50,CONTINUE
R029,H023,v2.30,100,CONTINUE
R029,H024,v2.30,5,CONTINUE
R029,H024,v2.30,25,CONTINUE
R029,H024,v2.30,50,CONTINUE
R029,H024,v2.30,100,CONTINUE
R029,H025,v2.30,5,CONTINUE
R029,H025,v2.30,25,CONTINUE
R029,H025,v2.30,50,CONTINUE
R029,H025,v2.30,100,CONTINUE
R029,H026,v2.30,5,CONTINUE
R029,H026,v2.30,25,CONTINUE
R029,H026,v2.30,50,CONTINUE
R029,H026,v2.30,100,CONTINUE
R029,H027,v2.30,5,CONTINUE
R029,H027,v2.30,25,CONTINUE
R029,H027,v2.30,50,CONTINUE
R029,H027,v2.30,100,CONTINUE
R029,H028,v2.30,5,CONTINUE
R029,H028,v2.30,25,CONTINUE
R029,H028,v2.30,50,CONTINUE
R029,H028,v2.30,100,CONTINUE
R029,H029,v2.30,5,CONTINUE
R029,H029,v2.30,25,CONTINUE
R029,H029,v2.30,50,CONTINUE
R029,H029,v2.30,100,CONTINUE
R029,H030,v2.30,5,STOP
R029,H031,v2.30,5,CONTINUE
R029,H031,v2.30,25,CONTINUE
R029,H031,v2.30,50,CONTINUE
R029,H031,v2.30,100,CONTINUE
R029,H032,v2.30,5,CONTINUE
R029,H032,v2.30,25,CONTINUE
R029,H032,v2.30,50,CONTINUE
R029,H032,v2.30,100,CONTINUE
R029,H033,v2.30,5,STOP
R029,H034,v2.30,5,CONTINUE
R029,H034,v2.30,25,CONTINUE
R029,H034,v2.30,50,CONTINUE
R029,H034,v2.30,100,CONTINUE
R029,H035,v2.30,5,CONTINUE
R029,H035,v2.30,25,CONTINUE
R029,H035,v2.30,50,CONTINUE
R029,H035,v2.30,100,CONTINUE
R029,H036,v2.30,5,CONTINUE
R029,H036,v2.30,25,CONTINUE
R029,H036,v2.30,50,CONTINUE
R029,H036,v2.30,100,CONTINUE
R029,H037,v2.30,5,CONTINUE
R029,H037,v2.30,25,CONTINUE
R029,H037,v2.30,50,CONTINUE
R029,H037,v2.30,100,CONTINUE
R029,H038,v2.30,5,CONTINUE
R029,H038,v2.30,25,CONTINUE
R029,H038,v2.30,50,CONTINUE
R029,H038,v2.30,100,CONTINUE
R029,H039,v2.30,5,CONTINUE
R029,H039,v2.30,25,CONTINUE
R029,H039,v2.30,50,CONTINUE
R029,H039,v2.30,100,CONTINUE
R029,H040,v2.30,5,CONTINUE
R029,H040,v2.30,25,CONTINUE
R029,H040,v2.30,50,CONTINUE
R029,H040,v2.30,100,CONTINUE
R029,H041,v2.30,5,CONTINUE
R029,H041,v2.30,25,CONTINUE
R029,H041,v2.30,50,CONTINUE
R029,H041,v2.30,100,CONTINUE
R029,H042,v2.30,5,STOP
R029,H043,v2.30,5,CONTINUE
R029,H043,v2.30,25,CONTINUE
R029,H043,v2.30,50,CONTINUE
R029,H043,v2.30,100,CONTINUE
R029,H044,v2.30,5,CONTINUE
R029,H044,v2.30,25,CONTINUE
R029,H044,v2.30,50,CONTINUE
R029,H044,v2.30,100,CONTINUE
R029,H045,v2.30,5,CONTINUE
R029,H045,v2.30,25,CONTINUE
R029,H045,v2.30,50,CONTINUE
R029,H045,v2.30,100,CONTINUE
R029,H046,v2.30,5,CONTINUE
R029,H046,v2.30,25,CONTINUE
R029,H046,v2.30,50,CONTINUE
R029,H046,v2.30,100,CONTINUE
R029,H047,v2.30,5,CONTINUE
R029,H047,v2.30,25,CONTINUE
R029,H047,v2.30,50,CONTINUE
R029,H047,v2.30,100,CONTINUE
R029,H048,v2.30,5,CONTINUE
R029,H048,v2.30,25,CONTINUE
R029,H048,v2.30,50,CONTINUE
R029,H048,v2.30,100,CONTINUE
R029,H049,v2.30,5,CONTINUE
R029,H049,v2.30,25,CONTINUE
R029,H049,v2.30,50,CONTINUE
R029,H049,v2.30,100,CONTINUE
R029,H050,v2.30,5,CONTINUE
R029,H050,v2.30,25,CONTINUE
R029,H050,v2.30,50,CONTINUE
R029,H050,v2.30,100,CONTINUE
R030,H001,v2.31,5,STOP
R030,H002,v2.31,5,STOP
R030,H003,v2.31,5,STOP
R030,H004,v2.31,5,STOP
R030,H005,v2.31,5,STOP
R030,H006,v2.31,5,HOLD
R030,H007,v2.31,5,STOP
R030,H008,v2.31,5,STOP
R030,H009,v2.31,5,STOP
R030,H010,v2.31,5,STOP
R030,H011,v2.31,5,STOP
R030,H012,v2.31,5,STOP
R030,H013,v2.31,5,HOLD
R030,H014,v2.31,5,HOLD
R030,H015,v2.31,5,STOP
R030,H016,v2.31,5,STOP
R030,H017,v2.31,5,STOP
R030,H018,v2.31,5,STOP
R030,H019,v2.31,5,STOP
R030,H020,v2.31,5,STOP
R030,H021,v2.31,5,HOLD
R030,H022,v2.31,5,STOP
R030,H023,v2.31,5,STOP
R030,H024,v2.31,5,STOP
R030,H025,v2.31,5,STOP
R030,H026,v2.31,5,STOP
R030,H027,v2.31,5,STOP
R030,H028,v2.31,5,STOP
R030,H029,v2.31,5,STOP
R030,H030,v2.31,5,STOP
R030,H031,v2.31,5,STOP
R030,H032,v2.31,5,STOP
R030,H033,v2.31,5,STOP
R030,H034,v2.31,5,STOP
R030,H035,v2.31,5,STOP
R030,H036,v2.31,5,STOP
R030,H037,v2.31,5,STOP
R030,H038,v2.31,5,STOP
R030,H039,v2.31,5,STOP
R030,H040,v2.31,5,STOP
R030,H041,v2.31,5,STOP
R030,H042,v2.31,5,STOP
R030,H043,v2.31,5,STOP
R030,H044,v2.31,5,STOP
R030,H045,v2.31,5,STOP
R030,H046,v2.31,5,STOP
R030,H047,v2.31,5,STOP
R030,H048,v2.31,5,STOP
R030,H049,v2.31,5,STOP
R030,H050,v2.31,5,STOP
R031,H001,v2.32,5,STOP
R031,H002,v2.32,5,STOP
R031,H003,v2.32,5,STOP
R031,H004,v2.32,5,STOP
R031,H005,v2.32,5,STOP
R031,H006,v2.32,5,STOP
R031,H007,v2.32,5,STOP
R031,H008,v2.32,5,STOP
R031,H009,v2.32,5,STOP
R031,H010,v2.32,5,STOP
R031,H011,v2.32,5,STOP
R031,H012,v2.32,5,HOLD
R031,H013,v2.32,5,STOP
R031,H014,v2.32,5,HOLD
R031,H015,v2.32,5,STOP
R031,H016,v2.32,5,STOP
R031,H017,v2.32,5,STOP
R031,H018,v2.32,5,HOLD
R031,H019,v2.32,5,HOLD
R031,H020,v2.32,5,STOP
R031,H021,v2.32,5,STOP
R031,H022,v2.32,5,STOP
R031,H023,v2.32,5,STOP
R031,H024,v2.32,5,STOP
R031,H025,v2.32,5,STOP
R031,H026,v2.32,5,STOP
R031,H027,v2.32,5,HOLD
R031,H028,v2.32,5,STOP
R031,H029,v2.32,5,STOP
R031,H030,v2.32,5,STOP
R031,H031,v2.32,5,STOP
R031,H032,v2.32,5,HOLD
R031,H033,v2.32,5,STOP
R031,H034,v2.32,5,STOP
R031,H035,v2.32,5,STOP
R031,H036,v2.32,5,STOP
R031,H037,v2.32,5,STOP
R031,H038,v2.32,5,STOP
R031,H039,v2.32,5,STOP
R031,H040,v2.32,5,HOLD
R031,H041,v2.32,5,STOP
R031,H042,v2.32,5,STOP
R031,H043,v2.32,5,STOP
R031,H044,v2.32,5,STOP
R031,H045,v2.32,5,STOP
R031,H046,v2.32,5,STOP
R031,H047,v2.32,5,STOP
R031,H048,v2.32,5,STOP
R031,H049,v2.32,5,STOP
R031,H050,v2.32,5,STOP
R032,H001,v2.33,5,CONTINUE
R032,H001,v2.33,25,CONTINUE
R032,H001,v2.33,50,CONTINUE
R032,H001,v2.33,100,CONTINUE
R032,H002,v2.33,5,CONTINUE
R032,H002,v2.33,25,CONTINUE
R032,H002,v2.33,50,CONTINUE
R032,H002,v2.33,100,CONTINUE
R032,H003,v2.33,5,CONTINUE
R032,H003,v2.33,25,CONTINUE
R032,H003,v2.33,50,CONTINUE
R032,H003,v2.33,100,CONTINUE
R032,H004,v2.33,5,CONTINUE
R032,H004,v2.33,25,CONTINUE
R032,H004,v2.33,50,CONTINUE
R032,H004,v2.33,100,CONTINUE
R032,H005,v2.33,5,CONTINUE
R032,H005,v2.33,25,CONTINUE
R032,H005,v2.33,50,CONTINUE
R032,H005,v2.33,100,CONTINUE
R032,H006,v2.33,5,CONTINUE
R032,H006,v2.33,25,CONTINUE
R032,H006,v2.33,50,CONTINUE
R032,H006,v2.33,100,CONTINUE
R032,H007,v2.33,5,CONTINUE
R032,H007,v2.33,25,CONTINUE
R032,H007,v2.33,50,CONTINUE
R032,H007,v2.33,100,CONTINUE
R032,H008,v2.33,5,CONTINUE
R032,H008,v2.33,25,CONTINUE
R032,H008,v2.33,50,CONTINUE
R032,H008,v2.33,100,CONTINUE
R032,H009,v2.33,5,CONTINUE
R032,H009,v2.33,25,CONTINUE
R032,H009,v2.33,50,CONTINUE
R032,H009,v2.33,100,CONTINUE
R032,H010,v2.33,5,CONTINUE
R032,H010,v2.33,25,CONTINUE
R032,H010,v2.33,50,CONTINUE
R032,H010,v2.33,100,CONTINUE
R032,H011,v2.33,5,CONTINUE
R032,H011,v2.33,25,CONTINUE
R032,H011,v2.33,50,CONTINUE
R032,H011,v2.33,100,CONTINUE
R032,H012,v2.33,5,CONTINUE
R032,H012,v2.33,25,CONTINUE
R032,H012,v2.33,50,CONTINUE
R032,H012,v2.33,100,CONTINUE
R032,H013,v2.33,5,CONTINUE
R032,H013,v2.33,25,CONTINUE
R032,H013,v2.33,50,CONTINUE
R032,H013,v2.33,100,CONTINUE
R032,H014,v2.33,5,CONTINUE
R032,H014,v2.33,25,CONTINUE
R032,H014,v2.33,50,CONTINUE
R032,H014,v2.33,100,CONTINUE
R032,H015,v2.33,5,CONTINUE
R032,H015,v2.33,25,CONTINUE
R032,H015,v2.33,50,CONTINUE
R032,H015,v2.33,100,CONTINUE
R032,H016,v2.33,5,CONTINUE
R032,H016,v2.33,25,CONTINUE
R032,H016,v2.33,50,CONTINUE
R032,H016,v2.33,100,CONTINUE
R032,H017,v2.33,5,CONTINUE
R032,H017,v2.33,25,CONTINUE
R032,H017,v2.33,50,CONTINUE
R032,H017,v2.33,100,CONTINUE
R032,H018,v2.33,5,CONTINUE
R032,H018,v2.33,25,CONTINUE
R032,H018,v2.33,50,CONTINUE
R032,H018,v2.33,100,CONTINUE
R032,H019,v2.33,5,CONTINUE
R032,H019,v2.33,25,CONTINUE
R032,H019,v2.33,50,CONTINUE
R032,H019,v2.33,100,CONTINUE
R032,H020,v2.33,5,CONTINUE
R032,H020,v2.33,25,CONTINUE
R032,H020,v2.33,50,CONTINUE
R032,H020,v2.33,100,CONTINUE
R032,H021,v2.33,5,CONTINUE
R032,H021,v2.33,25,CONTINUE
R032,H021,v2.33,50,CONTINUE
R032,H021,v2.33,100,CONTINUE
R032,H022,v2.33,5,CONTINUE
R032,H022,v2.33,25,CONTINUE
R032,H022,v2.33,50,CONTINUE
R032,H022,v2.33,100,CONTINUE
R032,H023,v2.33,5,CONTINUE
R032,H023,v2.33,25,CONTINUE
R032,H023,v2.33,50,CONTINUE
R032,H023,v2.33,100,CONTINUE
R032,H024,v2.33,5,CONTINUE
R032,H024,v2.33,25,CONTINUE
R032,H024,v2.33,50,CONTINUE
R032,H024,v2.33,100,CONTINUE
R032,H025,v2.33,5,HOLD
R032,H026,v2.33,5,CONTINUE
R032,H026,v2.33,25,CONTINUE
R032,H026,v2.33,50,CONTINUE
R032,H026,v2.33,100,CONTINUE
R032,H027,v2.33,5,HOLD
R032,H028,v2.33,5,CONTINUE
R032,H028,v2.33,25,CONTINUE
R032,H028,v2.33,50,CONTINUE
R032,H028,v2.33,100,CONTINUE
R032,H029,v2.33,5,CONTINUE
R032,H029,v2.33,25,CONTINUE
R032,H029,v2.33,50,CONTINUE
R032,H029,v2.33,100,CONTINUE
R032,H030,v2.33,5,HOLD
R032,H031,v2.33,5,CONTINUE
R032,H031,v2.33,25,CONTINUE
R032,H031,v2.33,50,CONTINUE
R032,H031,v2.33,100,CONTINUE
R032,H032,v2.33,5,HOLD
R032,H033,v2.33,5,CONTINUE
R032,H033,v2.33,25,CONTINUE
R032,H033,v2.33,50,CONTINUE
R032,H033,v2.33,100,CONTINUE
R032,H034,v2.33,5,CONTINUE
R032,H034,v2.33,25,CONTINUE
R032,H034,v2.33,50,CONTINUE
R032,H034,v2.33,100,CONTINUE
R032,H035,v2.33,5,CONTINUE
R032,H035,v2.33,25,CONTINUE
R032,H035,v2.33,50,CONTINUE
R032,H035,v2.33,100,CONTINUE
R032,H036,v2.33,5,CONTINUE
R032,H036,v2.33,25,CONTINUE
R032,H036,v2.33,50,CONTINUE
R032,H036,v2.33,100,CONTINUE
R032,H037,v2.33,5,CONTINUE
R032,H037,v2.33,25,CONTINUE
R032,H037,v2.33,50,CONTINUE
R032,H037,v2.33,100,CONTINUE
R032,H038,v2.33,5,CONTINUE
R032,H038,v2.33,25,CONTINUE
R032,H038,v2.33,50,CONTINUE
R032,H038,v2.33,100,CONTINUE
R032,H039,v2.33,5,CONTINUE
R032,H039,v2.33,25,CONTINUE
R032,H039,v2.33,50,CONTINUE
R032,H039,v2.33,100,CONTINUE
R032,H040,v2.33,5,HOLD
R032,H041,v2.33,5,CONTINUE
R032,H041,v2.33,25,CONTINUE
R032,H041,v2.33,50,CONTINUE
R032,H041,v2.33,100,CONTINUE
R032,H042,v2.33,5,CONTINUE
R032,H042,v2.33,25,CONTINUE
R032,H042,v2.33,50,CONTINUE
R032,H042,v2.33,100,CONTINUE
R032,H043,v2.33,5,CONTINUE
R032,H043,v2.33,25,CONTINUE
R032,H043,v2.33,50,CONTINUE
R032,H043,v2.33,100,CONTINUE
R032,H044,v2.33,5,CONTINUE
R032,H044,v2.33,25,CONTINUE
R032,H044,v2.33,50,CONTINUE
R032,H044,v2.33,100,CONTINUE
R032,H045,v2.33,5,CONTINUE
R032,H045,v2.33,25,CONTINUE
R032,H045,v2.33,50,CONTINUE
R032,H045,v2.33,100,CONTINUE
R032,H046,v2.33,5,CONTINUE
R032,H046,v2.33,25,CONTINUE
R032,H046,v2.33,50,CONTINUE
R032,H046,v2.33,100,CONTINUE
R032,H047,v2.33,5,CONTINUE
R032,H047,v2.33,25,CONTINUE
R032,H047,v2.33,50,CONTINUE
R032,H047,v2.33,100,CONTINUE
R032,H048,v2.33,5,CONTINUE
R032,H048,v2.33,25,CONTINUE
R032,H048,v2.33,50,CONTINUE
R032,H048,v2.33,100,CONTINUE
R032,H049,v2.33,5,CONTINUE
R032,H049,v2.33,25,CONTINUE
R032,H049,v2.33,50,CONTINUE
R032,H049,v2.33,100,CONTINUE
R032,H050,v2.33,5,CONTINUE
R032,H050,v2.33,25,CONTINUE
R032,H050,v2.33,50,CONTINUE
R032,H050,v2.33,100,CONTINUE
R033,H001,v2.34,5,CONTINUE
R033,H001,v2.34,25,CONTINUE
R033,H001,v2.34,50,CONTINUE
R033,H001,v2.34,100,CONTINUE
R033,H002,v2.34,5,CONTINUE
R033,H002,v2.34,25,CONTINUE
R033,H002,v2.34,50,CONTINUE
R033,H002,v2.34,100,CONTINUE
R033,H003,v2.34,5,CONTINUE
R033,H003,v2.34,25,CONTINUE
R033,H003,v2.34,50,CONTINUE
R033,H003,v2.34,100,CONTINUE
R033,H004,v2.34,5,CONTINUE
R033,H004,v2.34,25,CONTINUE
R033,H004,v2.34,50,CONTINUE
R033,H004,v2.34,100,CONTINUE
R033,H005,v2.34,5,CONTINUE
R033,H005,v2.34,25,CONTINUE
R033,H005,v2.34,50,CONTINUE
R033,H005,v2.34,100,CONTINUE
R033,H006,v2.34,5,CONTINUE
R033,H006,v2.34,25,CONTINUE
R033,H006,v2.34,50,CONTINUE
R033,H006,v2.34,100,CONTINUE
R033,H007,v2.34,5,CONTINUE
R033,H007,v2.34,25,CONTINUE
R033,H007,v2.34,50,CONTINUE
R033,H007,v2.34,100,CONTINUE
R033,H008,v2.34,5,CONTINUE
R033,H008,v2.34,25,CONTINUE
R033,H008,v2.34,50,CONTINUE
R033,H008,v2.34,100,CONTINUE
R033,H009,v2.34,5,HOLD
R033,H010,v2.34,5,CONTINUE
R033,H010,v2.34,25,CONTINUE
R033,H010,v2.34,50,CONTINUE
R033,H010,v2.34,100,CONTINUE
R033,H011,v2.34,5,CONTINUE
R033,H011,v2.34,25,CONTINUE
R033,H011,v2.34,50,CONTINUE
R033,H011,v2.34,100,CONTINUE
R033,H012,v2.34,5,CONTINUE
R033,H012,v2.34,25,CONTINUE
R033,H012,v2.34,50,CONTINUE
R033,H012,v2.34,100,CONTINUE
R033,H013,v2.34,5,CONTINUE
R033,H013,v2.34,25,CONTINUE
R033,H013,v2.34,50,CONTINUE
R033,H013,v2.34,100,CONTINUE
R033,H014,v2.34,5,CONTINUE
R033,H014,v2.34,25,CONTINUE
R033,H014,v2.34,50,CONTINUE
R033,H014,v2.34,100,CONTINUE
R033,H015,v2.34,5,CONTINUE
R033,H015,v2.34,25,CONTINUE
R033,H015,v2.34,50,CONTINUE
R033,H015,v2.34,100,CONTINUE
R033,H016,v2.34,5,CONTINUE
R033,H016,v2.34,25,CONTINUE
R033,H016,v2.34,50,CONTINUE
R033,H016,v2.34,100,CONTINUE
R033,H017,v2.34,5,CONTINUE
R033,H017,v2.34,25,CONTINUE
R033,H017,v2.34,50,CONTINUE
R033,H017,v2.34,100,CONTINUE
R033,H018,v2.34,5,CONTINUE
R033,H018,v2.34,25,CONTINUE
R033,H018,v2.34,50,CONTINUE
R033,H018,v2.34,100,CONTINUE
R033,H019,v2.34,5,CONTINUE
R033,H019,v2.34,25,CONTINUE
R033,H019,v2.34,50,CONTINUE
R033,H019,v2.34,100,CONTINUE
R033,H020,v2.34,5,CONTINUE
R033,H020,v2.34,25,CONTINUE
R033,H020,v2.34,50,CONTINUE
R033,H020,v2.34,100,CONTINUE
R033,H021,v2.34,5,HOLD
R033,H022,v2.34,5,CONTINUE
R033,H022,v2.34,25,CONTINUE
R033,H022,v2.34,50,CONTINUE
R033,H022,v2.34,100,CONTINUE
R033,H023,v2.34,5,CONTINUE
R033,H023,v2.34,25,CONTINUE
R033,H023,v2.34,50,CONTINUE
R033,H023,v2.34,100,CONTINUE
R033,H024,v2.34,5,CONTINUE
R033,H024,v2.34,25,CONTINUE
R033,H024,v2.34,50,CONTINUE
R033,H024,v2.34,100,CONTINUE
R033,H025,v2.34,5,CONTINUE
R033,H025,v2.34,25,CONTINUE
R033,H025,v2.34,50,CONTINUE
R033,H025,v2.34,100,CONTINUE
R033,H026,v2.34,5,CONTINUE
R033,H026,v2.34,25,CONTINUE
R033,H026,v2.34,50,CONTINUE
R033,H026,v2.34,100,CONTINUE
R033,H027,v2.34,5,CONTINUE
R033,H027,v2.34,25,CONTINUE
R033,H027,v2.34,50,CONTINUE
R033,H027,v2.34,100,CONTINUE
R033,H028,v2.34,5,CONTINUE
R033,H028,v2.34,25,CONTINUE
R033,H028,v2.34,50,CONTINUE
R033,H028,v2.34,100,CONTINUE
R033,H029,v2.34,5,CONTINUE
R033,H029,v2.34,25,CONTINUE
R033,H029,v2.34,50,CONTINUE
R033,H029,v2.34,100,CONTINUE
R033,H030,v2.34,5,CONTINUE
R033,H030,v2.34,25,CONTINUE
R033,H030,v2.34,50,CONTINUE
R033,H030,v2.34,100,CONTINUE
R033,H031,v2.34,5,CONTINUE
R033,H031,v2.34,25,CONTINUE
R033,H031,v2.34,50,CONTINUE
R033,H031,v2.34,100,CONTINUE
R033,H032,v2.34,5,CONTINUE
R033,H032,v2.34,25,CONTINUE
R033,H032,v2.34,50,CONTINUE
R033,H032,v2.34,100,CONTINUE
R033,H033,v2.34,5,STOP
R033,H034,v2.34,5,CONTINUE
R033,H034,v2.34,25,CONTINUE
R033,H034,v2.34,50,CONTINUE
R033,H034,v2.34,100,CONTINUE
R033,H035,v2.34,5,STOP
R033,H036,v2.34,5,CONTINUE
R033,H036,v2.34,25,CONTINUE
R033,H036,v2.34,50,CONTINUE
R033,H036,v2.34,100,CONTINUE
R033,H037,v2.34,5,CONTINUE
R033,H037,v2.34,25,CONTINUE
R033,H037,v2.34,50,CONTINUE
R033,H037,v2.34,100,CONTINUE
R033,H038,v2.34,5,CONTINUE
R033,H038,v2.34,25,CONTINUE
R033,H038,v2.34,50,CONTINUE
R033,H038,v2.34,100,CONTINUE
R033,H039,v2.34,5,CONTINUE
R033,H039,v2.34,25,CONTINUE
R033,H039,v2.34,50,CONTINUE
R033,H039,v2.34,100,CONTINUE
R033,H040,v2.34,5,CONTINUE
R033,H040,v2.34,25,CONTINUE
R033,H040,v2.34,50,CONTINUE
R033,H040,v2.34,100,CONTINUE
R033,H041,v2.34,5,CONTINUE
R033,H041,v2.34,25,CONTINUE
R033,H041,v2.34,50,CONTINUE
R033,H041,v2.34,100,CONTINUE
R033,H042,v2.34,5,CONTINUE
R033,H042,v2.34,25,CONTINUE
R033,H042,v2.34,50,CONTINUE
R033,H042,v2.34,100,CONTINUE
R033,H043,v2.34,5,CONTINUE
R033,H043,v2.34,25,CONTINUE
R033,H043,v2.34,50,CONTINUE
R033,H043,v2.34,100,CONTINUE
R033,H044,v2.34,5,CONTINUE
R033,H044,v2.34,25,CONTINUE
R033,H044,v2.34,50,CONTINUE
R033,H044,v2.34,100,CONTINUE
R033,H045,v2.34,5,CONTINUE
R033,H045,v2.34,25,CONTINUE
R033,H045,v2.34,50,CONTINUE
R033,H045,v2.34,100,CONTINUE
R033,H046,v2.34,5,CONTINUE
R033,H046,v2.34,25,CONTINUE
R033,H046,v2.34,50,CONTINUE
R033,H046,v2.34,100,CONTINUE
R033,H047,v2.34,5,CONTINUE
R033,H047,v2.34,25,CONTINUE
R033,H047,v2.34,50,CONTINUE
R033,H047,v2.34,100,CONTINUE
R033,H048,v2.34,5,CONTINUE
R033,H048,v2.34,25,CONTINUE
R033,H048,v2.34,50,CONTINUE
R033,H048,v2.34,100,CONTINUE
R033,H049,v2.34,5,CONTINUE
R033,H049,v2.34,25,CONTINUE
R033,H049,v2.34,50,CONTINUE
R033,H049,v2.34,100,CONTINUE
R033,H050,v2.34,5,CONTINUE
R033,H050,v2.34,25,CONTINUE
R033,H050,v2.34,50,CONTINUE
R033,H050,v2.34,100,CONTINUE
R034,H001,v2.35,5,STOP
R034,H002,v2.35,5,CONTINUE
R034,H002,v2.35,25,CONTINUE
R034,H002,v2.35,50,CONTINUE
R034,H002,v2.35,100,CONTINUE
R034,H003,v2.35,5,CONTINUE
R034,H003,v2.35,25,CONTINUE
R034,H003,v2.35,50,CONTINUE
R034,H003,v2.35,100,CONTINUE
R034,H004,v2.35,5,CONTINUE
R034,H004,v2.35,25,CONTINUE
R034,H004,v2.35,50,CONTINUE
R034,H004,v2.35,100,CONTINUE
R034,H005,v2.35,5,CONTINUE
R034,H005,v2.35,25,CONTINUE
R034,H005,v2.35,50,CONTINUE
R034,H005,v2.35,100,CONTINUE
R034,H006,v2.35,5,CONTINUE
R034,H006,v2.35,25,CONTINUE
R034,H006,v2.35,50,CONTINUE
R034,H006,v2.35,100,CONTINUE
R034,H007,v2.35,5,CONTINUE
R034,H007,v2.35,25,CONTINUE
R034,H007,v2.35,50,CONTINUE
R034,H007,v2.35,100,CONTINUE
R034,H008,v2.35,5,CONTINUE
R034,H008,v2.35,25,CONTINUE
R034,H008,v2.35,50,CONTINUE
R034,H008,v2.35,100,CONTINUE
R034,H009,v2.35,5,CONTINUE
R034,H009,v2.35,25,CONTINUE
R034,H009,v2.35,50,CONTINUE
R034,H009,v2.35,100,CONTINUE
R034,H010,v2.35,5,CONTINUE
R034,H010,v2.35,25,CONTINUE
R034,H010,v2.35,50,CONTINUE
R034,H010,v2.35,100,CONTINUE
R034,H011,v2.35,5,CONTINUE
R034,H011,v2.35,25,CONTINUE
R034,H011,v2.35,50,CONTINUE
R034,H011,v2.35,100,CONTINUE
R034,H012,v2.35,5,CONTINUE
R034,H012,v2.35,25,CONTINUE
R034,H012,v2.35,50,CONTINUE
R034,H012,v2.35,100,CONTINUE
R034,H013,v2.35,5,CONTINUE
R034,H013,v2.35,25,CONTINUE
R034,H013,v2.35,50,CONTINUE
R034,H013,v2.35,100,CONTINUE
R034,H014,v2.35,5,CONTINUE
R034,H014,v2.35,25,CONTINUE
R034,H014,v2.35,50,CONTINUE
R034,H014,v2.35,100,CONTINUE
R034,H015,v2.35,5,CONTINUE
R034,H015,v2.35,25,CONTINUE
R034,H015,v2.35,50,CONTINUE
R034,H015,v2.35,100,CONTINUE
R034,H016,v2.35,5,CONTINUE
R034,H016,v2.35,25,CONTINUE
R034,H016,v2.35,50,CONTINUE
R034,H016,v2.35,100,CONTINUE
R034,H017,v2.35,5,STOP
R034,H018,v2.35,5,CONTINUE
R034,H018,v2.35,25,CONTINUE
R034,H018,v2.35,50,CONTINUE
R034,H018,v2.35,100,CONTINUE
R034,H019,v2.35,5,CONTINUE
R034,H019,v2.35,25,CONTINUE
R034,H019,v2.35,50,CONTINUE
R034,H019,v2.35,100,CONTINUE
R034,H020,v2.35,5,CONTINUE
R034,H020,v2.35,25,CONTINUE
R034,H020,v2.35,50,CONTINUE
R034,H020,v2.35,100,CONTINUE
R034,H021,v2.35,5,CONTINUE
R034,H021,v2.35,25,CONTINUE
R034,H021,v2.35,50,CONTINUE
R034,H021,v2.35,100,CONTINUE
R034,H022,v2.35,5,CONTINUE
R034,H022,v2.35,25,CONTINUE
R034,H022,v2.35,50,CONTINUE
R034,H022,v2.35,100,CONTINUE
R034,H023,v2.35,5,CONTINUE
R034,H023,v2.35,25,CONTINUE
R034,H023,v2.35,50,CONTINUE
R034,H023,v2.35,100,CONTINUE
R034,H024,v2.35,5,CONTINUE
R034,H024,v2.35,25,CONTINUE
R034,H024,v2.35,50,CONTINUE
R034,H024,v2.35,100,CONTINUE
R034,H025,v2.35,5,CONTINUE
R034,H025,v2.35,25,CONTINUE
R034,H025,v2.35,50,CONTINUE
R034,H025,v2.35,100,CONTINUE
R034,H026,v2.35,5,CONTINUE
R034,H026,v2.35,25,CONTINUE
R034,H026,v2.35,50,CONTINUE
R034,H026,v2.35,100,CONTINUE
R034,H027,v2.35,5,CONTINUE
R034,H027,v2.35,25,CONTINUE
R034,H027,v2.35,50,CONTINUE
R034,H027,v2.35,100,CONTINUE
R034,H028,v2.35,5,HOLD
R034,H029,v2.35,5,CONTINUE
R034,H029,v2.35,25,CONTINUE
R034,H029,v2.35,50,CONTINUE
R034,H029,v2.35,100,CONTINUE
R034,H030,v2.35,5,CONTINUE
R034,H030,v2.35,25,CONTINUE
R034,H030,v2.35,50,CONTINUE
R034,H030,v2.35,100,CONTINUE
R034,H031,v2.35,5,CONTINUE
R034,H031,v2.35,25,CONTINUE
R034,H031,v2.35,50,CONTINUE
R034,H031,v2.35,100,CONTINUE
R034,H032,v2.35,5,CONTINUE
R034,H032,v2.35,25,CONTINUE
R034,H032,v2.35,50,CONTINUE
R034,H032,v2.35,100,CONTINUE
R034,H033,v2.35,5,CONTINUE
R034,H033,v2.35,25,CONTINUE
R034,H033,v2.35,50,CONTINUE
R034,H033,v2.35,100,CONTINUE
R034,H034,v2.35,5,CONTINUE
R034,H034,v2.35,25,CONTINUE
R034,H034,v2.35,50,CONTINUE
R034,H034,v2.35,100,CONTINUE
R034,H035,v2.35,5,CONTINUE
R034,H035,v2.35,25,CONTINUE
R034,H035,v2.35,50,CONTINUE
R034,H035,v2.35,100,CONTINUE
R034,H036,v2.35,5,CONTINUE
R034,H036,v2.35,25,CONTINUE
R034,H036,v2.35,50,CONTINUE
R034,H036,v2.35,100,CONTINUE
R034,H037,v2.35,5,CONTINUE
R034,H037,v2.35,25,CONTINUE
R034,H037,v2.35,50,CONTINUE
R034,H037,v2.35,100,CONTINUE
R034,H038,v2.35,5,CONTINUE
R034,H038,v2.35,25,CONTINUE
R034,H038,v2.35,50,CONTINUE
R034,H038,v2.35,100,CONTINUE
R034,H039,v2.35,5,CONTINUE
R034,H039,v2.35,25,CONTINUE
R034,H039,v2.35,50,CONTINUE
R034,H039,v2.35,100,CONTINUE
R034,H040,v2.35,5,CONTINUE
R034,H040,v2.35,25,CONTINUE
R034,H040,v2.35,50,CONTINUE
R034,H040,v2.35,100,CONTINUE
R034,H041,v2.35,5,CONTINUE
R034,H041,v2.35,25,CONTINUE
R034,H041,v2.35,50,CONTINUE
R034,H041,v2.35,100,CONTINUE
R034,H042,v2.35,5,CONTINUE
R034,H042,v2.35,25,CONTINUE
R034,H042,v2.35,50,CONTINUE
R034,H042,v2.35,100,CONTINUE
R034,H043,v2.35,5,CONTINUE
R034,H043,v2.35,25,CONTINUE
R034,H043,v2.35,50,CONTINUE
R034,H043,v2.35,100,CONTINUE
R034,H044,v2.35,5,CONTINUE
R034,H044,v2.35,25,CONTINUE
R034,H044,v2.35,50,CONTINUE
R034,H044,v2.35,100,CONTINUE
R034,H045,v2.35,5,STOP
R034,H046,v2.35,5,CONTINUE
R034,H046,v2.35,25,CONTINUE
R034,H046,v2.35,50,CONTINUE
R034,H046,v2.35,100,CONTINUE
R034,H047,v2.35,5,CONTINUE
R034,H047,v2.35,25,CONTINUE
R034,H047,v2.35,50,CONTINUE
R034,H047,v2.35,100,CONTINUE
R034,H048,v2.35,5,CONTINUE
R034,H048,v2.35,25,CONTINUE
R034,H048,v2.35,50,CONTINUE
R034,H048,v2.35,100,CONTINUE
R034,H049,v2.35,5,CONTINUE
R034,H049,v2.35,25,CONTINUE
R034,H049,v2.35,50,CONTINUE
R034,H049,v2.35,100,CONTINUE
R034,H050,v2.35,5,CONTINUE
R034,H050,v2.35,25,CONTINUE
R034,H050,v2.35,50,CONTINUE
R034,H050,v2.35,100,CONTINUE
R035,H001,v2.36,5,STOP
R035,H002,v2.36,5,STOP
R035,H003,v2.36,5,STOP
R035,H004,v2.36,5,STOP
R035,H005,v2.36,5,STOP
R035,H006,v2.36,5,STOP
R035,H007,v2.36,5,STOP
R035,H008,v2.36,5,STOP
R035,H009,v2.36,5,STOP
R035,H010,v2.36,5,STOP
R035,H011,v2.36,5,STOP
R035,H012,v2.36,5,HOLD
R035,H013,v2.36,5,HOLD
R035,H014,v2.36,5,STOP
R035,H015,v2.36,5,STOP
R035,H016,v2.36,5,STOP
R035,H017,v2.36,5,STOP
R035,H018,v2.36,5,STOP
R035,H019,v2.36,5,HOLD
R035,H020,v2.36,5,STOP
R035,H021,v2.36,5,STOP
R035,H022,v2.36,5,HOLD
R035,H023,v2.36,5,STOP
R035,H024,v2.36,5,STOP
R035,H025,v2.36,5,STOP
R035,H026,v2.36,5,STOP
R035,H027,v2.36,5,STOP
R035,H028,v2.36,5,STOP
R035,H029,v2.36,5,HOLD
R035,H030,v2.36,5,STOP
R035,H031,v2.36,5,STOP
R035,H032,v2.36,5,STOP
R035,H033,v2.36,5,HOLD
R035,H034,v2.36,5,STOP
R035,H035,v2.36,5,HOLD
R035,H036,v2.36,5,STOP
R035,H037,v2.36,5,HOLD
R035,H038,v2.36,5,STOP
R035,H039,v2.36,5,STOP
R035,H040,v2.36,5,STOP
R035,H041,v2.36,5,STOP
R035,H042,v2.36,5,STOP
R035,H043,v2.36,5,STOP
R035,H044,v2.36,5,STOP
R035,H045,v2.36,5,STOP
R035,H046,v2.36,5,STOP
R035,H047,v2.36,5,STOP
R035,H048,v2.36,5,STOP
R035,H049,v2.36,5,HOLD
R035,H050,v2.36,5,HOLD
R036,H001,v2.37,5,CONTINUE
R036,H001,v2.37,25,CONTINUE
R036,H001,v2.37,50,CONTINUE
R036,H001,v2.37,100,CONTINUE
R036,H002,v2.37,5,CONTINUE
R036,H002,v2.37,25,CONTINUE
R036,H002,v2.37,50,CONTINUE
R036,H002,v2.37,100,CONTINUE
R036,H003,v2.37,5,CONTINUE
R036,H003,v2.37,25,CONTINUE
R036,H003,v2.37,50,CONTINUE
R036,H003,v2.37,100,CONTINUE
R036,H004,v2.37,5,CONTINUE
R036,H004,v2.37,25,CONTINUE
R036,H004,v2.37,50,CONTINUE
R036,H004,v2.37,100,CONTINUE
R036,H005,v2.37,5,CONTINUE
R036,H005,v2.37,25,CONTINUE
R036,H005,v2.37,50,CONTINUE
R036,H005,v2.37,100,CONTINUE
R036,H006,v2.37,5,CONTINUE
R036,H006,v2.37,25,CONTINUE
R036,H006,v2.37,50,CONTINUE
R036,H006,v2.37,100,CONTINUE
R036,H007,v2.37,5,CONTINUE
R036,H007,v2.37,25,CONTINUE
R036,H007,v2.37,50,CONTINUE
R036,H007,v2.37,100,CONTINUE
R036,H008,v2.37,5,CONTINUE
R036,H008,v2.37,25,CONTINUE
R036,H008,v2.37,50,CONTINUE
R036,H008,v2.37,100,CONTINUE
R036,H009,v2.37,5,STOP
R036,H010,v2.37,5,CONTINUE
R036,H010,v2.37,25,CONTINUE
R036,H010,v2.37,50,CONTINUE
R036,H010,v2.37,100,CONTINUE
R036,H011,v2.37,5,CONTINUE
R036,H011,v2.37,25,CONTINUE
R036,H011,v2.37,50,CONTINUE
R036,H011,v2.37,100,CONTINUE
R036,H012,v2.37,5,CONTINUE
R036,H012,v2.37,25,CONTINUE
R036,H012,v2.37,50,CONTINUE
R036,H012,v2.37,100,CONTINUE
R036,H013,v2.37,5,CONTINUE
R036,H013,v2.37,25,CONTINUE
R036,H013,v2.37,50,CONTINUE
R036,H013,v2.37,100,CONTINUE
R036,H014,v2.37,5,CONTINUE
R036,H014,v2.37,25,CONTINUE
R036,H014,v2.37,50,CONTINUE
R036,H014,v2.37,100,CONTINUE
R036,H015,v2.37,5,CONTINUE
R036,H015,v2.37,25,CONTINUE
R036,H015,v2.37,50,CONTINUE
R036,H015,v2.37,100,CONTINUE
R036,H016,v2.37,5,CONTINUE
R036,H016,v2.37,25,CONTINUE
R036,H016,v2.37,50,CONTINUE
R036,H016,v2.37,100,CONTINUE
R036,H017,v2.37,5,CONTINUE
R036,H017,v2.37,25,CONTINUE
R036,H017,v2.37,50,CONTINUE
R036,H017,v2.37,100,CONTINUE
R036,H018,v2.37,5,STOP
R036,H019,v2.37,5,CONTINUE
R036,H019,v2.37,25,CONTINUE
R036,H019,v2.37,50,CONTINUE
R036,H019,v2.37,100,CONTINUE
R036,H020,v2.37,5,HOLD
R036,H021,v2.37,5,CONTINUE
R036,H021,v2.37,25,CONTINUE
R036,H021,v2.37,50,CONTINUE
R036,H021,v2.37,100,CONTINUE
R036,H022,v2.37,5,CONTINUE
R036,H022,v2.37,25,CONTINUE
R036,H022,v2.37,50,CONTINUE
R036,H022,v2.37,100,CONTINUE
R036,H023,v2.37,5,CONTINUE
R036,H023,v2.37,25,CONTINUE
R036,H023,v2.37,50,CONTINUE
R036,H023,v2.37,100,CONTINUE
R036,H024,v2.37,5,CONTINUE
R036,H024,v2.37,25,CONTINUE
R036,H024,v2.37,50,CONTINUE
R036,H024,v2.37,100,CONTINUE
R036,H025,v2.37,5,CONTINUE
R036,H025,v2.37,25,CONTINUE
R036,H025,v2.37,50,CONTINUE
R036,H025,v2.37,100,CONTINUE
R036,H026,v2.37,5,CONTINUE
R036,H026,v2.37,25,CONTINUE
R036,H026,v2.37,50,CONTINUE
R036,H026,v2.37,100,CONTINUE
R036,H027,v2.37,5,CONTINUE
R036,H027,v2.37,25,CONTINUE
R036,H027,v2.37,50,CONTINUE
R036,H027,v2.37,100,CONTINUE
R036,H028,v2.37,5,CONTINUE
R036,H028,v2.37,25,CONTINUE
R036,H028,v2.37,50,CONTINUE
R036,H028,v2.37,100,CONTINUE
R036,H029,v2.37,5,CONTINUE
R036,H029,v2.37,25,CONTINUE
R036,H029,v2.37,50,CONTINUE
R036,H029,v2.37,100,CONTINUE
R036,H030,v2.37,5,CONTINUE
R036,H030,v2.37,25,CONTINUE
R036,H030,v2.37,50,CONTINUE
R036,H030,v2.37,100,CONTINUE
R036,H031,v2.37,5,CONTINUE
R036,H031,v2.37,25,CONTINUE
R036,H031,v2.37,50,CONTINUE
R036,H031,v2.37,100,CONTINUE
R036,H032,v2.37,5,CONTINUE
R036,H032,v2.37,25,CONTINUE
R036,H032,v2.37,50,CONTINUE
R036,H032,v2.37,100,CONTINUE
R036,H033,v2.37,5,CONTINUE
R036,H033,v2.37,25,CONTINUE
R036,H033,v2.37,50,CONTINUE
R036,H033,v2.37,100,CONTINUE
R036,H034,v2.37,5,CONTINUE
R036,H034,v2.37,25,CONTINUE
R036,H034,v2.37,50,CONTINUE
R036,H034,v2.37,100,CONTINUE
R036,H035,v2.37,5,CONTINUE
R036,H035,v2.37,25,CONTINUE
R036,H035,v2.37,50,CONTINUE
R036,H035,v2.37,100,CONTINUE
R036,H036,v2.37,5,CONTINUE
R036,H036,v2.37,25,CONTINUE
R036,H036,v2.37,50,CONTINUE
R036,H036,v2.37,100,CONTINUE
R036,H037,v2.37,5,CONTINUE
R036,H037,v2.37,25,CONTINUE
R036,H037,v2.37,50,CONTINUE
R036,H037,v2.37,100,CONTINUE
R036,H038,v2.37,5,CONTINUE
R036,H038,v2.37,25,CONTINUE
R036,H038,v2.37,50,CONTINUE
R036,H038,v2.37,100,CONTINUE
R036,H039,v2.37,5,CONTINUE
R036,H039,v2.37,25,CONTINUE
R036,H039,v2.37,50,CONTINUE
R036,H039,v2.37,100,CONTINUE
R036,H040,v2.37,5,CONTINUE
R036,H040,v2.37,25,CONTINUE
R036,H040,v2.37,50,CONTINUE
R036,H040,v2.37,100,CONTINUE
R036,H041,v2.37,5,CONTINUE
R036,H041,v2.37,25,CONTINUE
R036,H041,v2.37,50,CONTINUE
R036,H041,v2.37,100,CONTINUE
R036,H042,v2.37,5,CONTINUE
R036,H042,v2.37,25,CONTINUE
R036,H042,v2.37,50,CONTINUE
R036,H042,v2.37,100,CONTINUE
R036,H043,v2.37,5,CONTINUE
R036,H043,v2.37,25,CONTINUE
R036,H043,v2.37,50,CONTINUE
R036,H043,v2.37,100,CONTINUE
R036,H044,v2.37,5,CONTINUE
R036,H044,v2.37,25,CONTINUE
R036,H044,v2.37,50,CONTINUE
R036,H044,v2.37,100,CONTINUE
R036,H045,v2.37,5,CONTINUE
R036,H045,v2.37,25,CONTINUE
R036,H045,v2.37,50,CONTINUE
R036,H045,v2.37,100,CONTINUE
R036,H046,v2.37,5,CONTINUE
R036,H046,v2.37,25,CONTINUE
R036,H046,v2.37,50,CONTINUE
R036,H046,v2.37,100,CONTINUE
R036,H047,v2.37,5,CONTINUE
R036,H047,v2.37,25,CONTINUE
R036,H047,v2.37,50,CONTINUE
R036,H047,v2.37,100,CONTINUE
R036,H048,v2.37,5,CONTINUE
R036,H048,v2.37,25,CONTINUE
R036,H048,v2.37,50,CONTINUE
R036,H048,v2.37,100,CONTINUE
R036,H049,v2.37,5,CONTINUE
R036,H049,v2.37,25,CONTINUE
R036,H049,v2.37,50,CONTINUE
R036,H049,v2.37,100,CONTINUE
R036,H050,v2.37,5,HOLD
R037,H001,v2.38,5,CONTINUE
R037,H001,v2.38,25,CONTINUE
R037,H001,v2.38,50,CONTINUE
R037,H001,v2.38,100,CONTINUE
R037,H002,v2.38,5,CONTINUE
R037,H002,v2.38,25,CONTINUE
R037,H002,v2.38,50,CONTINUE
R037,H002,v2.38,100,CONTINUE
R037,H003,v2.38,5,CONTINUE
R037,H003,v2.38,25,CONTINUE
R037,H003,v2.38,50,CONTINUE
R037,H003,v2.38,100,CONTINUE
R037,H004,v2.38,5,CONTINUE
R037,H004,v2.38,25,CONTINUE
R037,H004,v2.38,50,CONTINUE
R037,H004,v2.38,100,CONTINUE
R037,H005,v2.38,5,CONTINUE
R037,H005,v2.38,25,CONTINUE
R037,H005,v2.38,50,CONTINUE
R037,H005,v2.38,100,CONTINUE
R037,H006,v2.38,5,CONTINUE
R037,H006,v2.38,25,CONTINUE
R037,H006,v2.38,50,CONTINUE
R037,H006,v2.38,100,CONTINUE
R037,H007,v2.38,5,CONTINUE
R037,H007,v2.38,25,CONTINUE
R037,H007,v2.38,50,CONTINUE
R037,H007,v2.38,100,CONTINUE
R037,H008,v2.38,5,CONTINUE
R037,H008,v2.38,25,CONTINUE
R037,H008,v2.38,50,CONTINUE
R037,H008,v2.38,100,CONTINUE
R037,H009,v2.38,5,CONTINUE
R037,H009,v2.38,25,CONTINUE
R037,H009,v2.38,50,CONTINUE
R037,H009,v2.38,100,CONTINUE
R037,H010,v2.38,5,HOLD
R037,H011,v2.38,5,CONTINUE
R037,H011,v2.38,25,CONTINUE
R037,H011,v2.38,50,CONTINUE
R037,H011,v2.38,100,CONTINUE
R037,H012,v2.38,5,CONTINUE
R037,H012,v2.38,25,CONTINUE
R037,H012,v2.38,50,CONTINUE
R037,H012,v2.38,100,CONTINUE
R037,H013,v2.38,5,CONTINUE
R037,H013,v2.38,25,CONTINUE
R037,H013,v2.38,50,CONTINUE
R037,H013,v2.38,100,CONTINUE
R037,H014,v2.38,5,STOP
R037,H015,v2.38,5,CONTINUE
R037,H015,v2.38,25,CONTINUE
R037,H015,v2.38,50,CONTINUE
R037,H015,v2.38,100,CONTINUE
R037,H016,v2.38,5,CONTINUE
R037,H016,v2.38,25,CONTINUE
R037,H016,v2.38,50,CONTINUE
R037,H016,v2.38,100,CONTINUE
R037,H017,v2.38,5,CONTINUE
R037,H017,v2.38,25,CONTINUE
R037,H017,v2.38,50,CONTINUE
R037,H017,v2.38,100,CONTINUE
R037,H018,v2.38,5,CONTINUE
R037,H018,v2.38,25,CONTINUE
R037,H018,v2.38,50,CONTINUE
R037,H018,v2.38,100,CONTINUE
R037,H019,v2.38,5,CONTINUE
R037,H019,v2.38,25,CONTINUE
R037,H019,v2.38,50,CONTINUE
R037,H019,v2.38,100,CONTINUE
R037,H020,v2.38,5,CONTINUE
R037,H020,v2.38,25,CONTINUE
R037,H020,v2.38,50,CONTINUE
R037,H020,v2.38,100,CONTINUE
R037,H021,v2.38,5,CONTINUE
R037,H021,v2.38,25,CONTINUE
R037,H021,v2.38,50,CONTINUE
R037,H021,v2.38,100,CONTINUE
R037,H022,v2.38,5,CONTINUE
R037,H022,v2.38,25,CONTINUE
R037,H022,v2.38,50,CONTINUE
R037,H022,v2.38,100,CONTINUE
R037,H023,v2.38,5,CONTINUE
R037,H023,v2.38,25,CONTINUE
R037,H023,v2.38,50,CONTINUE
R037,H023,v2.38,100,CONTINUE
R037,H024,v2.38,5,CONTINUE
R037,H024,v2.38,25,CONTINUE
R037,H024,v2.38,50,CONTINUE
R037,H024,v2.38,100,CONTINUE
R037,H025,v2.38,5,CONTINUE
R037,H025,v2.38,25,CONTINUE
R037,H025,v2.38,50,CONTINUE
R037,H025,v2.38,100,CONTINUE
R037,H026,v2.38,5,CONTINUE
R037,H026,v2.38,25,CONTINUE
R037,H026,v2.38,50,CONTINUE
R037,H026,v2.38,100,CONTINUE
R037,H027,v2.38,5,CONTINUE
R037,H027,v2.38,25,CONTINUE
R037,H027,v2.38,50,CONTINUE
R037,H027,v2.38,100,CONTINUE
R037,H028,v2.38,5,STOP
R037,H029,v2.38,5,CONTINUE
R037,H029,v2.38,25,CONTINUE
R037,H029,v2.38,50,CONTINUE
R037,H029,v2.38,100,CONTINUE
R037,H030,v2.38,5,HOLD
R037,H031,v2.38,5,CONTINUE
R037,H031,v2.38,25,CONTINUE
R037,H031,v2.38,50,CONTINUE
R037,H031,v2.38,100,CONTINUE
R037,H032,v2.38,5,CONTINUE
R037,H032,v2.38,25,CONTINUE
R037,H032,v2.38,50,CONTINUE
R037,H032,v2.38,100,CONTINUE
R037,H033,v2.38,5,CONTINUE
R037,H033,v2.38,25,CONTINUE
R037,H033,v2.38,50,CONTINUE
R037,H033,v2.38,100,CONTINUE
R037,H034,v2.38,5,CONTINUE
R037,H034,v2.38,25,CONTINUE
R037,H034,v2.38,50,CONTINUE
R037,H034,v2.38,100,CONTINUE
R037,H035,v2.38,5,CONTINUE
R037,H035,v2.38,25,CONTINUE
R037,H035,v2.38,50,CONTINUE
R037,H035,v2.38,100,CONTINUE
R037,H036,v2.38,5,HOLD
R037,H037,v2.38,5,CONTINUE
R037,H037,v2.38,25,CONTINUE
R037,H037,v2.38,50,CONTINUE
R037,H037,v2.38,100,CONTINUE
R037,H038,v2.38,5,CONTINUE
R037,H038,v2.38,25,CONTINUE
R037,H038,v2.38,50,CONTINUE
R037,H038,v2.38,100,CONTINUE
R037,H039,v2.38,5,CONTINUE
R037,H039,v2.38,25,CONTINUE
R037,H039,v2.38,50,CONTINUE
R037,H039,v2.38,100,CONTINUE
R037,H040,v2.38,5,CONTINUE
R037,H040,v2.38,25,CONTINUE
R037,H040,v2.38,50,CONTINUE
R037,H040,v2.38,100,CONTINUE
R037,H041,v2.38,5,CONTINUE
R037,H041,v2.38,25,CONTINUE
R037,H041,v2.38,50,CONTINUE
R037,H041,v2.38,100,CONTINUE
R037,H042,v2.38,5,CONTINUE
R037,H042,v2.38,25,CONTINUE
R037,H042,v2.38,50,CONTINUE
R037,H042,v2.38,100,CONTINUE
R037,H043,v2.38,5,CONTINUE
R037,H043,v2.38,25,CONTINUE
R037,H043,v2.38,50,CONTINUE
R037,H043,v2.38,100,CONTINUE
R037,H044,v2.38,5,CONTINUE
R037,H044,v2.38,25,CONTINUE
R037,H044,v2.38,50,CONTINUE
R037,H044,v2.38,100,CONTINUE
R037,H045,v2.38,5,CONTINUE
R037,H045,v2.38,25,CONTINUE
R037,H045,v2.38,50,CONTINUE
R037,H045,v2.38,100,CONTINUE
R037,H046,v2.38,5,CONTINUE
R037,H046,v2.38,25,CONTINUE
R037,H046,v2.38,50,CONTINUE
R037,H046,v2.38,100,CONTINUE
R037,H047,v2.38,5,CONTINUE
R037,H047,v2.38,25,CONTINUE
R037,H047,v2.38,50,CONTINUE
R037,H047,v2.38,100,CONTINUE
R037,H048,v2.38,5,CONTINUE
R037,H048,v2.38,25,CONTINUE
R037,H048,v2.38,50,CONTINUE
R037,H048,v2.38,100,CONTINUE
R037,H049,v2.38,5,CONTINUE
R037,H049,v2.38,25,CONTINUE
R037,H049,v2.38,50,CONTINUE
R037,H049,v2.38,100,CONTINUE
R037,H050,v2.38,5,CONTINUE
R037,H050,v2.38,25,CONTINUE
R037,H050,v2.38,50,CONTINUE
R037,H050,v2.38,100,CONTINUE
R038,H001,v2.39,5,STOP
R038,H002,v2.39,5,STOP
R038,H003,v2.39,5,STOP
R038,H004,v2.39,5,STOP
R038,H005,v2.39,5,STOP
R038,H006,v2.39,5,STOP
R038,H007,v2.39,5,STOP
R038,H008,v2.39,5,STOP
R038,H009,v2.39,5,STOP
R038,H010,v2.39,5,STOP
R038,H011,v2.39,5,STOP
R038,H012,v2.39,5,STOP
R038,H013,v2.39,5,STOP
R038,H014,v2.39,5,STOP
R038,H015,v2.39,5,STOP
R038,H016,v2.39,5,STOP
R038,H017,v2.39,5,STOP
R038,H018,v2.39,5,STOP
R038,H019,v2.39,5,STOP
R038,H020,v2.39,5,STOP
R038,H021,v2.39,5,STOP
R038,H022,v2.39,5,STOP
R038,H023,v2.39,5,STOP
R038,H024,v2.39,5,STOP
R038,H025,v2.39,5,STOP
R038,H026,v2.39,5,HOLD
R038,H027,v2.39,5,STOP
R038,H028,v2.39,5,STOP
R038,H029,v2.39,5,HOLD
R038,H030,v2.39,5,STOP
R038,H031,v2.39,5,STOP
R038,H032,v2.39,5,STOP
R038,H033,v2.39,5,STOP
R038,H034,v2.39,5,STOP
R038,H035,v2.39,5,STOP
R038,H036,v2.39,5,STOP
R038,H037,v2.39,5,STOP
R038,H038,v2.39,5,STOP
R038,H039,v2.39,5,STOP
R038,H040,v2.39,5,STOP
R038,H041,v2.39,5,STOP
R038,H042,v2.39,5,STOP
R038,H043,v2.39,5,STOP
R038,H044,v2.39,5,HOLD
R038,H045,v2.39,5,STOP
R038,H046,v2.39,5,STOP
R038,H047,v2.39,5,STOP
R038,H048,v2.39,5,STOP
R038,H049,v2.39,5,HOLD
R038,H050,v2.39,5,STOP
R039,H001,v2.40,5,STOP
R039,H002,v2.40,5,STOP
R039,H003,v2.40,5,STOP
R039,H004,v2.40,5,STOP
R039,H005,v2.40,5,STOP
R039,H006,v2.40,5,STOP
R039,H007,v2.40,5,STOP
R039,H008,v2.40,5,STOP
R039,H009,v2.40,5,STOP
R039,H010,v2.40,5,STOP
R039,H011,v2.40,5,STOP
R039,H012,v2.40,5,STOP
R039,H013,v2.40,5,STOP
R039,H014,v2.40,5,STOP
R039,H015,v2.40,5,STOP
R039,H016,v2.40,5,STOP
R039,H017,v2.40,5,STOP
R039,H018,v2.40,5,STOP
R039,H019,v2.40,5,STOP
R039,H020,v2.40,5,STOP
R039,H021,v2.40,5,STOP
R039,H022,v2.40,5,STOP
R039,H023,v2.40,5,STOP
R039,H024,v2.40,5,STOP
R039,H025,v2.40,5,HOLD
R039,H026,v2.40,5,HOLD
R039,H027,v2.40,5,STOP
R039,H028,v2.40,5,STOP
R039,H029,v2.40,5,STOP
R039,H030,v2.40,5,STOP
R039,H031,v2.40,5,STOP
R039,H032,v2.40,5,STOP
R039,H033,v2.40,5,STOP
R039,H034,v2.40,5,STOP
R039,H035,v2.40,5,STOP
R039,H036,v2.40,5,STOP
R039,H037,v2.40,5,STOP
R039,H038,v2.40,5,STOP
R039,H039,v2.40,5,STOP
R039,H040,v2.40,5,STOP
R039,H041,v2.40,5,STOP
R039,H042,v2.40,5,STOP
R039,H043,v2.40,5,STOP
R039,H044,v2.40,5,STOP
R039,H045,v2.40,5,STOP
R039,H046,v2.40,5,HOLD
R039,H047,v2.40,5,STOP
R039,H048,v2.40,5,HOLD
R039,H049,v2.40,5,STOP
R039,H050,v2.40,5,STOP
R040,H001,v2.41,5,CONTINUE
R040,H001,v2.41,25,CONTINUE
R040,H001,v2.41,50,CONTINUE
R040,H001,v2.41,100,CONTINUE
R040,H002,v2.41,5,CONTINUE
R040,H002,v2.41,25,CONTINUE
R040,H002,v2.41,50,CONTINUE
R040,H002,v2.41,100,CONTINUE
R040,H003,v2.41,5,CONTINUE
R040,H003,v2.41,25,CONTINUE
R040,H003,v2.41,50,CONTINUE
R040,H003,v2.41,100,CONTINUE
R040,H004,v2.41,5,STOP
R040,H005,v2.41,5,CONTINUE
R040,H005,v2.41,25,CONTINUE
R040,H005,v2.41,50,CONTINUE
R040,H005,v2.41,100,CONTINUE
R040,H006,v2.41,5,CONTINUE
R040,H006,v2.41,25,CONTINUE
R040,H006,v2.41,50,CONTINUE
R040,H006,v2.41,100,CONTINUE
R040,H007,v2.41,5,CONTINUE
R040,H007,v2.41,25,CONTINUE
R040,H007,v2.41,50,CONTINUE
R040,H007,v2.41,100,CONTINUE
R040,H008,v2.41,5,CONTINUE
R040,H008,v2.41,25,CONTINUE
R040,H008,v2.41,50,CONTINUE
R040,H008,v2.41,100,CONTINUE
R040,H009,v2.41,5,CONTINUE
R040,H009,v2.41,25,CONTINUE
R040,H009,v2.41,50,CONTINUE
R040,H009,v2.41,100,CONTINUE
R040,H010,v2.41,5,CONTINUE
R040,H010,v2.41,25,CONTINUE
R040,H010,v2.41,50,CONTINUE
R040,H010,v2.41,100,CONTINUE
R040,H011,v2.41,5,CONTINUE
R040,H011,v2.41,25,CONTINUE
R040,H011,v2.41,50,CONTINUE
R040,H011,v2.41,100,CONTINUE
R040,H012,v2.41,5,CONTINUE
R040,H012,v2.41,25,CONTINUE
R040,H012,v2.41,50,CONTINUE
R040,H012,v2.41,100,CONTINUE
R040,H013,v2.41,5,CONTINUE
R040,H013,v2.41,25,CONTINUE
R040,H013,v2.41,50,CONTINUE
R040,H013,v2.41,100,CONTINUE
R040,H014,v2.41,5,CONTINUE
R040,H014,v2.41,25,CONTINUE
R040,H014,v2.41,50,CONTINUE
R040,H014,v2.41,100,CONTINUE
R040,H015,v2.41,5,CONTINUE
R040,H015,v2.41,25,CONTINUE
R040,H015,v2.41,50,CONTINUE
R040,H015,v2.41,100,CONTINUE
R040,H016,v2.41,5,CONTINUE
R040,H016,v2.41,25,CONTINUE
R040,H016,v2.41,50,CONTINUE
R040,H016,v2.41,100,CONTINUE
R040,H017,v2.41,5,CONTINUE
R040,H017,v2.41,25,CONTINUE
R040,H017,v2.41,50,CONTINUE
R040,H017,v2.41,100,CONTINUE
R040,H018,v2.41,5,CONTINUE
R040,H018,v2.41,25,CONTINUE
R040,H018,v2.41,50,CONTINUE
R040,H018,v2.41,100,CONTINUE
R040,H019,v2.41,5,CONTINUE
R040,H019,v2.41,25,CONTINUE
R040,H019,v2.41,50,CONTINUE
R040,H019,v2.41,100,CONTINUE
R040,H020,v2.41,5,CONTINUE
R040,H020,v2.41,25,CONTINUE
R040,H020,v2.41,50,CONTINUE
R040,H020,v2.41,100,CONTINUE
R040,H021,v2.41,5,CONTINUE
R040,H021,v2.41,25,CONTINUE
R040,H021,v2.41,50,CONTINUE
R040,H021,v2.41,100,CONTINUE
R040,H022,v2.41,5,CONTINUE
R040,H022,v2.41,25,CONTINUE
R040,H022,v2.41,50,CONTINUE
R040,H022,v2.41,100,CONTINUE
R040,H023,v2.41,5,CONTINUE
R040,H023,v2.41,25,CONTINUE
R040,H023,v2.41,50,CONTINUE
R040,H023,v2.41,100,CONTINUE
R040,H024,v2.41,5,CONTINUE
R040,H024,v2.41,25,CONTINUE
R040,H024,v2.41,50,CONTINUE
R040,H024,v2.41,100,CONTINUE
R040,H025,v2.41,5,CONTINUE
R040,H025,v2.41,25,CONTINUE
R040,H025,v2.41,50,CONTINUE
R040,H025,v2.41,100,CONTINUE
R040,H026,v2.41,5,CONTINUE
R040,H026,v2.41,25,CONTINUE
R040,H026,v2.41,50,CONTINUE
R040,H026,v2.41,100,CONTINUE
R040,H027,v2.41,5,CONTINUE
R040,H027,v2.41,25,CONTINUE
R040,H027,v2.41,50,CONTINUE
R040,H027,v2.41,100,CONTINUE
R040,H028,v2.41,5,CONTINUE
R040,H028,v2.41,25,CONTINUE
R040,H028,v2.41,50,CONTINUE
R040,H028,v2.41,100,CONTINUE
R040,H029,v2.41,5,CONTINUE
R040,H029,v2.41,25,CONTINUE
R040,H029,v2.41,50,CONTINUE
R040,H029,v2.41,100,CONTINUE
R040,H030,v2.41,5,CONTINUE
R040,H030,v2.41,25,CONTINUE
R040,H030,v2.41,50,CONTINUE
R040,H030,v2.41,100,CONTINUE
R040,H031,v2.41,5,HOLD
R040,H032,v2.41,5,CONTINUE
R040,H032,v2.41,25,CONTINUE
R040,H032,v2.41,50,CONTINUE
R040,H032,v2.41,100,CONTINUE
R040,H033,v2.41,5,CONTINUE
R040,H033,v2.41,25,CONTINUE
R040,H033,v2.41,50,CONTINUE
R040,H033,v2.41,100,CONTINUE
R040,H034,v2.41,5,CONTINUE
R040,H034,v2.41,25,CONTINUE
R040,H034,v2.41,50,CONTINUE
R040,H034,v2.41,100,CONTINUE
R040,H035,v2.41,5,CONTINUE
R040,H035,v2.41,25,CONTINUE
R040,H035,v2.41,50,CONTINUE
R040,H035,v2.41,100,CONTINUE
R040,H036,v2.41,5,CONTINUE
R040,H036,v2.41,25,CONTINUE
R040,H036,v2.41,50,CONTINUE
R040,H036,v2.41,100,CONTINUE
R040,H037,v2.41,5,CONTINUE
R040,H037,v2.41,25,CONTINUE
R040,H037,v2.41,50,CONTINUE
R040,H037,v2.41,100,CONTINUE
R040,H038,v2.41,5,CONTINUE
R040,H038,v2.41,25,CONTINUE
R040,H038,v2.41,50,CONTINUE
R040,H038,v2.41,100,CONTINUE
R040,H039,v2.41,5,CONTINUE
R040,H039,v2.41,25,CONTINUE
R040,H039,v2.41,50,CONTINUE
R040,H039,v2.41,100,CONTINUE
R040,H040,v2.41,5,CONTINUE
R040,H040,v2.41,25,CONTINUE
R040,H040,v2.41,50,CONTINUE
R040,H040,v2.41,100,CONTINUE
R040,H041,v2.41,5,CONTINUE
R040,H041,v2.41,25,CONTINUE
R040,H041,v2.41,50,CONTINUE
R040,H041,v2.41,100,CONTINUE
R040,H042,v2.41,5,CONTINUE
R040,H042,v2.41,25,CONTINUE
R040,H042,v2.41,50,CONTINUE
R040,H042,v2.41,100,CONTINUE
R040,H043,v2.41,5,CONTINUE
R040,H043,v2.41,25,CONTINUE
R040,H043,v2.41,50,CONTINUE
R040,H043,v2.41,100,CONTINUE
R040,H044,v2.41,5,CONTINUE
R040,H044,v2.41,25,CONTINUE
R040,H044,v2.41,50,CONTINUE
R040,H044,v2.41,100,CONTINUE
R040,H045,v2.41,5,CONTINUE
R040,H045,v2.41,25,CONTINUE
R040,H045,v2.41,50,CONTINUE
R040,H045,v2.41,100,CONTINUE
R040,H046,v2.41,5,CONTINUE
R040,H046,v2.41,25,CONTINUE
R040,H046,v2.41,50,CONTINUE
R040,H046,v2.41,100,CONTINUE
R040,H047,v2.41,5,CONTINUE
R040,H047,v2.41,25,CONTINUE
R040,H047,v2.41,50,CONTINUE
R040,H047,v2.41,100,CONTINUE
R040,H048,v2.41,5,CONTINUE
R040,H048,v2.41,25,CONTINUE
R040,H048,v2.41,50,CONTINUE
R040,H048,v2.41,100,CONTINUE
R040,H049,v2.41,5,CONTINUE
R040,H049,v2.41,25,CONTINUE
R040,H049,v2.41,50,CONTINUE
R040,H049,v2.41,100,CONTINUE
R040,H050,v2.41,5,HOLD
R041,H001,v2.42,5,CONTINUE
R041,H001,v2.42,25,CONTINUE
R041,H001,v2.42,50,CONTINUE
R041,H001,v2.42,100,CONTINUE
R041,H002,v2.42,5,CONTINUE
R041,H002,v2.42,25,CONTINUE
R041,H002,v2.42,50,CONTINUE
R041,H002,v2.42,100,CONTINUE
R041,H003,v2.42,5,HOLD
R041,H004,v2.42,5,CONTINUE
R041,H004,v2.42,25,CONTINUE
R041,H004,v2.42,50,CONTINUE
R041,H004,v2.42,100,CONTINUE
R041,H005,v2.42,5,CONTINUE
R041,H005,v2.42,25,CONTINUE
R041,H005,v2.42,50,CONTINUE
R041,H005,v2.42,100,CONTINUE
R041,H006,v2.42,5,CONTINUE
R041,H006,v2.42,25,CONTINUE
R041,H006,v2.42,50,CONTINUE
R041,H006,v2.42,100,CONTINUE
R041,H007,v2.42,5,CONTINUE
R041,H007,v2.42,25,CONTINUE
R041,H007,v2.42,50,CONTINUE
R041,H007,v2.42,100,CONTINUE
R041,H008,v2.42,5,CONTINUE
R041,H008,v2.42,25,CONTINUE
R041,H008,v2.42,50,CONTINUE
R041,H008,v2.42,100,CONTINUE
R041,H009,v2.42,5,CONTINUE
R041,H009,v2.42,25,CONTINUE
R041,H009,v2.42,50,CONTINUE
R041,H009,v2.42,100,CONTINUE
R041,H010,v2.42,5,CONTINUE
R041,H010,v2.42,25,CONTINUE
R041,H010,v2.42,50,CONTINUE
R041,H010,v2.42,100,CONTINUE
R041,H011,v2.42,5,CONTINUE
R041,H011,v2.42,25,CONTINUE
R041,H011,v2.42,50,CONTINUE
R041,H011,v2.42,100,CONTINUE
R041,H012,v2.42,5,CONTINUE
R041,H012,v2.42,25,CONTINUE
R041,H012,v2.42,50,CONTINUE
R041,H012,v2.42,100,CONTINUE
R041,H013,v2.42,5,CONTINUE
R041,H013,v2.42,25,CONTINUE
R041,H013,v2.42,50,CONTINUE
R041,H013,v2.42,100,CONTINUE
R041,H014,v2.42,5,CONTINUE
R041,H014,v2.42,25,CONTINUE
R041,H014,v2.42,50,CONTINUE
R041,H014,v2.42,100,CONTINUE
R041,H015,v2.42,5,CONTINUE
R041,H015,v2.42,25,CONTINUE
R041,H015,v2.42,50,CONTINUE
R041,H015,v2.42,100,CONTINUE
R041,H016,v2.42,5,CONTINUE
R041,H016,v2.42,25,CONTINUE
R041,H016,v2.42,50,CONTINUE
R041,H016,v2.42,100,CONTINUE
R041,H017,v2.42,5,CONTINUE
R041,H017,v2.42,25,CONTINUE
R041,H017,v2.42,50,CONTINUE
R041,H017,v2.42,100,CONTINUE
R041,H018,v2.42,5,CONTINUE
R041,H018,v2.42,25,CONTINUE
R041,H018,v2.42,50,CONTINUE
R041,H018,v2.42,100,CONTINUE
R041,H019,v2.42,5,CONTINUE
R041,H019,v2.42,25,CONTINUE
R041,H019,v2.42,50,CONTINUE
R041,H019,v2.42,100,CONTINUE
R041,H020,v2.42,5,CONTINUE
R041,H020,v2.42,25,CONTINUE
R041,H020,v2.42,50,CONTINUE
R041,H020,v2.42,100,CONTINUE
R041,H021,v2.42,5,CONTINUE
R041,H021,v2.42,25,CONTINUE
R041,H021,v2.42,50,CONTINUE
R041,H021,v2.42,100,CONTINUE
R041,H022,v2.42,5,CONTINUE
R041,H022,v2.42,25,CONTINUE
R041,H022,v2.42,50,CONTINUE
R041,H022,v2.42,100,CONTINUE
R041,H023,v2.42,5,CONTINUE
R041,H023,v2.42,25,CONTINUE
R041,H023,v2.42,50,CONTINUE
R041,H023,v2.42,100,CONTINUE
R041,H024,v2.42,5,CONTINUE
R041,H024,v2.42,25,CONTINUE
R041,H024,v2.42,50,CONTINUE
R041,H024,v2.42,100,CONTINUE
R041,H025,v2.42,5,CONTINUE
R041,H025,v2.42,25,CONTINUE
R041,H025,v2.42,50,CONTINUE
R041,H025,v2.42,100,CONTINUE
R041,H026,v2.42,5,CONTINUE
R041,H026,v2.42,25,CONTINUE
R041,H026,v2.42,50,CONTINUE
R041,H026,v2.42,100,CONTINUE
R041,H027,v2.42,5,CONTINUE
R041,H027,v2.42,25,CONTINUE
R041,H027,v2.42,50,CONTINUE
R041,H027,v2.42,100,CONTINUE
R041,H028,v2.42,5,CONTINUE
R041,H028,v2.42,25,CONTINUE
R041,H028,v2.42,50,CONTINUE
R041,H028,v2.42,100,CONTINUE
R041,H029,v2.42,5,CONTINUE
R041,H029,v2.42,25,CONTINUE
R041,H029,v2.42,50,CONTINUE
R041,H029,v2.42,100,CONTINUE
R041,H030,v2.42,5,CONTINUE
R041,H030,v2.42,25,CONTINUE
R041,H030,v2.42,50,CONTINUE
R041,H030,v2.42,100,CONTINUE
R041,H031,v2.42,5,HOLD
R041,H032,v2.42,5,CONTINUE
R041,H032,v2.42,25,CONTINUE
R041,H032,v2.42,50,CONTINUE
R041,H032,v2.42,100,CONTINUE
R041,H033,v2.42,5,CONTINUE
R041,H033,v2.42,25,CONTINUE
R041,H033,v2.42,50,CONTINUE
R041,H033,v2.42,100,CONTINUE
R041,H034,v2.42,5,CONTINUE
R041,H034,v2.42,25,CONTINUE
R041,H034,v2.42,50,CONTINUE
R041,H034,v2.42,100,CONTINUE
R041,H035,v2.42,5,CONTINUE
R041,H035,v2.42,25,CONTINUE
R041,H035,v2.42,50,CONTINUE
R041,H035,v2.42,100,CONTINUE
R041,H036,v2.42,5,CONTINUE
R041,H036,v2.42,25,CONTINUE
R041,H036,v2.42,50,CONTINUE
R041,H036,v2.42,100,CONTINUE
R041,H037,v2.42,5,CONTINUE
R041,H037,v2.42,25,CONTINUE
R041,H037,v2.42,50,CONTINUE
R041,H037,v2.42,100,CONTINUE
R041,H038,v2.42,5,CONTINUE
R041,H038,v2.42,25,CONTINUE
R041,H038,v2.42,50,CONTINUE
R041,H038,v2.42,100,CONTINUE
R041,H039,v2.42,5,CONTINUE
R041,H039,v2.42,25,CONTINUE
R041,H039,v2.42,50,CONTINUE
R041,H039,v2.42,100,CONTINUE
R041,H040,v2.42,5,CONTINUE
R041,H040,v2.42,25,CONTINUE
R041,H040,v2.42,50,CONTINUE
R041,H040,v2.42,100,CONTINUE
R041,H041,v2.42,5,CONTINUE
R041,H041,v2.42,25,CONTINUE
R041,H041,v2.42,50,CONTINUE
R041,H041,v2.42,100,CONTINUE
R041,H042,v2.42,5,CONTINUE
R041,H042,v2.42,25,CONTINUE
R041,H042,v2.42,50,CONTINUE
R041,H042,v2.42,100,CONTINUE
R041,H043,v2.42,5,CONTINUE
R041,H043,v2.42,25,CONTINUE
R041,H043,v2.42,50,CONTINUE
R041,H043,v2.42,100,CONTINUE
R041,H044,v2.42,5,CONTINUE
R041,H044,v2.42,25,CONTINUE
R041,H044,v2.42,50,CONTINUE
R041,H044,v2.42,100,CONTINUE
R041,H045,v2.42,5,CONTINUE
R041,H045,v2.42,25,CONTINUE
R041,H045,v2.42,50,CONTINUE
R041,H045,v2.42,100,CONTINUE
R041,H046,v2.42,5,CONTINUE
R041,H046,v2.42,25,CONTINUE
R041,H046,v2.42,50,CONTINUE
R041,H046,v2.42,100,CONTINUE
R041,H047,v2.42,5,CONTINUE
R041,H047,v2.42,25,CONTINUE
R041,H047,v2.42,50,CONTINUE
R041,H047,v2.42,100,CONTINUE
R041,H048,v2.42,5,CONTINUE
R041,H048,v2.42,25,CONTINUE
R041,H048,v2.42,50,CONTINUE
R041,H048,v2.42,100,CONTINUE
R041,H049,v2.42,5,CONTINUE
R041,H049,v2.42,25,CONTINUE
R041,H049,v2.42,50,CONTINUE
R041,H049,v2.42,100,CONTINUE
R041,H050,v2.42,5,CONTINUE
R041,H050,v2.42,25,CONTINUE
R041,H050,v2.42,50,CONTINUE
R041,H050,v2.42,100,CONTINUE
R042,H001,v2.43,5,STOP
R042,H002,v2.43,5,STOP
R042,H003,v2.43,5,STOP
R042,H004,v2.43,5,STOP
R042,H005,v2.43,5,STOP
R042,H006,v2.43,5,STOP
R042,H007,v2.43,5,STOP
R042,H008,v2.43,5,STOP
R042,H009,v2.43,5,STOP
R042,H010,v2.43,5,STOP
R042,H011,v2.43,5,STOP
R042,H012,v2.43,5,STOP
R042,H013,v2.43,5,STOP
R042,H014,v2.43,5,STOP
R042,H015,v2.43,5,STOP
R042,H016,v2.43,5,STOP
R042,H017,v2.43,5,STOP
R042,H018,v2.43,5,STOP
R042,H019,v2.43,5,HOLD
R042,H020,v2.43,5,STOP
R042,H021,v2.43,5,STOP
R042,H022,v2.43,5,STOP
R042,H023,v2.43,5,STOP
R042,H024,v2.43,5,STOP
R042,H025,v2.43,5,STOP
R042,H026,v2.43,5,STOP
R042,H027,v2.43,5,STOP
R042,H028,v2.43,5,STOP
R042,H029,v2.43,5,STOP
R042,H030,v2.43,5,STOP
R042,H031,v2.43,5,STOP
R042,H032,v2.43,5,STOP
R042,H033,v2.43,5,STOP
R042,H034,v2.43,5,STOP
R042,H035,v2.43,5,STOP
R042,H036,v2.43,5,STOP
R042,H037,v2.43,5,STOP
R042,H038,v2.43,5,HOLD
R042,H039,v2.43,5,STOP
R042,H040,v2.43,5,STOP
R042,H041,v2.43,5,HOLD
R042,H042,v2.43,5,STOP
R042,H043,v2.43,5,STOP
R042,H044,v2.43,5,STOP
R042,H045,v2.43,5,STOP
R042,H046,v2.43,5,STOP
R042,H047,v2.43,5,STOP
R042,H048,v2.43,5,STOP
R042,H049,v2.43,5,STOP
R042,H050,v2.43,5,STOP
R043,H001,v2.44,5,STOP
R043,H002,v2.44,5,STOP
R043,H003,v2.44,5,STOP
R043,H004,v2.44,5,HOLD
R043,H005,v2.44,5,STOP
R043,H006,v2.44,5,STOP
R043,H007,v2.44,5,STOP
R043,H008,v2.44,5,STOP
R043,H009,v2.44,5,STOP
R043,H010,v2.44,5,STOP
R043,H011,v2.44,5,HOLD
R043,H012,v2.44,5,STOP
R043,H013,v2.44,5,STOP
R043,H014,v2.44,5,STOP
R043,H015,v2.44,5,STOP
R043,H016,v2.44,5,STOP
R043,H017,v2.44,5,STOP
R043,H018,v2.44,5,STOP
R043,H019,v2.44,5,HOLD
R043,H020,v2.44,5,STOP
R043,H021,v2.44,5,STOP
R043,H022,v2.44,5,STOP
R043,H023,v2.44,5,STOP
R043,H024,v2.44,5,STOP
R043,H025,v2.44,5,STOP
R043,H026,v2.44,5,STOP
R043,H027,v2.44,5,STOP
R043,H028,v2.44,5,HOLD
R043,H029,v2.44,5,STOP
R043,H030,v2.44,5,STOP
R043,H031,v2.44,5,STOP
R043,H032,v2.44,5,STOP
R043,H033,v2.44,5,STOP
R043,H034,v2.44,5,STOP
R043,H035,v2.44,5,STOP
R043,H036,v2.44,5,STOP
R043,H037,v2.44,5,HOLD
R043,H038,v2.44,5,STOP
R043,H039,v2.44,5,STOP
R043,H040,v2.44,5,STOP
R043,H041,v2.44,5,STOP
R043,H042,v2.44,5,STOP
R043,H043,v2.44,5,STOP
R043,H044,v2.44,5,STOP
R043,H045,v2.44,5,STOP
R043,H046,v2.44,5,STOP
R043,H047,v2.44,5,STOP
R043,H048,v2.44,5,STOP
R043,H049,v2.44,5,STOP
R043,H050,v2.44,5,STOP
R044,H001,v2.45,5,CONTINUE
R044,H001,v2.45,25,CONTINUE
R044,H001,v2.45,50,CONTINUE
R044,H001,v2.45,100,CONTINUE
R044,H002,v2.45,5,CONTINUE
R044,H002,v2.45,25,CONTINUE
R044,H002,v2.45,50,CONTINUE
R044,H002,v2.45,100,CONTINUE
R044,H003,v2.45,5,STOP
R044,H004,v2.45,5,CONTINUE
R044,H004,v2.45,25,CONTINUE
R044,H004,v2.45,50,CONTINUE
R044,H004,v2.45,100,CONTINUE
R044,H005,v2.45,5,CONTINUE
R044,H005,v2.45,25,CONTINUE
R044,H005,v2.45,50,CONTINUE
R044,H005,v2.45,100,CONTINUE
R044,H006,v2.45,5,CONTINUE
R044,H006,v2.45,25,CONTINUE
R044,H006,v2.45,50,CONTINUE
R044,H006,v2.45,100,CONTINUE
R044,H007,v2.45,5,CONTINUE
R044,H007,v2.45,25,CONTINUE
R044,H007,v2.45,50,CONTINUE
R044,H007,v2.45,100,CONTINUE
R044,H008,v2.45,5,CONTINUE
R044,H008,v2.45,25,CONTINUE
R044,H008,v2.45,50,CONTINUE
R044,H008,v2.45,100,CONTINUE
R044,H009,v2.45,5,CONTINUE
R044,H009,v2.45,25,CONTINUE
R044,H009,v2.45,50,CONTINUE
R044,H009,v2.45,100,CONTINUE
R044,H010,v2.45,5,CONTINUE
R044,H010,v2.45,25,CONTINUE
R044,H010,v2.45,50,CONTINUE
R044,H010,v2.45,100,CONTINUE
R044,H011,v2.45,5,STOP
R044,H012,v2.45,5,CONTINUE
R044,H012,v2.45,25,CONTINUE
R044,H012,v2.45,50,CONTINUE
R044,H012,v2.45,100,CONTINUE
R044,H013,v2.45,5,CONTINUE
R044,H013,v2.45,25,CONTINUE
R044,H013,v2.45,50,CONTINUE
R044,H013,v2.45,100,CONTINUE
R044,H014,v2.45,5,HOLD
R044,H015,v2.45,5,CONTINUE
R044,H015,v2.45,25,CONTINUE
R044,H015,v2.45,50,CONTINUE
R044,H015,v2.45,100,CONTINUE
R044,H016,v2.45,5,CONTINUE
R044,H016,v2.45,25,CONTINUE
R044,H016,v2.45,50,CONTINUE
R044,H016,v2.45,100,CONTINUE
R044,H017,v2.45,5,CONTINUE
R044,H017,v2.45,25,CONTINUE
R044,H017,v2.45,50,CONTINUE
R044,H017,v2.45,100,CONTINUE
R044,H018,v2.45,5,CONTINUE
R044,H018,v2.45,25,CONTINUE
R044,H018,v2.45,50,CONTINUE
R044,H018,v2.45,100,CONTINUE
R044,H019,v2.45,5,CONTINUE
R044,H019,v2.45,25,CONTINUE
R044,H019,v2.45,50,CONTINUE
R044,H019,v2.45,100,CONTINUE
R044,H020,v2.45,5,CONTINUE
R044,H020,v2.45,25,CONTINUE
R044,H020,v2.45,50,CONTINUE
R044,H020,v2.45,100,CONTINUE
R044,H021,v2.45,5,HOLD
R044,H022,v2.45,5,CONTINUE
R044,H022,v2.45,25,CONTINUE
R044,H022,v2.45,50,CONTINUE
R044,H022,v2.45,100,CONTINUE
R044,H023,v2.45,5,CONTINUE
R044,H023,v2.45,25,CONTINUE
R044,H023,v2.45,50,CONTINUE
R044,H023,v2.45,100,CONTINUE
R044,H024,v2.45,5,CONTINUE
R044,H024,v2.45,25,CONTINUE
R044,H024,v2.45,50,CONTINUE
R044,H024,v2.45,100,CONTINUE
R044,H025,v2.45,5,CONTINUE
R044,H025,v2.45,25,CONTINUE
R044,H025,v2.45,50,CONTINUE
R044,H025,v2.45,100,CONTINUE
R044,H026,v2.45,5,CONTINUE
R044,H026,v2.45,25,CONTINUE
R044,H026,v2.45,50,CONTINUE
R044,H026,v2.45,100,CONTINUE
R044,H027,v2.45,5,CONTINUE
R044,H027,v2.45,25,CONTINUE
R044,H027,v2.45,50,CONTINUE
R044,H027,v2.45,100,CONTINUE
R044,H028,v2.45,5,CONTINUE
R044,H028,v2.45,25,CONTINUE
R044,H028,v2.45,50,CONTINUE
R044,H028,v2.45,100,CONTINUE
R044,H029,v2.45,5,CONTINUE
R044,H029,v2.45,25,CONTINUE
R044,H029,v2.45,50,CONTINUE
R044,H029,v2.45,100,CONTINUE
R044,H030,v2.45,5,CONTINUE
R044,H030,v2.45,25,CONTINUE
R044,H030,v2.45,50,CONTINUE
R044,H030,v2.45,100,CONTINUE
R044,H031,v2.45,5,CONTINUE
R044,H031,v2.45,25,CONTINUE
R044,H031,v2.45,50,CONTINUE
R044,H031,v2.45,100,CONTINUE
R044,H032,v2.45,5,CONTINUE
R044,H032,v2.45,25,CONTINUE
R044,H032,v2.45,50,CONTINUE
R044,H032,v2.45,100,CONTINUE
R044,H033,v2.45,5,STOP
R044,H034,v2.45,5,CONTINUE
R044,H034,v2.45,25,CONTINUE
R044,H034,v2.45,50,CONTINUE
R044,H034,v2.45,100,CONTINUE
R044,H035,v2.45,5,CONTINUE
R044,H035,v2.45,25,CONTINUE
R044,H035,v2.45,50,CONTINUE
R044,H035,v2.45,100,CONTINUE
R044,H036,v2.45,5,CONTINUE
R044,H036,v2.45,25,CONTINUE
R044,H036,v2.45,50,CONTINUE
R044,H036,v2.45,100,CONTINUE
R044,H037,v2.45,5,CONTINUE
R044,H037,v2.45,25,CONTINUE
R044,H037,v2.45,50,CONTINUE
R044,H037,v2.45,100,CONTINUE
R044,H038,v2.45,5,CONTINUE
R044,H038,v2.45,25,CONTINUE
R044,H038,v2.45,50,CONTINUE
R044,H038,v2.45,100,CONTINUE
R044,H039,v2.45,5,CONTINUE
R044,H039,v2.45,25,CONTINUE
R044,H039,v2.45,50,CONTINUE
R044,H039,v2.45,100,CONTINUE
R044,H040,v2.45,5,CONTINUE
R044,H040,v2.45,25,CONTINUE
R044,H040,v2.45,50,CONTINUE
R044,H040,v2.45,100,CONTINUE
R044,H041,v2.45,5,CONTINUE
R044,H041,v2.45,25,CONTINUE
R044,H041,v2.45,50,CONTINUE
R044,H041,v2.45,100,CONTINUE
R044,H042,v2.45,5,CONTINUE
R044,H042,v2.45,25,CONTINUE
R044,H042,v2.45,50,CONTINUE
R044,H042,v2.45,100,CONTINUE
R044,H043,v2.45,5,CONTINUE
R044,H043,v2.45,25,CONTINUE
R044,H043,v2.45,50,CONTINUE
R044,H043,v2.45,100,CONTINUE
R044,H044,v2.45,5,CONTINUE
R044,H044,v2.45,25,CONTINUE
R044,H044,v2.45,50,CONTINUE
R044,H044,v2.45,100,CONTINUE
R044,H045,v2.45,5,CONTINUE
R044,H045,v2.45,25,CONTINUE
R044,H045,v2.45,50,CONTINUE
R044,H045,v2.45,100,CONTINUE
R044,H046,v2.45,5,CONTINUE
R044,H046,v2.45,25,CONTINUE
R044,H046,v2.45,50,CONTINUE
R044,H046,v2.45,100,CONTINUE
R044,H047,v2.45,5,CONTINUE
R044,H047,v2.45,25,CONTINUE
R044,H047,v2.45,50,CONTINUE
R044,H047,v2.45,100,CONTINUE
R044,H048,v2.45,5,CONTINUE
R044,H048,v2.45,25,CONTINUE
R044,H048,v2.45,50,CONTINUE
R044,H048,v2.45,100,CONTINUE
R044,H049,v2.45,5,HOLD
R044,H050,v2.45,5,CONTINUE
R044,H050,v2.45,25,CONTINUE
R044,H050,v2.45,50,CONTINUE
R044,H050,v2.45,100,CONTINUE
R045,H001,v2.46,5,STOP
R045,H002,v2.46,5,STOP
R045,H003,v2.46,5,STOP
R045,H004,v2.46,5,STOP
R045,H005,v2.46,5,STOP
R045,H006,v2.46,5,STOP
R045,H007,v2.46,5,STOP
R045,H008,v2.46,5,STOP
R045,H009,v2.46,5,HOLD
R045,H010,v2.46,5,STOP
R045,H011,v2.46,5,STOP
R045,H012,v2.46,5,STOP
R045,H013,v2.46,5,STOP
R045,H014,v2.46,5,STOP
R045,H015,v2.46,5,STOP
R045,H016,v2.46,5,STOP
R045,H017,v2.46,5,STOP
R045,H018,v2.46,5,STOP
R045,H019,v2.46,5,STOP
R045,H020,v2.46,5,STOP
R045,H021,v2.46,5,STOP
R045,H022,v2.46,5,STOP
R045,H023,v2.46,5,STOP
R045,H024,v2.46,5,STOP
R045,H025,v2.46,5,STOP
R045,H026,v2.46,5,STOP
R045,H027,v2.46,5,STOP
R045,H028,v2.46,5,STOP
R045,H029,v2.46,5,STOP
R045,H030,v2.46,5,STOP
R045,H031,v2.46,5,STOP
R045,H032,v2.46,5,STOP
R045,H033,v2.46,5,STOP
R045,H034,v2.46,5,STOP
R045,H035,v2.46,5,STOP
R045,H036,v2.46,5,STOP
R045,H037,v2.46,5,HOLD
R045,H038,v2.46,5,STOP
R045,H039,v2.46,5,STOP
R045,H040,v2.46,5,HOLD
R045,H041,v2.46,5,STOP
R045,H042,v2.46,5,STOP
R045,H043,v2.46,5,HOLD
R045,H044,v2.46,5,STOP
R045,H045,v2.46,5,STOP
R045,H046,v2.46,5,STOP
R045,H047,v2.46,5,STOP
R045,H048,v2.46,5,STOP
R045,H049,v2.46,5,STOP
R045,H050,v2.46,5,STOP
R046,H001,v2.47,5,CONTINUE
R046,H001,v2.47,25,CONTINUE
R046,H001,v2.47,50,CONTINUE
R046,H001,v2.47,100,CONTINUE
R046,H002,v2.47,5,HOLD
R046,H003,v2.47,5,CONTINUE
R046,H003,v2.47,25,CONTINUE
R046,H003,v2.47,50,CONTINUE
R046,H003,v2.47,100,CONTINUE
R046,H004,v2.47,5,CONTINUE
R046,H004,v2.47,25,CONTINUE
R046,H004,v2.47,50,CONTINUE
R046,H004,v2.47,100,CONTINUE
R046,H005,v2.47,5,CONTINUE
R046,H005,v2.47,25,CONTINUE
R046,H005,v2.47,50,CONTINUE
R046,H005,v2.47,100,CONTINUE
R046,H006,v2.47,5,STOP
R046,H007,v2.47,5,CONTINUE
R046,H007,v2.47,25,CONTINUE
R046,H007,v2.47,50,CONTINUE
R046,H007,v2.47,100,CONTINUE
R046,H008,v2.47,5,CONTINUE
R046,H008,v2.47,25,CONTINUE
R046,H008,v2.47,50,CONTINUE
R046,H008,v2.47,100,CONTINUE
R046,H009,v2.47,5,STOP
R046,H010,v2.47,5,CONTINUE
R046,H010,v2.47,25,CONTINUE
R046,H010,v2.47,50,CONTINUE
R046,H010,v2.47,100,CONTINUE
R046,H011,v2.47,5,CONTINUE
R046,H011,v2.47,25,CONTINUE
R046,H011,v2.47,50,CONTINUE
R046,H011,v2.47,100,CONTINUE
R046,H012,v2.47,5,CONTINUE
R046,H012,v2.47,25,CONTINUE
R046,H012,v2.47,50,CONTINUE
R046,H012,v2.47,100,CONTINUE
R046,H013,v2.47,5,CONTINUE
R046,H013,v2.47,25,CONTINUE
R046,H013,v2.47,50,CONTINUE
R046,H013,v2.47,100,CONTINUE
R046,H014,v2.47,5,CONTINUE
R046,H014,v2.47,25,CONTINUE
R046,H014,v2.47,50,CONTINUE
R046,H014,v2.47,100,CONTINUE
R046,H015,v2.47,5,CONTINUE
R046,H015,v2.47,25,CONTINUE
R046,H015,v2.47,50,CONTINUE
R046,H015,v2.47,100,CONTINUE
R046,H016,v2.47,5,STOP
R046,H017,v2.47,5,CONTINUE
R046,H017,v2.47,25,CONTINUE
R046,H017,v2.47,50,CONTINUE
R046,H017,v2.47,100,CONTINUE
R046,H018,v2.47,5,CONTINUE
R046,H018,v2.47,25,CONTINUE
R046,H018,v2.47,50,CONTINUE
R046,H018,v2.47,100,CONTINUE
R046,H019,v2.47,5,CONTINUE
R046,H019,v2.47,25,CONTINUE
R046,H019,v2.47,50,CONTINUE
R046,H019,v2.47,100,CONTINUE
R046,H020,v2.47,5,CONTINUE
R046,H020,v2.47,25,CONTINUE
R046,H020,v2.47,50,CONTINUE
R046,H020,v2.47,100,CONTINUE
R046,H021,v2.47,5,CONTINUE
R046,H021,v2.47,25,CONTINUE
R046,H021,v2.47,50,CONTINUE
R046,H021,v2.47,100,CONTINUE
R046,H022,v2.47,5,CONTINUE
R046,H022,v2.47,25,CONTINUE
R046,H022,v2.47,50,CONTINUE
R046,H022,v2.47,100,CONTINUE
R046,H023,v2.47,5,STOP
R046,H024,v2.47,5,CONTINUE
R046,H024,v2.47,25,CONTINUE
R046,H024,v2.47,50,CONTINUE
R046,H024,v2.47,100,CONTINUE
R046,H025,v2.47,5,CONTINUE
R046,H025,v2.47,25,CONTINUE
R046,H025,v2.47,50,CONTINUE
R046,H025,v2.47,100,CONTINUE
R046,H026,v2.47,5,CONTINUE
R046,H026,v2.47,25,CONTINUE
R046,H026,v2.47,50,CONTINUE
R046,H026,v2.47,100,CONTINUE
R046,H027,v2.47,5,CONTINUE
R046,H027,v2.47,25,CONTINUE
R046,H027,v2.47,50,CONTINUE
R046,H027,v2.47,100,CONTINUE
R046,H028,v2.47,5,CONTINUE
R046,H028,v2.47,25,CONTINUE
R046,H028,v2.47,50,CONTINUE
R046,H028,v2.47,100,CONTINUE
R046,H029,v2.47,5,CONTINUE
R046,H029,v2.47,25,CONTINUE
R046,H029,v2.47,50,CONTINUE
R046,H029,v2.47,100,CONTINUE
R046,H030,v2.47,5,CONTINUE
R046,H030,v2.47,25,CONTINUE
R046,H030,v2.47,50,CONTINUE
R046,H030,v2.47,100,CONTINUE
R046,H031,v2.47,5,CONTINUE
R046,H031,v2.47,25,CONTINUE
R046,H031,v2.47,50,CONTINUE
R046,H031,v2.47,100,CONTINUE
R046,H032,v2.47,5,CONTINUE
R046,H032,v2.47,25,CONTINUE
R046,H032,v2.47,50,CONTINUE
R046,H032,v2.47,100,CONTINUE
R046,H033,v2.47,5,CONTINUE
R046,H033,v2.47,25,CONTINUE
R046,H033,v2.47,50,CONTINUE
R046,H033,v2.47,100,CONTINUE
R046,H034,v2.47,5,CONTINUE
R046,H034,v2.47,25,CONTINUE
R046,H034,v2.47,50,CONTINUE
R046,H034,v2.47,100,CONTINUE
R046,H035,v2.47,5,CONTINUE
R046,H035,v2.47,25,CONTINUE
R046,H035,v2.47,50,CONTINUE
R046,H035,v2.47,100,CONTINUE
R046,H036,v2.47,5,CONTINUE
R046,H036,v2.47,25,CONTINUE
R046,H036,v2.47,50,CONTINUE
R046,H036,v2.47,100,CONTINUE
R046,H037,v2.47,5,STOP
R046,H038,v2.47,5,CONTINUE
R046,H038,v2.47,25,CONTINUE
R046,H038,v2.47,50,CONTINUE
R046,H038,v2.47,100,CONTINUE
R046,H039,v2.47,5,CONTINUE
R046,H039,v2.47,25,CONTINUE
R046,H039,v2.47,50,CONTINUE
R046,H039,v2.47,100,CONTINUE
R046,H040,v2.47,5,CONTINUE
R046,H040,v2.47,25,CONTINUE
R046,H040,v2.47,50,CONTINUE
R046,H040,v2.47,100,CONTINUE
R046,H041,v2.47,5,CONTINUE
R046,H041,v2.47,25,CONTINUE
R046,H041,v2.47,50,CONTINUE
R046,H041,v2.47,100,CONTINUE
R046,H042,v2.47,5,CONTINUE
R046,H042,v2.47,25,CONTINUE
R046,H042,v2.47,50,CONTINUE
R046,H042,v2.47,100,CONTINUE
R046,H043,v2.47,5,CONTINUE
R046,H043,v2.47,25,CONTINUE
R046,H043,v2.47,50,CONTINUE
R046,H043,v2.47,100,CONTINUE
R046,H044,v2.47,5,CONTINUE
R046,H044,v2.47,25,CONTINUE
R046,H044,v2.47,50,CONTINUE
R046,H044,v2.47,100,CONTINUE
R046,H045,v2.47,5,CONTINUE
R046,H045,v2.47,25,CONTINUE
R046,H045,v2.47,50,CONTINUE
R046,H045,v2.47,100,CONTINUE
R046,H046,v2.47,5,CONTINUE
R046,H046,v2.47,25,CONTINUE
R046,H046,v2.47,50,CONTINUE
R046,H046,v2.47,100,CONTINUE
R046,H047,v2.47,5,CONTINUE
R046,H047,v2.47,25,CONTINUE
R046,H047,v2.47,50,CONTINUE
R046,H047,v2.47,100,CONTINUE
R046,H048,v2.47,5,CONTINUE
R046,H048,v2.47,25,CONTINUE
R046,H048,v2.47,50,CONTINUE
R046,H048,v2.47,100,CONTINUE
R046,H049,v2.47,5,CONTINUE
R046,H049,v2.47,25,CONTINUE
R046,H049,v2.47,50,CONTINUE
R046,H049,v2.47,100,CONTINUE
R046,H050,v2.47,5,CONTINUE
R046,H050,v2.47,25,CONTINUE
R046,H050,v2.47,50,CONTINUE
R046,H050,v2.47,100,CONTINUE
R047,H001,v2.48,5,CONTINUE
R047,H001,v2.48,25,CONTINUE
R047,H001,v2.48,50,CONTINUE
R047,H001,v2.48,100,CONTINUE
R047,H002,v2.48,5,HOLD
R047,H003,v2.48,5,CONTINUE
R047,H003,v2.48,25,CONTINUE
R047,H003,v2.48,50,CONTINUE
R047,H003,v2.48,100,CONTINUE
R047,H004,v2.48,5,CONTINUE
R047,H004,v2.48,25,CONTINUE
R047,H004,v2.48,50,CONTINUE
R047,H004,v2.48,100,CONTINUE
R047,H005,v2.48,5,CONTINUE
R047,H005,v2.48,25,CONTINUE
R047,H005,v2.48,50,CONTINUE
R047,H005,v2.48,100,CONTINUE
R047,H006,v2.48,5,CONTINUE
R047,H006,v2.48,25,CONTINUE
R047,H006,v2.48,50,CONTINUE
R047,H006,v2.48,100,CONTINUE
R047,H007,v2.48,5,CONTINUE
R047,H007,v2.48,25,CONTINUE
R047,H007,v2.48,50,CONTINUE
R047,H007,v2.48,100,CONTINUE
R047,H008,v2.48,5,CONTINUE
R047,H008,v2.48,25,CONTINUE
R047,H008,v2.48,50,CONTINUE
R047,H008,v2.48,100,CONTINUE
R047,H009,v2.48,5,CONTINUE
R047,H009,v2.48,25,CONTINUE
R047,H009,v2.48,50,CONTINUE
R047,H009,v2.48,100,CONTINUE
R047,H010,v2.48,5,CONTINUE
R047,H010,v2.48,25,CONTINUE
R047,H010,v2.48,50,CONTINUE
R047,H010,v2.48,100,CONTINUE
R047,H011,v2.48,5,HOLD
R047,H012,v2.48,5,CONTINUE
R047,H012,v2.48,25,CONTINUE
R047,H012,v2.48,50,CONTINUE
R047,H012,v2.48,100,CONTINUE
R047,H013,v2.48,5,STOP
R047,H014,v2.48,5,STOP
R047,H015,v2.48,5,CONTINUE
R047,H015,v2.48,25,CONTINUE
R047,H015,v2.48,50,CONTINUE
R047,H015,v2.48,100,CONTINUE
R047,H016,v2.48,5,CONTINUE
R047,H016,v2.48,25,CONTINUE
R047,H016,v2.48,50,CONTINUE
R047,H016,v2.48,100,CONTINUE
R047,H017,v2.48,5,CONTINUE
R047,H017,v2.48,25,CONTINUE
R047,H017,v2.48,50,CONTINUE
R047,H017,v2.48,100,CONTINUE
R047,H018,v2.48,5,CONTINUE
R047,H018,v2.48,25,CONTINUE
R047,H018,v2.48,50,CONTINUE
R047,H018,v2.48,100,CONTINUE
R047,H019,v2.48,5,CONTINUE
R047,H019,v2.48,25,CONTINUE
R047,H019,v2.48,50,CONTINUE
R047,H019,v2.48,100,CONTINUE
R047,H020,v2.48,5,HOLD
R047,H021,v2.48,5,CONTINUE
R047,H021,v2.48,25,CONTINUE
R047,H021,v2.48,50,CONTINUE
R047,H021,v2.48,100,CONTINUE
R047,H022,v2.48,5,CONTINUE
R047,H022,v2.48,25,CONTINUE
R047,H022,v2.48,50,CONTINUE
R047,H022,v2.48,100,CONTINUE
R047,H023,v2.48,5,CONTINUE
R047,H023,v2.48,25,CONTINUE
R047,H023,v2.48,50,CONTINUE
R047,H023,v2.48,100,CONTINUE
R047,H024,v2.48,5,STOP
R047,H025,v2.48,5,CONTINUE
R047,H025,v2.48,25,CONTINUE
R047,H025,v2.48,50,CONTINUE
R047,H025,v2.48,100,CONTINUE
R047,H026,v2.48,5,CONTINUE
R047,H026,v2.48,25,CONTINUE
R047,H026,v2.48,50,CONTINUE
R047,H026,v2.48,100,CONTINUE
R047,H027,v2.48,5,CONTINUE
R047,H027,v2.48,25,CONTINUE
R047,H027,v2.48,50,CONTINUE
R047,H027,v2.48,100,CONTINUE
R047,H028,v2.48,5,CONTINUE
R047,H028,v2.48,25,CONTINUE
R047,H028,v2.48,50,CONTINUE
R047,H028,v2.48,100,CONTINUE
R047,H029,v2.48,5,CONTINUE
R047,H029,v2.48,25,CONTINUE
R047,H029,v2.48,50,CONTINUE
R047,H029,v2.48,100,CONTINUE
R047,H030,v2.48,5,CONTINUE
R047,H030,v2.48,25,CONTINUE
R047,H030,v2.48,50,CONTINUE
R047,H030,v2.48,100,CONTINUE
R047,H031,v2.48,5,CONTINUE
R047,H031,v2.48,25,CONTINUE
R047,H031,v2.48,50,CONTINUE
R047,H031,v2.48,100,CONTINUE
R047,H032,v2.48,5,CONTINUE
R047,H032,v2.48,25,CONTINUE
R047,H032,v2.48,50,CONTINUE
R047,H032,v2.48,100,CONTINUE
R047,H033,v2.48,5,CONTINUE
R047,H033,v2.48,25,CONTINUE
R047,H033,v2.48,50,CONTINUE
R047,H033,v2.48,100,CONTINUE
R047,H034,v2.48,5,CONTINUE
R047,H034,v2.48,25,CONTINUE
R047,H034,v2.48,50,CONTINUE
R047,H034,v2.48,100,CONTINUE
R047,H035,v2.48,5,CONTINUE
R047,H035,v2.48,25,CONTINUE
R047,H035,v2.48,50,CONTINUE
R047,H035,v2.48,100,CONTINUE
R047,H036,v2.48,5,HOLD
R047,H037,v2.48,5,CONTINUE
R047,H037,v2.48,25,CONTINUE
R047,H037,v2.48,50,CONTINUE
R047,H037,v2.48,100,CONTINUE
R047,H038,v2.48,5,CONTINUE
R047,H038,v2.48,25,CONTINUE
R047,H038,v2.48,50,CONTINUE
R047,H038,v2.48,100,CONTINUE
R047,H039,v2.48,5,CONTINUE
R047,H039,v2.48,25,CONTINUE
R047,H039,v2.48,50,CONTINUE
R047,H039,v2.48,100,CONTINUE
R047,H040,v2.48,5,CONTINUE
R047,H040,v2.48,25,CONTINUE
R047,H040,v2.48,50,CONTINUE
R047,H040,v2.48,100,CONTINUE
R047,H041,v2.48,5,CONTINUE
R047,H041,v2.48,25,CONTINUE
R047,H041,v2.48,50,CONTINUE
R047,H041,v2.48,100,CONTINUE
R047,H042,v2.48,5,CONTINUE
R047,H042,v2.48,25,CONTINUE
R047,H042,v2.48,50,CONTINUE
R047,H042,v2.48,100,CONTINUE
R047,H043,v2.48,5,CONTINUE
R047,H043,v2.48,25,CONTINUE
R047,H043,v2.48,50,CONTINUE
R047,H043,v2.48,100,CONTINUE
R047,H044,v2.48,5,CONTINUE
R047,H044,v2.48,25,CONTINUE
R047,H044,v2.48,50,CONTINUE
R047,H044,v2.48,100,CONTINUE
R047,H045,v2.48,5,CONTINUE
R047,H045,v2.48,25,CONTINUE
R047,H045,v2.48,50,CONTINUE
R047,H045,v2.48,100,CONTINUE
R047,H046,v2.48,5,STOP
R047,H047,v2.48,5,CONTINUE
R047,H047,v2.48,25,CONTINUE
R047,H047,v2.48,50,CONTINUE
R047,H047,v2.48,100,CONTINUE
R047,H048,v2.48,5,CONTINUE
R047,H048,v2.48,25,CONTINUE
R047,H048,v2.48,50,CONTINUE
R047,H048,v2.48,100,CONTINUE
R047,H049,v2.48,5,CONTINUE
R047,H049,v2.48,25,CONTINUE
R047,H049,v2.48,50,CONTINUE
R047,H049,v2.48,100,CONTINUE
R047,H050,v2.48,5,CONTINUE
R047,H050,v2.48,25,CONTINUE
R047,H050,v2.48,50,CONTINUE
R047,H050,v2.48,100,CONTINUE
R048,H001,v2.49,5,CONTINUE
R048,H001,v2.49,25,CONTINUE
R048,H001,v2.49,50,CONTINUE
R048,H001,v2.49,100,CONTINUE
R048,H002,v2.49,5,CONTINUE
R048,H002,v2.49,25,CONTINUE
R048,H002,v2.49,50,CONTINUE
R048,H002,v2.49,100,CONTINUE
R048,H003,v2.49,5,CONTINUE
R048,H003,v2.49,25,CONTINUE
R048,H003,v2.49,50,CONTINUE
R048,H003,v2.49,100,CONTINUE
R048,H004,v2.49,5,CONTINUE
R048,H004,v2.49,25,CONTINUE
R048,H004,v2.49,50,CONTINUE
R048,H004,v2.49,100,CONTINUE
R048,H005,v2.49,5,CONTINUE
R048,H005,v2.49,25,CONTINUE
R048,H005,v2.49,50,CONTINUE
R048,H005,v2.49,100,CONTINUE
R048,H006,v2.49,5,CONTINUE
R048,H006,v2.49,25,CONTINUE
R048,H006,v2.49,50,CONTINUE
R048,H006,v2.49,100,CONTINUE
R048,H007,v2.49,5,CONTINUE
R048,H007,v2.49,25,CONTINUE
R048,H007,v2.49,50,CONTINUE
R048,H007,v2.49,100,CONTINUE
R048,H008,v2.49,5,CONTINUE
R048,H008,v2.49,25,CONTINUE
R048,H008,v2.49,50,CONTINUE
R048,H008,v2.49,100,CONTINUE
R048,H009,v2.49,5,CONTINUE
R048,H009,v2.49,25,CONTINUE
R048,H009,v2.49,50,CONTINUE
R048,H009,v2.49,100,CONTINUE
R048,H010,v2.49,5,CONTINUE
R048,H010,v2.49,25,CONTINUE
R048,H010,v2.49,50,CONTINUE
R048,H010,v2.49,100,CONTINUE
R048,H011,v2.49,5,CONTINUE
R048,H011,v2.49,25,CONTINUE
R048,H011,v2.49,50,CONTINUE
R048,H011,v2.49,100,CONTINUE
R048,H012,v2.49,5,CONTINUE
R048,H012,v2.49,25,CONTINUE
R048,H012,v2.49,50,CONTINUE
R048,H012,v2.49,100,CONTINUE
R048,H013,v2.49,5,CONTINUE
R048,H013,v2.49,25,CONTINUE
R048,H013,v2.49,50,CONTINUE
R048,H013,v2.49,100,CONTINUE
R048,H014,v2.49,5,CONTINUE
R048,H014,v2.49,25,CONTINUE
R048,H014,v2.49,50,CONTINUE
R048,H014,v2.49,100,CONTINUE
R048,H015,v2.49,5,CONTINUE
R048,H015,v2.49,25,CONTINUE
R048,H015,v2.49,50,CONTINUE
R048,H015,v2.49,100,CONTINUE
R048,H016,v2.49,5,CONTINUE
R048,H016,v2.49,25,CONTINUE
R048,H016,v2.49,50,CONTINUE
R048,H016,v2.49,100,CONTINUE
R048,H017,v2.49,5,CONTINUE
R048,H017,v2.49,25,CONTINUE
R048,H017,v2.49,50,CONTINUE
R048,H017,v2.49,100,CONTINUE
R048,H018,v2.49,5,CONTINUE
R048,H018,v2.49,25,CONTINUE
R048,H018,v2.49,50,CONTINUE
R048,H018,v2.49,100,CONTINUE
R048,H019,v2.49,5,CONTINUE
R048,H019,v2.49,25,CONTINUE
R048,H019,v2.49,50,CONTINUE
R048,H019,v2.49,100,CONTINUE
R048,H020,v2.49,5,CONTINUE
R048,H020,v2.49,25,CONTINUE
R048,H020,v2.49,50,CONTINUE
R048,H020,v2.49,100,CONTINUE
R048,H021,v2.49,5,CONTINUE
R048,H021,v2.49,25,CONTINUE
R048,H021,v2.49,50,CONTINUE
R048,H021,v2.49,100,CONTINUE
R048,H022,v2.49,5,CONTINUE
R048,H022,v2.49,25,CONTINUE
R048,H022,v2.49,50,CONTINUE
R048,H022,v2.49,100,CONTINUE
R048,H023,v2.49,5,CONTINUE
R048,H023,v2.49,25,CONTINUE
R048,H023,v2.49,50,CONTINUE
R048,H023,v2.49,100,CONTINUE
R048,H024,v2.49,5,CONTINUE
R048,H024,v2.49,25,CONTINUE
R048,H024,v2.49,50,CONTINUE
R048,H024,v2.49,100,CONTINUE
R048,H025,v2.49,5,CONTINUE
R048,H025,v2.49,25,CONTINUE
R048,H025,v2.49,50,CONTINUE
R048,H025,v2.49,100,CONTINUE
R048,H026,v2.49,5,CONTINUE
R048,H026,v2.49,25,CONTINUE
R048,H026,v2.49,50,CONTINUE
R048,H026,v2.49,100,CONTINUE
R048,H027,v2.49,5,CONTINUE
R048,H027,v2.49,25,CONTINUE
R048,H027,v2.49,50,CONTINUE
R048,H027,v2.49,100,CONTINUE
R048,H028,v2.49,5,CONTINUE
R048,H028,v2.49,25,CONTINUE
R048,H028,v2.49,50,CONTINUE
R048,H028,v2.49,100,CONTINUE
R048,H029,v2.49,5,CONTINUE
R048,H029,v2.49,25,CONTINUE
R048,H029,v2.49,50,CONTINUE
R048,H029,v2.49,100,CONTINUE
R048,H030,v2.49,5,CONTINUE
R048,H030,v2.49,25,CONTINUE
R048,H030,v2.49,50,CONTINUE
R048,H030,v2.49,100,CONTINUE
R048,H031,v2.49,5,CONTINUE
R048,H031,v2.49,25,CONTINUE
R048,H031,v2.49,50,CONTINUE
R048,H031,v2.49,100,CONTINUE
R048,H032,v2.49,5,CONTINUE
R048,H032,v2.49,25,CONTINUE
R048,H032,v2.49,50,CONTINUE
R048,H032,v2.49,100,CONTINUE
R048,H033,v2.49,5,HOLD
R048,H034,v2.49,5,CONTINUE
R048,H034,v2.49,25,CONTINUE
R048,H034,v2.49,50,CONTINUE
R048,H034,v2.49,100,CONTINUE
R048,H035,v2.49,5,CONTINUE
R048,H035,v2.49,25,CONTINUE
R048,H035,v2.49,50,CONTINUE
R048,H035,v2.49,100,CONTINUE
R048,H036,v2.49,5,CONTINUE
R048,H036,v2.49,25,CONTINUE
R048,H036,v2.49,50,CONTINUE
R048,H036,v2.49,100,CONTINUE
R048,H037,v2.49,5,CONTINUE
R048,H037,v2.49,25,CONTINUE
R048,H037,v2.49,50,CONTINUE
R048,H037,v2.49,100,CONTINUE
R048,H038,v2.49,5,CONTINUE
R048,H038,v2.49,25,CONTINUE
R048,H038,v2.49,50,CONTINUE
R048,H038,v2.49,100,CONTINUE
R048,H039,v2.49,5,CONTINUE
R048,H039,v2.49,25,CONTINUE
R048,H039,v2.49,50,CONTINUE
R048,H039,v2.49,100,CONTINUE
R048,H040,v2.49,5,CONTINUE
R048,H040,v2.49,25,CONTINUE
R048,H040,v2.49,50,CONTINUE
R048,H040,v2.49,100,CONTINUE
R048,H041,v2.49,5,CONTINUE
R048,H041,v2.49,25,CONTINUE
R048,H041,v2.49,50,CONTINUE
R048,H041,v2.49,100,CONTINUE
R048,H042,v2.49,5,CONTINUE
R048,H042,v2.49,25,CONTINUE
R048,H042,v2.49,50,CONTINUE
R048,H042,v2.49,100,CONTINUE
R048,H043,v2.49,5,CONTINUE
R048,H043,v2.49,25,CONTINUE
R048,H043,v2.49,50,CONTINUE
R048,H043,v2.49,100,CONTINUE
R048,H044,v2.49,5,STOP
R048,H045,v2.49,5,CONTINUE
R048,H045,v2.49,25,CONTINUE
R048,H045,v2.49,50,CONTINUE
R048,H045,v2.49,100,CONTINUE
R048,H046,v2.49,5,CONTINUE
R048,H046,v2.49,25,CONTINUE
R048,H046,v2.49,50,CONTINUE
R048,H046,v2.49,100,CONTINUE
R048,H047,v2.49,5,CONTINUE
R048,H047,v2.49,25,CONTINUE
R048,H047,v2.49,50,CONTINUE
R048,H047,v2.49,100,CONTINUE
R048,H048,v2.49,5,CONTINUE
R048,H048,v2.49,25,CONTINUE
R048,H048,v2.49,50,CONTINUE
R048,H048,v2.49,100,CONTINUE
R048,H049,v2.49,5,CONTINUE
R048,H049,v2.49,25,CONTINUE
R048,H049,v2.49,50,CONTINUE
R048,H049,v2.49,100,CONTINUE
R048,H050,v2.49,5,CONTINUE
R048,H050,v2.49,25,CONTINUE
R048,H050,v2.49,50,CONTINUE
R048,H050,v2.49,100,CONTINUE
R049,H001,v2.50,5,CONTINUE
R049,H001,v2.50,25,CONTINUE
R049,H001,v2.50,50,CONTINUE
R049,H001,v2.50,100,CONTINUE
R049,H002,v2.50,5,CONTINUE
R049,H002,v2.50,25,CONTINUE
R049,H002,v2.50,50,CONTINUE
R049,H002,v2.50,100,CONTINUE
R049,H003,v2.50,5,CONTINUE
R049,H003,v2.50,25,CONTINUE
R049,H003,v2.50,50,CONTINUE
R049,H003,v2.50,100,CONTINUE
R049,H004,v2.50,5,CONTINUE
R049,H004,v2.50,25,CONTINUE
R049,H004,v2.50,50,CONTINUE
R049,H004,v2.50,100,CONTINUE
R049,H005,v2.50,5,STOP
R049,H006,v2.50,5,CONTINUE
R049,H006,v2.50,25,CONTINUE
R049,H006,v2.50,50,CONTINUE
R049,H006,v2.50,100,CONTINUE
R049,H007,v2.50,5,CONTINUE
R049,H007,v2.50,25,CONTINUE
R049,H007,v2.50,50,CONTINUE
R049,H007,v2.50,100,CONTINUE
R049,H008,v2.50,5,CONTINUE
R049,H008,v2.50,25,CONTINUE
R049,H008,v2.50,50,CONTINUE
R049,H008,v2.50,100,CONTINUE
R049,H009,v2.50,5,HOLD
R049,H010,v2.50,5,CONTINUE
R049,H010,v2.50,25,CONTINUE
R049,H010,v2.50,50,CONTINUE
R049,H010,v2.50,100,CONTINUE
R049,H011,v2.50,5,CONTINUE
R049,H011,v2.50,25,CONTINUE
R049,H011,v2.50,50,CONTINUE
R049,H011,v2.50,100,CONTINUE
R049,H012,v2.50,5,CONTINUE
R049,H012,v2.50,25,CONTINUE
R049,H012,v2.50,50,CONTINUE
R049,H012,v2.50,100,CONTINUE
R049,H013,v2.50,5,CONTINUE
R049,H013,v2.50,25,CONTINUE
R049,H013,v2.50,50,CONTINUE
R049,H013,v2.50,100,CONTINUE
R049,H014,v2.50,5,CONTINUE
R049,H014,v2.50,25,CONTINUE
R049,H014,v2.50,50,CONTINUE
R049,H014,v2.50,100,CONTINUE
R049,H015,v2.50,5,CONTINUE
R049,H015,v2.50,25,CONTINUE
R049,H015,v2.50,50,CONTINUE
R049,H015,v2.50,100,CONTINUE
R049,H016,v2.50,5,CONTINUE
R049,H016,v2.50,25,CONTINUE
R049,H016,v2.50,50,CONTINUE
R049,H016,v2.50,100,CONTINUE
R049,H017,v2.50,5,CONTINUE
R049,H017,v2.50,25,CONTINUE
R049,H017,v2.50,50,CONTINUE
R049,H017,v2.50,100,CONTINUE
R049,H018,v2.50,5,CONTINUE
R049,H018,v2.50,25,CONTINUE
R049,H018,v2.50,50,CONTINUE
R049,H018,v2.50,100,CONTINUE
R049,H019,v2.50,5,CONTINUE
R049,H019,v2.50,25,CONTINUE
R049,H019,v2.50,50,CONTINUE
R049,H019,v2.50,100,CONTINUE
R049,H020,v2.50,5,CONTINUE
R049,H020,v2.50,25,CONTINUE
R049,H020,v2.50,50,CONTINUE
R049,H020,v2.50,100,CONTINUE
R049,H021,v2.50,5,STOP
R049,H022,v2.50,5,HOLD
R049,H023,v2.50,5,CONTINUE
R049,H023,v2.50,25,CONTINUE
R049,H023,v2.50,50,CONTINUE
R049,H023,v2.50,100,CONTINUE
R049,H024,v2.50,5,CONTINUE
R049,H024,v2.50,25,CONTINUE
R049,H024,v2.50,50,CONTINUE
R049,H024,v2.50,100,CONTINUE
R049,H025,v2.50,5,CONTINUE
R049,H025,v2.50,25,CONTINUE
R049,H025,v2.50,50,CONTINUE
R049,H025,v2.50,100,CONTINUE
R049,H026,v2.50,5,CONTINUE
R049,H026,v2.50,25,CONTINUE
R049,H026,v2.50,50,CONTINUE
R049,H026,v2.50,100,CONTINUE
R049,H027,v2.50,5,CONTINUE
R049,H027,v2.50,25,CONTINUE
R049,H027,v2.50,50,CONTINUE
R049,H027,v2.50,100,CONTINUE
R049,H028,v2.50,5,CONTINUE
R049,H028,v2.50,25,CONTINUE
R049,H028,v2.50,50,CONTINUE
R049,H028,v2.50,100,CONTINUE
R049,H029,v2.50,5,CONTINUE
R049,H029,v2.50,25,CONTINUE
R049,H029,v2.50,50,CONTINUE
R049,H029,v2.50,100,CONTINUE
R049,H030,v2.50,5,CONTINUE
R049,H030,v2.50,25,CONTINUE
R049,H030,v2.50,50,CONTINUE
R049,H030,v2.50,100,CONTINUE
R049,H031,v2.50,5,CONTINUE
R049,H031,v2.50,25,CONTINUE
R049,H031,v2.50,50,CONTINUE
R049,H031,v2.50,100,CONTINUE
R049,H032,v2.50,5,HOLD
R049,H033,v2.50,5,CONTINUE
R049,H033,v2.50,25,CONTINUE
R049,H033,v2.50,50,CONTINUE
R049,H033,v2.50,100,CONTINUE
R049,H034,v2.50,5,CONTINUE
R049,H034,v2.50,25,CONTINUE
R049,H034,v2.50,50,CONTINUE
R049,H034,v2.50,100,CONTINUE
R049,H035,v2.50,5,CONTINUE
R049,H035,v2.50,25,CONTINUE
R049,H035,v2.50,50,CONTINUE
R049,H035,v2.50,100,CONTINUE
R049,H036,v2.50,5,CONTINUE
R049,H036,v2.50,25,CONTINUE
R049,H036,v2.50,50,CONTINUE
R049,H036,v2.50,100,CONTINUE
R049,H037,v2.50,5,CONTINUE
R049,H037,v2.50,25,CONTINUE
R049,H037,v2.50,50,CONTINUE
R049,H037,v2.50,100,CONTINUE
R049,H038,v2.50,5,CONTINUE
R049,H038,v2.50,25,CONTINUE
R049,H038,v2.50,50,CONTINUE
R049,H038,v2.50,100,CONTINUE
R049,H039,v2.50,5,CONTINUE
R049,H039,v2.50,25,CONTINUE
R049,H039,v2.50,50,CONTINUE
R049,H039,v2.50,100,CONTINUE
R049,H040,v2.50,5,CONTINUE
R049,H040,v2.50,25,CONTINUE
R049,H040,v2.50,50,CONTINUE
R049,H040,v2.50,100,CONTINUE
R049,H041,v2.50,5,CONTINUE
R049,H041,v2.50,25,CONTINUE
R049,H041,v2.50,50,CONTINUE
R049,H041,v2.50,100,CONTINUE
R049,H042,v2.50,5,CONTINUE
R049,H042,v2.50,25,CONTINUE
R049,H042,v2.50,50,CONTINUE
R049,H042,v2.50,100,CONTINUE
R049,H043,v2.50,5,CONTINUE
R049,H043,v2.50,25,CONTINUE
R049,H043,v2.50,50,CONTINUE
R049,H043,v2.50,100,CONTINUE
R049,H044,v2.50,5,CONTINUE
R049,H044,v2.50,25,CONTINUE
R049,H044,v2.50,50,CONTINUE
R049,H044,v2.50,100,CONTINUE
R049,H045,v2.50,5,CONTINUE
R049,H045,v2.50,25,CONTINUE
R049,H045,v2.50,50,CONTINUE
R049,H045,v2.50,100,CONTINUE
R049,H046,v2.50,5,HOLD
R049,H047,v2.50,5,CONTINUE
R049,H047,v2.50,25,CONTINUE
R049,H047,v2.50,50,CONTINUE
R049,H047,v2.50,100,CONTINUE
R049,H048,v2.50,5,CONTINUE
R049,H048,v2.50,25,CONTINUE
R049,H048,v2.50,50,CONTINUE
R049,H048,v2.50,100,CONTINUE
R049,H049,v2.50,5,CONTINUE
R049,H049,v2.50,25,CONTINUE
R049,H049,v2.50,50,CONTINUE
R049,H049,v2.50,100,CONTINUE
R049,H050,v2.50,5,CONTINUE
R049,H050,v2.50,25,CONTINUE
R049,H050,v2.50,50,CONTINUE
R049,H050,v2.50,100,CONTINUE
R050,H001,v3.1,5,CONTINUE
R050,H001,v3.1,25,CONTINUE
R050,H001,v3.1,50,CONTINUE
R050,H001,v3.1,100,CONTINUE
R050,H002,v3.1,5,CONTINUE
R050,H002,v3.1,25,CONTINUE
R050,H002,v3.1,50,CONTINUE
R050,H002,v3.1,100,CONTINUE
R050,H003,v3.1,5,CONTINUE
R050,H003,v3.1,25,CONTINUE
R050,H003,v3.1,50,CONTINUE
R050,H003,v3.1,100,CONTINUE
R050,H004,v3.1,5,CONTINUE
R050,H004,v3.1,25,CONTINUE
R050,H004,v3.1,50,CONTINUE
R050,H004,v3.1,100,CONTINUE
R050,H005,v3.1,5,CONTINUE
R050,H005,v3.1,25,CONTINUE
R050,H005,v3.1,50,CONTINUE
R050,H005,v3.1,100,CONTINUE
R050,H006,v3.1,5,CONTINUE
R050,H006,v3.1,25,CONTINUE
R050,H006,v3.1,50,CONTINUE
R050,H006,v3.1,100,CONTINUE
R050,H007,v3.1,5,CONTINUE
R050,H007,v3.1,25,CONTINUE
R050,H007,v3.1,50,CONTINUE
R050,H007,v3.1,100,CONTINUE
R050,H008,v3.1,5,CONTINUE
R050,H008,v3.1,25,CONTINUE
R050,H008,v3.1,50,CONTINUE
R050,H008,v3.1,100,CONTINUE
R050,H009,v3.1,5,CONTINUE
R050,H009,v3.1,25,CONTINUE
R050,H009,v3.1,50,CONTINUE
R050,H009,v3.1,100,CONTINUE
R050,H010,v3.1,5,CONTINUE
R050,H010,v3.1,25,CONTINUE
R050,H010,v3.1,50,CONTINUE
R050,H010,v3.1,100,CONTINUE
R050,H011,v3.1,5,CONTINUE
R050,H011,v3.1,25,CONTINUE
R050,H011,v3.1,50,CONTINUE
R050,H011,v3.1,100,CONTINUE
R050,H012,v3.1,5,CONTINUE
R050,H012,v3.1,25,CONTINUE
R050,H012,v3.1,50,CONTINUE
R050,H012,v3.1,100,CONTINUE
R050,H013,v3.1,5,CONTINUE
R050,H013,v3.1,25,CONTINUE
R050,H013,v3.1,50,CONTINUE
R050,H013,v3.1,100,CONTINUE
R050,H014,v3.1,5,CONTINUE
R050,H014,v3.1,25,CONTINUE
R050,H014,v3.1,50,CONTINUE
R050,H014,v3.1,100,CONTINUE
R050,H015,v3.1,5,CONTINUE
R050,H015,v3.1,25,CONTINUE
R050,H015,v3.1,50,CONTINUE
R050,H015,v3.1,100,CONTINUE
R050,H016,v3.1,5,CONTINUE
R050,H016,v3.1,25,CONTINUE
R050,H016,v3.1,50,CONTINUE
R050,H016,v3.1,100,CONTINUE
R050,H017,v3.1,5,CONTINUE
R050,H017,v3.1,25,CONTINUE
R050,H017,v3.1,50,CONTINUE
R050,H017,v3.1,100,CONTINUE
R050,H018,v3.1,5,CONTINUE
R050,H018,v3.1,25,CONTINUE
R050,H018,v3.1,50,CONTINUE
R050,H018,v3.1,100,CONTINUE
R050,H019,v3.1,5,CONTINUE
R050,H019,v3.1,25,CONTINUE
R050,H019,v3.1,50,CONTINUE
R050,H019,v3.1,100,CONTINUE
R050,H020,v3.1,5,CONTINUE
R050,H020,v3.1,25,CONTINUE
R050,H020,v3.1,50,CONTINUE
R050,H020,v3.1,100,CONTINUE
R050,H021,v3.1,5,CONTINUE
R050,H021,v3.1,25,CONTINUE
R050,H021,v3.1,50,CONTINUE
R050,H021,v3.1,100,CONTINUE
R050,H022,v3.1,5,CONTINUE
R050,H022,v3.1,25,CONTINUE
R050,H022,v3.1,50,CONTINUE
R050,H022,v3.1,100,CONTINUE
R050,H023,v3.1,5,CONTINUE
R050,H023,v3.1,25,CONTINUE
R050,H023,v3.1,50,CONTINUE
R050,H023,v3.1,100,CONTINUE
R050,H024,v3.1,5,CONTINUE
R050,H024,v3.1,25,CONTINUE
R050,H024,v3.1,50,CONTINUE
R050,H024,v3.1,100,CONTINUE
R050,H025,v3.1,5,CONTINUE
R050,H025,v3.1,25,CONTINUE
R050,H025,v3.1,50,CONTINUE
R050,H025,v3.1,100,CONTINUE
R050,H026,v3.1,5,CONTINUE
R050,H026,v3.1,25,CONTINUE
R050,H026,v3.1,50,CONTINUE
R050,H026,v3.1,100,CONTINUE
R050,H027,v3.1,5,CONTINUE
R050,H027,v3.1,25,CONTINUE
R050,H027,v3.1,50,CONTINUE
R050,H027,v3.1,100,CONTINUE
R050,H028,v3.1,5,CONTINUE
R050,H028,v3.1,25,CONTINUE
R050,H028,v3.1,50,CONTINUE
R050,H028,v3.1,100,CONTINUE
R050,H029,v3.1,5,CONTINUE
R050,H029,v3.1,25,CONTINUE
R050,H029,v3.1,50,CONTINUE
R050,H029,v3.1,100,CONTINUE
R050,H030,v3.1,5,CONTINUE
R050,H030,v3.1,25,CONTINUE
R050,H030,v3.1,50,CONTINUE
R050,H030,v3.1,100,CONTINUE
R050,H031,v3.1,5,STOP
R050,H032,v3.1,5,CONTINUE
R050,H032,v3.1,25,CONTINUE
R050,H032,v3.1,50,CONTINUE
R050,H032,v3.1,100,CONTINUE
R050,H033,v3.1,5,CONTINUE
R050,H033,v3.1,25,CONTINUE
R050,H033,v3.1,50,CONTINUE
R050,H033,v3.1,100,CONTINUE
R050,H034,v3.1,5,CONTINUE
R050,H034,v3.1,25,CONTINUE
R050,H034,v3.1,50,CONTINUE
R050,H034,v3.1,100,CONTINUE
R050,H035,v3.1,5,CONTINUE
R050,H035,v3.1,25,CONTINUE
R050,H035,v3.1,50,CONTINUE
R050,H035,v3.1,100,CONTINUE
R050,H036,v3.1,5,CONTINUE
R050,H036,v3.1,25,CONTINUE
R050,H036,v3.1,50,CONTINUE
R050,H036,v3.1,100,CONTINUE
R050,H037,v3.1,5,CONTINUE
R050,H037,v3.1,25,CONTINUE
R050,H037,v3.1,50,CONTINUE
R050,H037,v3.1,100,CONTINUE
R050,H038,v3.1,5,CONTINUE
R050,H038,v3.1,25,CONTINUE
R050,H038,v3.1,50,CONTINUE
R050,H038,v3.1,100,CONTINUE
R050,H039,v3.1,5,CONTINUE
R050,H039,v3.1,25,CONTINUE
R050,H039,v3.1,50,CONTINUE
R050,H039,v3.1,100,CONTINUE
R050,H040,v3.1,5,CONTINUE
R050,H040,v3.1,25,CONTINUE
R050,H040,v3.1,50,CONTINUE
R050,H040,v3.1,100,CONTINUE
R050,H041,v3.1,5,CONTINUE
R050,H041,v3.1,25,CONTINUE
R050,H041,v3.1,50,CONTINUE
R050,H041,v3.1,100,CONTINUE
R050,H042,v3.1,5,CONTINUE
R050,H042,v3.1,25,CONTINUE
R050,H042,v3.1,50,CONTINUE
R050,H042,v3.1,100,CONTINUE
R050,H043,v3.1,5,STOP
R050,H044,v3.1,5,CONTINUE
R050,H044,v3.1,25,CONTINUE
R050,H044,v3.1,50,CONTINUE
R050,H044,v3.1,100,CONTINUE
R050,H045,v3.1,5,CONTINUE
R050,H045,v3.1,25,CONTINUE
R050,H045,v3.1,50,CONTINUE
R050,H045,v3.1,100,CONTINUE
R050,H046,v3.1,5,CONTINUE
R050,H046,v3.1,25,CONTINUE
R050,H046,v3.1,50,CONTINUE
R050,H046,v3.1,100,CONTINUE
R050,H047,v3.1,5,CONTINUE
R050,H047,v3.1,25,CONTINUE
R050,H047,v3.1,50,CONTINUE
R050,H047,v3.1,100,CONTINUE
R050,H048,v3.1,5,CONTINUE
R050,H048,v3.1,25,CONTINUE
R050,H048,v3.1,50,CONTINUE
R050,H048,v3.1,100,CONTINUE
R050,H049,v3.1,5,CONTINUE
R050,H049,v3.1,25,CONTINUE
R050,H049,v3.1,50,CONTINUE
R050,H049,v3.1,100,CONTINUE
R050,H050,v3.1,5,CONTINUE
R050,H050,v3.1,25,CONTINUE
R050,H050,v3.1,50,CONTINUE
R050,H050,v3.1,100,CONTINUE
R051,H001,v3.2,5,CONTINUE
R051,H001,v3.2,25,CONTINUE
R051,H001,v3.2,50,CONTINUE
R051,H001,v3.2,100,CONTINUE
R051,H002,v3.2,5,CONTINUE
R051,H002,v3.2,25,CONTINUE
R051,H002,v3.2,50,CONTINUE
R051,H002,v3.2,100,CONTINUE
R051,H003,v3.2,5,CONTINUE
R051,H003,v3.2,25,CONTINUE
R051,H003,v3.2,50,CONTINUE
R051,H003,v3.2,100,CONTINUE
R051,H004,v3.2,5,CONTINUE
R051,H004,v3.2,25,CONTINUE
R051,H004,v3.2,50,CONTINUE
R051,H004,v3.2,100,CONTINUE
R051,H005,v3.2,5,CONTINUE
R051,H005,v3.2,25,CONTINUE
R051,H005,v3.2,50,CONTINUE
R051,H005,v3.2,100,CONTINUE
R051,H006,v3.2,5,CONTINUE
R051,H006,v3.2,25,CONTINUE
R051,H006,v3.2,50,CONTINUE
R051,H006,v3.2,100,CONTINUE
R051,H007,v3.2,5,CONTINUE
R051,H007,v3.2,25,CONTINUE
R051,H007,v3.2,50,CONTINUE
R051,H007,v3.2,100,CONTINUE
R051,H008,v3.2,5,CONTINUE
R051,H008,v3.2,25,CONTINUE
R051,H008,v3.2,50,CONTINUE
R051,H008,v3.2,100,CONTINUE
R051,H009,v3.2,5,CONTINUE
R051,H009,v3.2,25,CONTINUE
R051,H009,v3.2,50,CONTINUE
R051,H009,v3.2,100,CONTINUE
R051,H010,v3.2,5,CONTINUE
R051,H010,v3.2,25,CONTINUE
R051,H010,v3.2,50,CONTINUE
R051,H010,v3.2,100,CONTINUE
R051,H011,v3.2,5,CONTINUE
R051,H011,v3.2,25,CONTINUE
R051,H011,v3.2,50,CONTINUE
R051,H011,v3.2,100,CONTINUE
R051,H012,v3.2,5,CONTINUE
R051,H012,v3.2,25,CONTINUE
R051,H012,v3.2,50,CONTINUE
R051,H012,v3.2,100,CONTINUE
R051,H013,v3.2,5,CONTINUE
R051,H013,v3.2,25,CONTINUE
R051,H013,v3.2,50,CONTINUE
R051,H013,v3.2,100,CONTINUE
R051,H014,v3.2,5,CONTINUE
R051,H014,v3.2,25,CONTINUE
R051,H014,v3.2,50,CONTINUE
R051,H014,v3.2,100,CONTINUE
R051,H015,v3.2,5,CONTINUE
R051,H015,v3.2,25,CONTINUE
R051,H015,v3.2,50,CONTINUE
R051,H015,v3.2,100,CONTINUE
R051,H016,v3.2,5,CONTINUE
R051,H016,v3.2,25,CONTINUE
R051,H016,v3.2,50,CONTINUE
R051,H016,v3.2,100,CONTINUE
R051,H017,v3.2,5,CONTINUE
R051,H017,v3.2,25,CONTINUE
R051,H017,v3.2,50,CONTINUE
R051,H017,v3.2,100,CONTINUE
R051,H018,v3.2,5,CONTINUE
R051,H018,v3.2,25,CONTINUE
R051,H018,v3.2,50,CONTINUE
R051,H018,v3.2,100,CONTINUE
R051,H019,v3.2,5,CONTINUE
R051,H019,v3.2,25,CONTINUE
R051,H019,v3.2,50,CONTINUE
R051,H019,v3.2,100,CONTINUE
R051,H020,v3.2,5,CONTINUE
R051,H020,v3.2,25,CONTINUE
R051,H020,v3.2,50,CONTINUE
R051,H020,v3.2,100,CONTINUE
R051,H021,v3.2,5,CONTINUE
R051,H021,v3.2,25,CONTINUE
R051,H021,v3.2,50,CONTINUE
R051,H021,v3.2,100,CONTINUE
R051,H022,v3.2,5,CONTINUE
R051,H022,v3.2,25,CONTINUE
R051,H022,v3.2,50,CONTINUE
R051,H022,v3.2,100,CONTINUE
R051,H023,v3.2,5,CONTINUE
R051,H023,v3.2,25,CONTINUE
R051,H023,v3.2,50,CONTINUE
R051,H023,v3.2,100,CONTINUE
R051,H024,v3.2,5,CONTINUE
R051,H024,v3.2,25,CONTINUE
R051,H024,v3.2,50,CONTINUE
R051,H024,v3.2,100,CONTINUE
R051,H025,v3.2,5,CONTINUE
R051,H025,v3.2,25,CONTINUE
R051,H025,v3.2,50,CONTINUE
R051,H025,v3.2,100,CONTINUE
R051,H026,v3.2,5,CONTINUE
R051,H026,v3.2,25,CONTINUE
R051,H026,v3.2,50,CONTINUE
R051,H026,v3.2,100,CONTINUE
R051,H027,v3.2,5,CONTINUE
R051,H027,v3.2,25,CONTINUE
R051,H027,v3.2,50,CONTINUE
R051,H027,v3.2,100,CONTINUE
R051,H028,v3.2,5,CONTINUE
R051,H028,v3.2,25,CONTINUE
R051,H028,v3.2,50,CONTINUE
R051,H028,v3.2,100,CONTINUE
R051,H029,v3.2,5,CONTINUE
R051,H029,v3.2,25,CONTINUE
R051,H029,v3.2,50,CONTINUE
R051,H029,v3.2,100,CONTINUE
R051,H030,v3.2,5,CONTINUE
R051,H030,v3.2,25,CONTINUE
R051,H030,v3.2,50,CONTINUE
R051,H030,v3.2,100,CONTINUE
R051,H031,v3.2,5,HOLD
R051,H032,v3.2,5,CONTINUE
R051,H032,v3.2,25,CONTINUE
R051,H032,v3.2,50,CONTINUE
R051,H032,v3.2,100,CONTINUE
R051,H033,v3.2,5,CONTINUE
R051,H033,v3.2,25,CONTINUE
R051,H033,v3.2,50,CONTINUE
R051,H033,v3.2,100,CONTINUE
R051,H034,v3.2,5,CONTINUE
R051,H034,v3.2,25,CONTINUE
R051,H034,v3.2,50,CONTINUE
R051,H034,v3.2,100,CONTINUE
R051,H035,v3.2,5,CONTINUE
R051,H035,v3.2,25,CONTINUE
R051,H035,v3.2,50,CONTINUE
R051,H035,v3.2,100,CONTINUE
R051,H036,v3.2,5,CONTINUE
R051,H036,v3.2,25,CONTINUE
R051,H036,v3.2,50,CONTINUE
R051,H036,v3.2,100,CONTINUE
R051,H037,v3.2,5,CONTINUE
R051,H037,v3.2,25,CONTINUE
R051,H037,v3.2,50,CONTINUE
R051,H037,v3.2,100,CONTINUE
R051,H038,v3.2,5,CONTINUE
R051,H038,v3.2,25,CONTINUE
R051,H038,v3.2,50,CONTINUE
R051,H038,v3.2,100,CONTINUE
R051,H039,v3.2,5,CONTINUE
R051,H039,v3.2,25,CONTINUE
R051,H039,v3.2,50,CONTINUE
R051,H039,v3.2,100,CONTINUE
R051,H040,v3.2,5,CONTINUE
R051,H040,v3.2,25,CONTINUE
R051,H040,v3.2,50,CONTINUE
R051,H040,v3.2,100,CONTINUE
R051,H041,v3.2,5,CONTINUE
R051,H041,v3.2,25,CONTINUE
R051,H041,v3.2,50,CONTINUE
R051,H041,v3.2,100,CONTINUE
R051,H042,v3.2,5,CONTINUE
R051,H042,v3.2,25,CONTINUE
R051,H042,v3.2,50,CONTINUE
R051,H042,v3.2,100,CONTINUE
R051,H043,v3.2,5,CONTINUE
R051,H043,v3.2,25,CONTINUE
R051,H043,v3.2,50,CONTINUE
R051,H043,v3.2,100,CONTINUE
R051,H044,v3.2,5,CONTINUE
R051,H044,v3.2,25,CONTINUE
R051,H044,v3.2,50,CONTINUE
R051,H044,v3.2,100,CONTINUE
R051,H045,v3.2,5,CONTINUE
R051,H045,v3.2,25,CONTINUE
R051,H045,v3.2,50,CONTINUE
R051,H045,v3.2,100,CONTINUE
R051,H046,v3.2,5,CONTINUE
R051,H046,v3.2,25,CONTINUE
R051,H046,v3.2,50,CONTINUE
R051,H046,v3.2,100,CONTINUE
R051,H047,v3.2,5,STOP
R051,H048,v3.2,5,CONTINUE
R051,H048,v3.2,25,CONTINUE
R051,H048,v3.2,50,CONTINUE
R051,H048,v3.2,100,CONTINUE
R051,H049,v3.2,5,CONTINUE
R051,H049,v3.2,25,CONTINUE
R051,H049,v3.2,50,CONTINUE
R051,H049,v3.2,100,CONTINUE
R051,H050,v3.2,5,CONTINUE
R051,H050,v3.2,25,CONTINUE
R051,H050,v3.2,50,CONTINUE
R051,H050,v3.2,100,CONTINUE
R052,H001,v3.3,5,CONTINUE
R052,H001,v3.3,25,CONTINUE
R052,H001,v3.3,50,CONTINUE
R052,H001,v3.3,100,CONTINUE
R052,H002,v3.3,5,STOP
R052,H003,v3.3,5,CONTINUE
R052,H003,v3.3,25,CONTINUE
R052,H003,v3.3,50,CONTINUE
R052,H003,v3.3,100,CONTINUE
R052,H004,v3.3,5,CONTINUE
R052,H004,v3.3,25,CONTINUE
R052,H004,v3.3,50,CONTINUE
R052,H004,v3.3,100,CONTINUE
R052,H005,v3.3,5,CONTINUE
R052,H005,v3.3,25,CONTINUE
R052,H005,v3.3,50,CONTINUE
R052,H005,v3.3,100,CONTINUE
R052,H006,v3.3,5,CONTINUE
R052,H006,v3.3,25,CONTINUE
R052,H006,v3.3,50,CONTINUE
R052,H006,v3.3,100,CONTINUE
R052,H007,v3.3,5,CONTINUE
R052,H007,v3.3,25,CONTINUE
R052,H007,v3.3,50,CONTINUE
R052,H007,v3.3,100,CONTINUE
R052,H008,v3.3,5,CONTINUE
R052,H008,v3.3,25,CONTINUE
R052,H008,v3.3,50,CONTINUE
R052,H008,v3.3,100,CONTINUE
R052,H009,v3.3,5,CONTINUE
R052,H009,v3.3,25,CONTINUE
R052,H009,v3.3,50,CONTINUE
R052,H009,v3.3,100,CONTINUE
R052,H010,v3.3,5,CONTINUE
R052,H010,v3.3,25,CONTINUE
R052,H010,v3.3,50,CONTINUE
R052,H010,v3.3,100,CONTINUE
R052,H011,v3.3,5,CONTINUE
R052,H011,v3.3,25,CONTINUE
R052,H011,v3.3,50,CONTINUE
R052,H011,v3.3,100,CONTINUE
R052,H012,v3.3,5,CONTINUE
R052,H012,v3.3,25,CONTINUE
R052,H012,v3.3,50,CONTINUE
R052,H012,v3.3,100,CONTINUE
R052,H013,v3.3,5,CONTINUE
R052,H013,v3.3,25,CONTINUE
R052,H013,v3.3,50,CONTINUE
R052,H013,v3.3,100,CONTINUE
R052,H014,v3.3,5,CONTINUE
R052,H014,v3.3,25,CONTINUE
R052,H014,v3.3,50,CONTINUE
R052,H014,v3.3,100,CONTINUE
R052,H015,v3.3,5,CONTINUE
R052,H015,v3.3,25,CONTINUE
R052,H015,v3.3,50,CONTINUE
R052,H015,v3.3,100,CONTINUE
R052,H016,v3.3,5,CONTINUE
R052,H016,v3.3,25,CONTINUE
R052,H016,v3.3,50,CONTINUE
R052,H016,v3.3,100,CONTINUE
R052,H017,v3.3,5,CONTINUE
R052,H017,v3.3,25,CONTINUE
R052,H017,v3.3,50,CONTINUE
R052,H017,v3.3,100,CONTINUE
R052,H018,v3.3,5,CONTINUE
R052,H018,v3.3,25,CONTINUE
R052,H018,v3.3,50,CONTINUE
R052,H018,v3.3,100,CONTINUE
R052,H019,v3.3,5,CONTINUE
R052,H019,v3.3,25,CONTINUE
R052,H019,v3.3,50,CONTINUE
R052,H019,v3.3,100,CONTINUE
R052,H020,v3.3,5,CONTINUE
R052,H020,v3.3,25,CONTINUE
R052,H020,v3.3,50,CONTINUE
R052,H020,v3.3,100,CONTINUE
R052,H021,v3.3,5,CONTINUE
R052,H021,v3.3,25,CONTINUE
R052,H021,v3.3,50,CONTINUE
R052,H021,v3.3,100,CONTINUE
R052,H022,v3.3,5,CONTINUE
R052,H022,v3.3,25,CONTINUE
R052,H022,v3.3,50,CONTINUE
R052,H022,v3.3,100,CONTINUE
R052,H023,v3.3,5,CONTINUE
R052,H023,v3.3,25,CONTINUE
R052,H023,v3.3,50,CONTINUE
R052,H023,v3.3,100,CONTINUE
R052,H024,v3.3,5,CONTINUE
R052,H024,v3.3,25,CONTINUE
R052,H024,v3.3,50,CONTINUE
R052,H024,v3.3,100,CONTINUE
R052,H025,v3.3,5,CONTINUE
R052,H025,v3.3,25,CONTINUE
R052,H025,v3.3,50,CONTINUE
R052,H025,v3.3,100,CONTINUE
R052,H026,v3.3,5,CONTINUE
R052,H026,v3.3,25,CONTINUE
R052,H026,v3.3,50,CONTINUE
R052,H026,v3.3,100,CONTINUE
R052,H027,v3.3,5,HOLD
R052,H028,v3.3,5,CONTINUE
R052,H028,v3.3,25,CONTINUE
R052,H028,v3.3,50,CONTINUE
R052,H028,v3.3,100,CONTINUE
R052,H029,v3.3,5,CONTINUE
R052,H029,v3.3,25,CONTINUE
R052,H029,v3.3,50,CONTINUE
R052,H029,v3.3,100,CONTINUE
R052,H030,v3.3,5,CONTINUE
R052,H030,v3.3,25,CONTINUE
R052,H030,v3.3,50,CONTINUE
R052,H030,v3.3,100,CONTINUE
R052,H031,v3.3,5,CONTINUE
R052,H031,v3.3,25,CONTINUE
R052,H031,v3.3,50,CONTINUE
R052,H031,v3.3,100,CONTINUE
R052,H032,v3.3,5,CONTINUE
R052,H032,v3.3,25,CONTINUE
R052,H032,v3.3,50,CONTINUE
R052,H032,v3.3,100,CONTINUE
R052,H033,v3.3,5,CONTINUE
R052,H033,v3.3,25,CONTINUE
R052,H033,v3.3,50,CONTINUE
R052,H033,v3.3,100,CONTINUE
R052,H034,v3.3,5,CONTINUE
R052,H034,v3.3,25,CONTINUE
R052,H034,v3.3,50,CONTINUE
R052,H034,v3.3,100,CONTINUE
R052,H035,v3.3,5,CONTINUE
R052,H035,v3.3,25,CONTINUE
R052,H035,v3.3,50,CONTINUE
R052,H035,v3.3,100,CONTINUE
R052,H036,v3.3,5,CONTINUE
R052,H036,v3.3,25,CONTINUE
R052,H036,v3.3,50,CONTINUE
R052,H036,v3.3,100,CONTINUE
R052,H037,v3.3,5,CONTINUE
R052,H037,v3.3,25,CONTINUE
R052,H037,v3.3,50,CONTINUE
R052,H037,v3.3,100,CONTINUE
R052,H038,v3.3,5,CONTINUE
R052,H038,v3.3,25,CONTINUE
R052,H038,v3.3,50,CONTINUE
R052,H038,v3.3,100,CONTINUE
R052,H039,v3.3,5,CONTINUE
R052,H039,v3.3,25,CONTINUE
R052,H039,v3.3,50,CONTINUE
R052,H039,v3.3,100,CONTINUE
R052,H040,v3.3,5,CONTINUE
R052,H040,v3.3,25,CONTINUE
R052,H040,v3.3,50,CONTINUE
R052,H040,v3.3,100,CONTINUE
R052,H041,v3.3,5,STOP
R052,H042,v3.3,5,CONTINUE
R052,H042,v3.3,25,CONTINUE
R052,H042,v3.3,50,CONTINUE
R052,H042,v3.3,100,CONTINUE
R052,H043,v3.3,5,CONTINUE
R052,H043,v3.3,25,CONTINUE
R052,H043,v3.3,50,CONTINUE
R052,H043,v3.3,100,CONTINUE
R052,H044,v3.3,5,CONTINUE
R052,H044,v3.3,25,CONTINUE
R052,H044,v3.3,50,CONTINUE
R052,H044,v3.3,100,CONTINUE
R052,H045,v3.3,5,CONTINUE
R052,H045,v3.3,25,CONTINUE
R052,H045,v3.3,50,CONTINUE
R052,H045,v3.3,100,CONTINUE
R052,H046,v3.3,5,CONTINUE
R052,H046,v3.3,25,CONTINUE
R052,H046,v3.3,50,CONTINUE
R052,H046,v3.3,100,CONTINUE
R052,H047,v3.3,5,CONTINUE
R052,H047,v3.3,25,CONTINUE
R052,H047,v3.3,50,CONTINUE
R052,H047,v3.3,100,CONTINUE
R052,H048,v3.3,5,CONTINUE
R052,H048,v3.3,25,CONTINUE
R052,H048,v3.3,50,CONTINUE
R052,H048,v3.3,100,CONTINUE
R052,H049,v3.3,5,CONTINUE
R052,H049,v3.3,25,CONTINUE
R052,H049,v3.3,50,CONTINUE
R052,H049,v3.3,100,CONTINUE
R052,H050,v3.3,5,CONTINUE
R052,H050,v3.3,25,CONTINUE
R052,H050,v3.3,50,CONTINUE
R052,H050,v3.3,100,CONTINUE
R053,H001,v3.4,5,CONTINUE
R053,H001,v3.4,25,CONTINUE
R053,H001,v3.4,50,CONTINUE
R053,H001,v3.4,100,CONTINUE
R053,H002,v3.4,5,CONTINUE
R053,H002,v3.4,25,CONTINUE
R053,H002,v3.4,50,CONTINUE
R053,H002,v3.4,100,CONTINUE
R053,H003,v3.4,5,HOLD
R053,H004,v3.4,5,CONTINUE
R053,H004,v3.4,25,CONTINUE
R053,H004,v3.4,50,CONTINUE
R053,H004,v3.4,100,CONTINUE
R053,H005,v3.4,5,CONTINUE
R053,H005,v3.4,25,CONTINUE
R053,H005,v3.4,50,CONTINUE
R053,H005,v3.4,100,CONTINUE
R053,H006,v3.4,5,CONTINUE
R053,H006,v3.4,25,CONTINUE
R053,H006,v3.4,50,CONTINUE
R053,H006,v3.4,100,CONTINUE
R053,H007,v3.4,5,CONTINUE
R053,H007,v3.4,25,CONTINUE
R053,H007,v3.4,50,CONTINUE
R053,H007,v3.4,100,CONTINUE
R053,H008,v3.4,5,CONTINUE
R053,H008,v3.4,25,CONTINUE
R053,H008,v3.4,50,CONTINUE
R053,H008,v3.4,100,CONTINUE
R053,H009,v3.4,5,CONTINUE
R053,H009,v3.4,25,CONTINUE
R053,H009,v3.4,50,CONTINUE
R053,H009,v3.4,100,CONTINUE
R053,H010,v3.4,5,CONTINUE
R053,H010,v3.4,25,CONTINUE
R053,H010,v3.4,50,CONTINUE
R053,H010,v3.4,100,CONTINUE
R053,H011,v3.4,5,CONTINUE
R053,H011,v3.4,25,CONTINUE
R053,H011,v3.4,50,CONTINUE
R053,H011,v3.4,100,CONTINUE
R053,H012,v3.4,5,HOLD
R053,H013,v3.4,5,CONTINUE
R053,H013,v3.4,25,CONTINUE
R053,H013,v3.4,50,CONTINUE
R053,H013,v3.4,100,CONTINUE
R053,H014,v3.4,5,CONTINUE
R053,H014,v3.4,25,CONTINUE
R053,H014,v3.4,50,CONTINUE
R053,H014,v3.4,100,CONTINUE
R053,H015,v3.4,5,CONTINUE
R053,H015,v3.4,25,CONTINUE
R053,H015,v3.4,50,CONTINUE
R053,H015,v3.4,100,CONTINUE
R053,H016,v3.4,5,CONTINUE
R053,H016,v3.4,25,CONTINUE
R053,H016,v3.4,50,CONTINUE
R053,H016,v3.4,100,CONTINUE
R053,H017,v3.4,5,CONTINUE
R053,H017,v3.4,25,CONTINUE
R053,H017,v3.4,50,CONTINUE
R053,H017,v3.4,100,CONTINUE
R053,H018,v3.4,5,CONTINUE
R053,H018,v3.4,25,CONTINUE
R053,H018,v3.4,50,CONTINUE
R053,H018,v3.4,100,CONTINUE
R053,H019,v3.4,5,CONTINUE
R053,H019,v3.4,25,CONTINUE
R053,H019,v3.4,50,CONTINUE
R053,H019,v3.4,100,CONTINUE
R053,H020,v3.4,5,CONTINUE
R053,H020,v3.4,25,CONTINUE
R053,H020,v3.4,50,CONTINUE
R053,H020,v3.4,100,CONTINUE
R053,H021,v3.4,5,CONTINUE
R053,H021,v3.4,25,CONTINUE
R053,H021,v3.4,50,CONTINUE
R053,H021,v3.4,100,CONTINUE
R053,H022,v3.4,5,CONTINUE
R053,H022,v3.4,25,CONTINUE
R053,H022,v3.4,50,CONTINUE
R053,H022,v3.4,100,CONTINUE
R053,H023,v3.4,5,CONTINUE
R053,H023,v3.4,25,CONTINUE
R053,H023,v3.4,50,CONTINUE
R053,H023,v3.4,100,CONTINUE
R053,H024,v3.4,5,CONTINUE
R053,H024,v3.4,25,CONTINUE
R053,H024,v3.4,50,CONTINUE
R053,H024,v3.4,100,CONTINUE
R053,H025,v3.4,5,CONTINUE
R053,H025,v3.4,25,CONTINUE
R053,H025,v3.4,50,CONTINUE
R053,H025,v3.4,100,CONTINUE
R053,H026,v3.4,5,CONTINUE
R053,H026,v3.4,25,CONTINUE
R053,H026,v3.4,50,CONTINUE
R053,H026,v3.4,100,CONTINUE
R053,H027,v3.4,5,CONTINUE
R053,H027,v3.4,25,CONTINUE
R053,H027,v3.4,50,CONTINUE
R053,H027,v3.4,100,CONTINUE
R053,H028,v3.4,5,CONTINUE
R053,H028,v3.4,25,CONTINUE
R053,H028,v3.4,50,CONTINUE
R053,H028,v3.4,100,CONTINUE
R053,H029,v3.4,5,CONTINUE
R053,H029,v3.4,25,CONTINUE
R053,H029,v3.4,50,CONTINUE
R053,H029,v3.4,100,CONTINUE
R053,H030,v3.4,5,CONTINUE
R053,H030,v3.4,25,CONTINUE
R053,H030,v3.4,50,CONTINUE
R053,H030,v3.4,100,CONTINUE
R053,H031,v3.4,5,HOLD
R053,H032,v3.4,5,CONTINUE
R053,H032,v3.4,25,CONTINUE
R053,H032,v3.4,50,CONTINUE
R053,H032,v3.4,100,CONTINUE
R053,H033,v3.4,5,CONTINUE
R053,H033,v3.4,25,CONTINUE
R053,H033,v3.4,50,CONTINUE
R053,H033,v3.4,100,CONTINUE
R053,H034,v3.4,5,CONTINUE
R053,H034,v3.4,25,CONTINUE
R053,H034,v3.4,50,CONTINUE
R053,H034,v3.4,100,CONTINUE
R053,H035,v3.4,5,CONTINUE
R053,H035,v3.4,25,CONTINUE
R053,H035,v3.4,50,CONTINUE
R053,H035,v3.4,100,CONTINUE
R053,H036,v3.4,5,CONTINUE
R053,H036,v3.4,25,CONTINUE
R053,H036,v3.4,50,CONTINUE
R053,H036,v3.4,100,CONTINUE
R053,H037,v3.4,5,CONTINUE
R053,H037,v3.4,25,CONTINUE
R053,H037,v3.4,50,CONTINUE
R053,H037,v3.4,100,CONTINUE
R053,H038,v3.4,5,CONTINUE
R053,H038,v3.4,25,CONTINUE
R053,H038,v3.4,50,CONTINUE
R053,H038,v3.4,100,CONTINUE
R053,H039,v3.4,5,CONTINUE
R053,H039,v3.4,25,CONTINUE
R053,H039,v3.4,50,CONTINUE
R053,H039,v3.4,100,CONTINUE
R053,H040,v3.4,5,CONTINUE
R053,H040,v3.4,25,CONTINUE
R053,H040,v3.4,50,CONTINUE
R053,H040,v3.4,100,CONTINUE
R053,H041,v3.4,5,CONTINUE
R053,H041,v3.4,25,CONTINUE
R053,H041,v3.4,50,CONTINUE
R053,H041,v3.4,100,CONTINUE
R053,H042,v3.4,5,CONTINUE
R053,H042,v3.4,25,CONTINUE
R053,H042,v3.4,50,CONTINUE
R053,H042,v3.4,100,CONTINUE
R053,H043,v3.4,5,CONTINUE
R053,H043,v3.4,25,CONTINUE
R053,H043,v3.4,50,CONTINUE
R053,H043,v3.4,100,CONTINUE
R053,H044,v3.4,5,CONTINUE
R053,H044,v3.4,25,CONTINUE
R053,H044,v3.4,50,CONTINUE
R053,H044,v3.4,100,CONTINUE
R053,H045,v3.4,5,CONTINUE
R053,H045,v3.4,25,CONTINUE
R053,H045,v3.4,50,CONTINUE
R053,H045,v3.4,100,CONTINUE
R053,H046,v3.4,5,CONTINUE
R053,H046,v3.4,25,CONTINUE
R053,H046,v3.4,50,CONTINUE
R053,H046,v3.4,100,CONTINUE
R053,H047,v3.4,5,CONTINUE
R053,H047,v3.4,25,CONTINUE
R053,H047,v3.4,50,CONTINUE
R053,H047,v3.4,100,CONTINUE
R053,H048,v3.4,5,STOP
R053,H049,v3.4,5,CONTINUE
R053,H049,v3.4,25,CONTINUE
R053,H049,v3.4,50,CONTINUE
R053,H049,v3.4,100,CONTINUE
R053,H050,v3.4,5,CONTINUE
R053,H050,v3.4,25,CONTINUE
R053,H050,v3.4,50,CONTINUE
R053,H050,v3.4,100,CONTINUE
R054,H001,v3.5,5,STOP
R054,H002,v3.5,5,STOP
R054,H003,v3.5,5,STOP
R054,H004,v3.5,5,STOP
R054,H005,v3.5,5,STOP
R054,H006,v3.5,5,STOP
R054,H007,v3.5,5,STOP
R054,H008,v3.5,5,STOP
R054,H009,v3.5,5,STOP
R054,H010,v3.5,5,STOP
R054,H011,v3.5,5,STOP
R054,H012,v3.5,5,HOLD
R054,H013,v3.5,5,STOP
R054,H014,v3.5,5,HOLD
R054,H015,v3.5,5,STOP
R054,H016,v3.5,5,STOP
R054,H017,v3.5,5,STOP
R054,H018,v3.5,5,STOP
R054,H019,v3.5,5,STOP
R054,H020,v3.5,5,STOP
R054,H021,v3.5,5,STOP
R054,H022,v3.5,5,STOP
R054,H023,v3.5,5,STOP
R054,H024,v3.5,5,STOP
R054,H025,v3.5,5,STOP
R054,H026,v3.5,5,STOP
R054,H027,v3.5,5,STOP
R054,H028,v3.5,5,STOP
R054,H029,v3.5,5,STOP
R054,H030,v3.5,5,STOP
R054,H031,v3.5,5,STOP
R054,H032,v3.5,5,STOP
R054,H033,v3.5,5,STOP
R054,H034,v3.5,5,STOP
R054,H035,v3.5,5,STOP
R054,H036,v3.5,5,STOP
R054,H037,v3.5,5,STOP
R054,H038,v3.5,5,STOP
R054,H039,v3.5,5,STOP
R054,H040,v3.5,5,STOP
R054,H041,v3.5,5,STOP
R054,H042,v3.5,5,STOP
R054,H043,v3.5,5,STOP
R054,H044,v3.5,5,HOLD
R054,H045,v3.5,5,STOP
R054,H046,v3.5,5,STOP
R054,H047,v3.5,5,STOP
R054,H048,v3.5,5,STOP
R054,H049,v3.5,5,STOP
R054,H050,v3.5,5,STOP
R055,H001,v3.6,5,CONTINUE
R055,H001,v3.6,25,CONTINUE
R055,H001,v3.6,50,CONTINUE
R055,H001,v3.6,100,CONTINUE
R055,H002,v3.6,5,CONTINUE
R055,H002,v3.6,25,CONTINUE
R055,H002,v3.6,50,CONTINUE
R055,H002,v3.6,100,CONTINUE
R055,H003,v3.6,5,CONTINUE
R055,H003,v3.6,25,CONTINUE
R055,H003,v3.6,50,CONTINUE
R055,H003,v3.6,100,CONTINUE
R055,H004,v3.6,5,CONTINUE
R055,H004,v3.6,25,CONTINUE
R055,H004,v3.6,50,CONTINUE
R055,H004,v3.6,100,CONTINUE
R055,H005,v3.6,5,CONTINUE
R055,H005,v3.6,25,CONTINUE
R055,H005,v3.6,50,CONTINUE
R055,H005,v3.6,100,CONTINUE
R055,H006,v3.6,5,CONTINUE
R055,H006,v3.6,25,CONTINUE
R055,H006,v3.6,50,CONTINUE
R055,H006,v3.6,100,CONTINUE
R055,H007,v3.6,5,CONTINUE
R055,H007,v3.6,25,CONTINUE
R055,H007,v3.6,50,CONTINUE
R055,H007,v3.6,100,CONTINUE
R055,H008,v3.6,5,CONTINUE
R055,H008,v3.6,25,CONTINUE
R055,H008,v3.6,50,CONTINUE
R055,H008,v3.6,100,CONTINUE
R055,H009,v3.6,5,CONTINUE
R055,H009,v3.6,25,CONTINUE
R055,H009,v3.6,50,CONTINUE
R055,H009,v3.6,100,CONTINUE
R055,H010,v3.6,5,CONTINUE
R055,H010,v3.6,25,CONTINUE
R055,H010,v3.6,50,CONTINUE
R055,H010,v3.6,100,CONTINUE
R055,H011,v3.6,5,CONTINUE
R055,H011,v3.6,25,CONTINUE
R055,H011,v3.6,50,CONTINUE
R055,H011,v3.6,100,CONTINUE
R055,H012,v3.6,5,CONTINUE
R055,H012,v3.6,25,CONTINUE
R055,H012,v3.6,50,CONTINUE
R055,H012,v3.6,100,CONTINUE
R055,H013,v3.6,5,CONTINUE
R055,H013,v3.6,25,CONTINUE
R055,H013,v3.6,50,CONTINUE
R055,H013,v3.6,100,CONTINUE
R055,H014,v3.6,5,CONTINUE
R055,H014,v3.6,25,CONTINUE
R055,H014,v3.6,50,CONTINUE
R055,H014,v3.6,100,CONTINUE
R055,H015,v3.6,5,CONTINUE
R055,H015,v3.6,25,CONTINUE
R055,H015,v3.6,50,CONTINUE
R055,H015,v3.6,100,CONTINUE
R055,H016,v3.6,5,CONTINUE
R055,H016,v3.6,25,CONTINUE
R055,H016,v3.6,50,CONTINUE
R055,H016,v3.6,100,CONTINUE
R055,H017,v3.6,5,CONTINUE
R055,H017,v3.6,25,CONTINUE
R055,H017,v3.6,50,CONTINUE
R055,H017,v3.6,100,CONTINUE
R055,H018,v3.6,5,CONTINUE
R055,H018,v3.6,25,CONTINUE
R055,H018,v3.6,50,CONTINUE
R055,H018,v3.6,100,CONTINUE
R055,H019,v3.6,5,CONTINUE
R055,H019,v3.6,25,CONTINUE
R055,H019,v3.6,50,CONTINUE
R055,H019,v3.6,100,CONTINUE
R055,H020,v3.6,5,CONTINUE
R055,H020,v3.6,25,CONTINUE
R055,H020,v3.6,50,CONTINUE
R055,H020,v3.6,100,CONTINUE
R055,H021,v3.6,5,CONTINUE
R055,H021,v3.6,25,CONTINUE
R055,H021,v3.6,50,CONTINUE
R055,H021,v3.6,100,CONTINUE
R055,H022,v3.6,5,CONTINUE
R055,H022,v3.6,25,CONTINUE
R055,H022,v3.6,50,CONTINUE
R055,H022,v3.6,100,CONTINUE
R055,H023,v3.6,5,CONTINUE
R055,H023,v3.6,25,CONTINUE
R055,H023,v3.6,50,CONTINUE
R055,H023,v3.6,100,CONTINUE
R055,H024,v3.6,5,CONTINUE
R055,H024,v3.6,25,CONTINUE
R055,H024,v3.6,50,CONTINUE
R055,H024,v3.6,100,CONTINUE
R055,H025,v3.6,5,CONTINUE
R055,H025,v3.6,25,CONTINUE
R055,H025,v3.6,50,CONTINUE
R055,H025,v3.6,100,CONTINUE
R055,H026,v3.6,5,CONTINUE
R055,H026,v3.6,25,CONTINUE
R055,H026,v3.6,50,CONTINUE
R055,H026,v3.6,100,CONTINUE
R055,H027,v3.6,5,CONTINUE
R055,H027,v3.6,25,CONTINUE
R055,H027,v3.6,50,CONTINUE
R055,H027,v3.6,100,CONTINUE
R055,H028,v3.6,5,CONTINUE
R055,H028,v3.6,25,CONTINUE
R055,H028,v3.6,50,CONTINUE
R055,H028,v3.6,100,CONTINUE
R055,H029,v3.6,5,CONTINUE
R055,H029,v3.6,25,CONTINUE
R055,H029,v3.6,50,CONTINUE
R055,H029,v3.6,100,CONTINUE
R055,H030,v3.6,5,CONTINUE
R055,H030,v3.6,25,CONTINUE
R055,H030,v3.6,50,CONTINUE
R055,H030,v3.6,100,CONTINUE
R055,H031,v3.6,5,CONTINUE
R055,H031,v3.6,25,CONTINUE
R055,H031,v3.6,50,CONTINUE
R055,H031,v3.6,100,CONTINUE
R055,H032,v3.6,5,CONTINUE
R055,H032,v3.6,25,CONTINUE
R055,H032,v3.6,50,CONTINUE
R055,H032,v3.6,100,CONTINUE
R055,H033,v3.6,5,HOLD
R055,H034,v3.6,5,STOP
R055,H035,v3.6,5,CONTINUE
R055,H035,v3.6,25,CONTINUE
R055,H035,v3.6,50,CONTINUE
R055,H035,v3.6,100,CONTINUE
R055,H036,v3.6,5,CONTINUE
R055,H036,v3.6,25,CONTINUE
R055,H036,v3.6,50,CONTINUE
R055,H036,v3.6,100,CONTINUE
R055,H037,v3.6,5,CONTINUE
R055,H037,v3.6,25,CONTINUE
R055,H037,v3.6,50,CONTINUE
R055,H037,v3.6,100,CONTINUE
R055,H038,v3.6,5,CONTINUE
R055,H038,v3.6,25,CONTINUE
R055,H038,v3.6,50,CONTINUE
R055,H038,v3.6,100,CONTINUE
R055,H039,v3.6,5,CONTINUE
R055,H039,v3.6,25,CONTINUE
R055,H039,v3.6,50,CONTINUE
R055,H039,v3.6,100,CONTINUE
R055,H040,v3.6,5,CONTINUE
R055,H040,v3.6,25,CONTINUE
R055,H040,v3.6,50,CONTINUE
R055,H040,v3.6,100,CONTINUE
R055,H041,v3.6,5,CONTINUE
R055,H041,v3.6,25,CONTINUE
R055,H041,v3.6,50,CONTINUE
R055,H041,v3.6,100,CONTINUE
R055,H042,v3.6,5,CONTINUE
R055,H042,v3.6,25,CONTINUE
R055,H042,v3.6,50,CONTINUE
R055,H042,v3.6,100,CONTINUE
R055,H043,v3.6,5,CONTINUE
R055,H043,v3.6,25,CONTINUE
R055,H043,v3.6,50,CONTINUE
R055,H043,v3.6,100,CONTINUE
R055,H044,v3.6,5,CONTINUE
R055,H044,v3.6,25,CONTINUE
R055,H044,v3.6,50,CONTINUE
R055,H044,v3.6,100,CONTINUE
R055,H045,v3.6,5,CONTINUE
R055,H045,v3.6,25,CONTINUE
R055,H045,v3.6,50,CONTINUE
R055,H045,v3.6,100,CONTINUE
R055,H046,v3.6,5,CONTINUE
R055,H046,v3.6,25,CONTINUE
R055,H046,v3.6,50,CONTINUE
R055,H046,v3.6,100,CONTINUE
R055,H047,v3.6,5,CONTINUE
R055,H047,v3.6,25,CONTINUE
R055,H047,v3.6,50,CONTINUE
R055,H047,v3.6,100,CONTINUE
R055,H048,v3.6,5,CONTINUE
R055,H048,v3.6,25,CONTINUE
R055,H048,v3.6,50,CONTINUE
R055,H048,v3.6,100,CONTINUE
R055,H049,v3.6,5,CONTINUE
R055,H049,v3.6,25,CONTINUE
R055,H049,v3.6,50,CONTINUE
R055,H049,v3.6,100,CONTINUE
R055,H050,v3.6,5,CONTINUE
R055,H050,v3.6,25,CONTINUE
R055,H050,v3.6,50,CONTINUE
R055,H050,v3.6,100,CONTINUE
R056,H001,v3.7,5,STOP
R056,H002,v3.7,5,STOP
R056,H003,v3.7,5,STOP
R056,H004,v3.7,5,STOP
R056,H005,v3.7,5,STOP
R056,H006,v3.7,5,STOP
R056,H007,v3.7,5,STOP
R056,H008,v3.7,5,STOP
R056,H009,v3.7,5,STOP
R056,H010,v3.7,5,STOP
R056,H011,v3.7,5,STOP
R056,H012,v3.7,5,STOP
R056,H013,v3.7,5,STOP
R056,H014,v3.7,5,STOP
R056,H015,v3.7,5,STOP
R056,H016,v3.7,5,STOP
R056,H017,v3.7,5,STOP
R056,H018,v3.7,5,STOP
R056,H019,v3.7,5,STOP
R056,H020,v3.7,5,STOP
R056,H021,v3.7,5,STOP
R056,H022,v3.7,5,STOP
R056,H023,v3.7,5,STOP
R056,H024,v3.7,5,STOP
R056,H025,v3.7,5,STOP
R056,H026,v3.7,5,STOP
R056,H027,v3.7,5,STOP
R056,H028,v3.7,5,STOP
R056,H029,v3.7,5,STOP
R056,H030,v3.7,5,STOP
R056,H031,v3.7,5,HOLD
R056,H032,v3.7,5,STOP
R056,H033,v3.7,5,STOP
R056,H034,v3.7,5,STOP
R056,H035,v3.7,5,STOP
R056,H036,v3.7,5,STOP
R056,H037,v3.7,5,HOLD
R056,H038,v3.7,5,STOP
R056,H039,v3.7,5,STOP
R056,H040,v3.7,5,STOP
R056,H041,v3.7,5,STOP
R056,H042,v3.7,5,STOP
R056,H043,v3.7,5,STOP
R056,H044,v3.7,5,STOP
R056,H045,v3.7,5,HOLD
R056,H046,v3.7,5,STOP
R056,H047,v3.7,5,STOP
R056,H048,v3.7,5,STOP
R056,H049,v3.7,5,STOP
R056,H050,v3.7,5,STOP
R057,H001,v3.8,5,STOP
R057,H002,v3.8,5,STOP
R057,H003,v3.8,5,STOP
R057,H004,v3.8,5,STOP
R057,H005,v3.8,5,STOP
R057,H006,v3.8,5,STOP
R057,H007,v3.8,5,STOP
R057,H008,v3.8,5,STOP
R057,H009,v3.8,5,STOP
R057,H010,v3.8,5,STOP
R057,H011,v3.8,5,STOP
R057,H012,v3.8,5,STOP
R057,H013,v3.8,5,STOP
R057,H014,v3.8,5,STOP
R057,H015,v3.8,5,STOP
R057,H016,v3.8,5,STOP
R057,H017,v3.8,5,STOP
R057,H018,v3.8,5,STOP
R057,H019,v3.8,5,STOP
R057,H020,v3.8,5,STOP
R057,H021,v3.8,5,STOP
R057,H022,v3.8,5,STOP
R057,H023,v3.8,5,HOLD
R057,H024,v3.8,5,STOP
R057,H025,v3.8,5,STOP
R057,H026,v3.8,5,STOP
R057,H027,v3.8,5,STOP
R057,H028,v3.8,5,STOP
R057,H029,v3.8,5,STOP
R057,H030,v3.8,5,HOLD
R057,H031,v3.8,5,STOP
R057,H032,v3.8,5,STOP
R057,H033,v3.8,5,STOP
R057,H034,v3.8,5,STOP
R057,H035,v3.8,5,STOP
R057,H036,v3.8,5,STOP
R057,H037,v3.8,5,STOP
R057,H038,v3.8,5,STOP
R057,H039,v3.8,5,STOP
R057,H040,v3.8,5,STOP
R057,H041,v3.8,5,HOLD
R057,H042,v3.8,5,STOP
R057,H043,v3.8,5,STOP
R057,H044,v3.8,5,HOLD
R057,H045,v3.8,5,STOP
R057,H046,v3.8,5,STOP
R057,H047,v3.8,5,HOLD
R057,H048,v3.8,5,STOP
R057,H049,v3.8,5,STOP
R057,H050,v3.8,5,HOLD
R058,H001,v3.9,5,CONTINUE
R058,H001,v3.9,25,CONTINUE
R058,H001,v3.9,50,CONTINUE
R058,H001,v3.9,100,CONTINUE
R058,H002,v3.9,5,CONTINUE
R058,H002,v3.9,25,CONTINUE
R058,H002,v3.9,50,CONTINUE
R058,H002,v3.9,100,CONTINUE
R058,H003,v3.9,5,STOP
R058,H004,v3.9,5,CONTINUE
R058,H004,v3.9,25,CONTINUE
R058,H004,v3.9,50,CONTINUE
R058,H004,v3.9,100,CONTINUE
R058,H005,v3.9,5,CONTINUE
R058,H005,v3.9,25,CONTINUE
R058,H005,v3.9,50,CONTINUE
R058,H005,v3.9,100,CONTINUE
R058,H006,v3.9,5,CONTINUE
R058,H006,v3.9,25,CONTINUE
R058,H006,v3.9,50,CONTINUE
R058,H006,v3.9,100,CONTINUE
R058,H007,v3.9,5,CONTINUE
R058,H007,v3.9,25,CONTINUE
R058,H007,v3.9,50,CONTINUE
R058,H007,v3.9,100,CONTINUE
R058,H008,v3.9,5,CONTINUE
R058,H008,v3.9,25,CONTINUE
R058,H008,v3.9,50,CONTINUE
R058,H008,v3.9,100,CONTINUE
R058,H009,v3.9,5,CONTINUE
R058,H009,v3.9,25,CONTINUE
R058,H009,v3.9,50,CONTINUE
R058,H009,v3.9,100,CONTINUE
R058,H010,v3.9,5,CONTINUE
R058,H010,v3.9,25,CONTINUE
R058,H010,v3.9,50,CONTINUE
R058,H010,v3.9,100,CONTINUE
R058,H011,v3.9,5,CONTINUE
R058,H011,v3.9,25,CONTINUE
R058,H011,v3.9,50,CONTINUE
R058,H011,v3.9,100,CONTINUE
R058,H012,v3.9,5,CONTINUE
R058,H012,v3.9,25,CONTINUE
R058,H012,v3.9,50,CONTINUE
R058,H012,v3.9,100,CONTINUE
R058,H013,v3.9,5,CONTINUE
R058,H013,v3.9,25,CONTINUE
R058,H013,v3.9,50,CONTINUE
R058,H013,v3.9,100,CONTINUE
R058,H014,v3.9,5,CONTINUE
R058,H014,v3.9,25,CONTINUE
R058,H014,v3.9,50,CONTINUE
R058,H014,v3.9,100,CONTINUE
R058,H015,v3.9,5,CONTINUE
R058,H015,v3.9,25,CONTINUE
R058,H015,v3.9,50,CONTINUE
R058,H015,v3.9,100,CONTINUE
R058,H016,v3.9,5,CONTINUE
R058,H016,v3.9,25,CONTINUE
R058,H016,v3.9,50,CONTINUE
R058,H016,v3.9,100,CONTINUE
R058,H017,v3.9,5,CONTINUE
R058,H017,v3.9,25,CONTINUE
R058,H017,v3.9,50,CONTINUE
R058,H017,v3.9,100,CONTINUE
R058,H018,v3.9,5,CONTINUE
R058,H018,v3.9,25,CONTINUE
R058,H018,v3.9,50,CONTINUE
R058,H018,v3.9,100,CONTINUE
R058,H019,v3.9,5,CONTINUE
R058,H019,v3.9,25,CONTINUE
R058,H019,v3.9,50,CONTINUE
R058,H019,v3.9,100,CONTINUE
R058,H020,v3.9,5,CONTINUE
R058,H020,v3.9,25,CONTINUE
R058,H020,v3.9,50,CONTINUE
R058,H020,v3.9,100,CONTINUE
R058,H021,v3.9,5,CONTINUE
R058,H021,v3.9,25,CONTINUE
R058,H021,v3.9,50,CONTINUE
R058,H021,v3.9,100,CONTINUE
R058,H022,v3.9,5,CONTINUE
R058,H022,v3.9,25,CONTINUE
R058,H022,v3.9,50,CONTINUE
R058,H022,v3.9,100,CONTINUE
R058,H023,v3.9,5,CONTINUE
R058,H023,v3.9,25,CONTINUE
R058,H023,v3.9,50,CONTINUE
R058,H023,v3.9,100,CONTINUE
R058,H024,v3.9,5,CONTINUE
R058,H024,v3.9,25,CONTINUE
R058,H024,v3.9,50,CONTINUE
R058,H024,v3.9,100,CONTINUE
R058,H025,v3.9,5,CONTINUE
R058,H025,v3.9,25,CONTINUE
R058,H025,v3.9,50,CONTINUE
R058,H025,v3.9,100,CONTINUE
R058,H026,v3.9,5,CONTINUE
R058,H026,v3.9,25,CONTINUE
R058,H026,v3.9,50,CONTINUE
R058,H026,v3.9,100,CONTINUE
R058,H027,v3.9,5,CONTINUE
R058,H027,v3.9,25,CONTINUE
R058,H027,v3.9,50,CONTINUE
R058,H027,v3.9,100,CONTINUE
R058,H028,v3.9,5,CONTINUE
R058,H028,v3.9,25,CONTINUE
R058,H028,v3.9,50,CONTINUE
R058,H028,v3.9,100,CONTINUE
R058,H029,v3.9,5,CONTINUE
R058,H029,v3.9,25,CONTINUE
R058,H029,v3.9,50,CONTINUE
R058,H029,v3.9,100,CONTINUE
R058,H030,v3.9,5,CONTINUE
R058,H030,v3.9,25,CONTINUE
R058,H030,v3.9,50,CONTINUE
R058,H030,v3.9,100,CONTINUE
R058,H031,v3.9,5,CONTINUE
R058,H031,v3.9,25,CONTINUE
R058,H031,v3.9,50,CONTINUE
R058,H031,v3.9,100,CONTINUE
R058,H032,v3.9,5,CONTINUE
R058,H032,v3.9,25,CONTINUE
R058,H032,v3.9,50,CONTINUE
R058,H032,v3.9,100,CONTINUE
R058,H033,v3.9,5,CONTINUE
R058,H033,v3.9,25,CONTINUE
R058,H033,v3.9,50,CONTINUE
R058,H033,v3.9,100,CONTINUE
R058,H034,v3.9,5,CONTINUE
R058,H034,v3.9,25,CONTINUE
R058,H034,v3.9,50,CONTINUE
R058,H034,v3.9,100,CONTINUE
R058,H035,v3.9,5,HOLD
R058,H036,v3.9,5,CONTINUE
R058,H036,v3.9,25,CONTINUE
R058,H036,v3.9,50,CONTINUE
R058,H036,v3.9,100,CONTINUE
R058,H037,v3.9,5,CONTINUE
R058,H037,v3.9,25,CONTINUE
R058,H037,v3.9,50,CONTINUE
R058,H037,v3.9,100,CONTINUE
R058,H038,v3.9,5,CONTINUE
R058,H038,v3.9,25,CONTINUE
R058,H038,v3.9,50,CONTINUE
R058,H038,v3.9,100,CONTINUE
R058,H039,v3.9,5,CONTINUE
R058,H039,v3.9,25,CONTINUE
R058,H039,v3.9,50,CONTINUE
R058,H039,v3.9,100,CONTINUE
R058,H040,v3.9,5,CONTINUE
R058,H040,v3.9,25,CONTINUE
R058,H040,v3.9,50,CONTINUE
R058,H040,v3.9,100,CONTINUE
R058,H041,v3.9,5,CONTINUE
R058,H041,v3.9,25,CONTINUE
R058,H041,v3.9,50,CONTINUE
R058,H041,v3.9,100,CONTINUE
R058,H042,v3.9,5,CONTINUE
R058,H042,v3.9,25,CONTINUE
R058,H042,v3.9,50,CONTINUE
R058,H042,v3.9,100,CONTINUE
R058,H043,v3.9,5,HOLD
R058,H044,v3.9,5,CONTINUE
R058,H044,v3.9,25,CONTINUE
R058,H044,v3.9,50,CONTINUE
R058,H044,v3.9,100,CONTINUE
R058,H045,v3.9,5,CONTINUE
R058,H045,v3.9,25,CONTINUE
R058,H045,v3.9,50,CONTINUE
R058,H045,v3.9,100,CONTINUE
R058,H046,v3.9,5,CONTINUE
R058,H046,v3.9,25,CONTINUE
R058,H046,v3.9,50,CONTINUE
R058,H046,v3.9,100,CONTINUE
R058,H047,v3.9,5,CONTINUE
R058,H047,v3.9,25,CONTINUE
R058,H047,v3.9,50,CONTINUE
R058,H047,v3.9,100,CONTINUE
R058,H048,v3.9,5,CONTINUE
R058,H048,v3.9,25,CONTINUE
R058,H048,v3.9,50,CONTINUE
R058,H048,v3.9,100,CONTINUE
R058,H049,v3.9,5,CONTINUE
R058,H049,v3.9,25,CONTINUE
R058,H049,v3.9,50,CONTINUE
R058,H049,v3.9,100,CONTINUE
R058,H050,v3.9,5,CONTINUE
R058,H050,v3.9,25,CONTINUE
R058,H050,v3.9,50,CONTINUE
R058,H050,v3.9,100,CONTINUE
R059,H001,v3.10,5,CONTINUE
R059,H001,v3.10,25,CONTINUE
R059,H001,v3.10,50,CONTINUE
R059,H001,v3.10,100,CONTINUE
R059,H002,v3.10,5,CONTINUE
R059,H002,v3.10,25,CONTINUE
R059,H002,v3.10,50,CONTINUE
R059,H002,v3.10,100,CONTINUE
R059,H003,v3.10,5,CONTINUE
R059,H003,v3.10,25,CONTINUE
R059,H003,v3.10,50,CONTINUE
R059,H003,v3.10,100,CONTINUE
R059,H004,v3.10,5,CONTINUE
R059,H004,v3.10,25,CONTINUE
R059,H004,v3.10,50,CONTINUE
R059,H004,v3.10,100,CONTINUE
R059,H005,v3.10,5,CONTINUE
R059,H005,v3.10,25,CONTINUE
R059,H005,v3.10,50,CONTINUE
R059,H005,v3.10,100,CONTINUE
R059,H006,v3.10,5,CONTINUE
R059,H006,v3.10,25,CONTINUE
R059,H006,v3.10,50,CONTINUE
R059,H006,v3.10,100,CONTINUE
R059,H007,v3.10,5,CONTINUE
R059,H007,v3.10,25,CONTINUE
R059,H007,v3.10,50,CONTINUE
R059,H007,v3.10,100,CONTINUE
R059,H008,v3.10,5,CONTINUE
R059,H008,v3.10,25,CONTINUE
R059,H008,v3.10,50,CONTINUE
R059,H008,v3.10,100,CONTINUE
R059,H009,v3.10,5,CONTINUE
R059,H009,v3.10,25,CONTINUE
R059,H009,v3.10,50,CONTINUE
R059,H009,v3.10,100,CONTINUE
R059,H010,v3.10,5,CONTINUE
R059,H010,v3.10,25,CONTINUE
R059,H010,v3.10,50,CONTINUE
R059,H010,v3.10,100,CONTINUE
R059,H011,v3.10,5,CONTINUE
R059,H011,v3.10,25,CONTINUE
R059,H011,v3.10,50,CONTINUE
R059,H011,v3.10,100,CONTINUE
R059,H012,v3.10,5,CONTINUE
R059,H012,v3.10,25,CONTINUE
R059,H012,v3.10,50,CONTINUE
R059,H012,v3.10,100,CONTINUE
R059,H013,v3.10,5,HOLD
R059,H014,v3.10,5,CONTINUE
R059,H014,v3.10,25,CONTINUE
R059,H014,v3.10,50,CONTINUE
R059,H014,v3.10,100,CONTINUE
R059,H015,v3.10,5,CONTINUE
R059,H015,v3.10,25,CONTINUE
R059,H015,v3.10,50,CONTINUE
R059,H015,v3.10,100,CONTINUE
R059,H016,v3.10,5,CONTINUE
R059,H016,v3.10,25,CONTINUE
R059,H016,v3.10,50,CONTINUE
R059,H016,v3.10,100,CONTINUE
R059,H017,v3.10,5,CONTINUE
R059,H017,v3.10,25,CONTINUE
R059,H017,v3.10,50,CONTINUE
R059,H017,v3.10,100,CONTINUE
R059,H018,v3.10,5,CONTINUE
R059,H018,v3.10,25,CONTINUE
R059,H018,v3.10,50,CONTINUE
R059,H018,v3.10,100,CONTINUE
R059,H019,v3.10,5,CONTINUE
R059,H019,v3.10,25,CONTINUE
R059,H019,v3.10,50,CONTINUE
R059,H019,v3.10,100,CONTINUE
R059,H020,v3.10,5,CONTINUE
R059,H020,v3.10,25,CONTINUE
R059,H020,v3.10,50,CONTINUE
R059,H020,v3.10,100,CONTINUE
R059,H021,v3.10,5,CONTINUE
R059,H021,v3.10,25,CONTINUE
R059,H021,v3.10,50,CONTINUE
R059,H021,v3.10,100,CONTINUE
R059,H022,v3.10,5,CONTINUE
R059,H022,v3.10,25,CONTINUE
R059,H022,v3.10,50,CONTINUE
R059,H022,v3.10,100,CONTINUE
R059,H023,v3.10,5,CONTINUE
R059,H023,v3.10,25,CONTINUE
R059,H023,v3.10,50,CONTINUE
R059,H023,v3.10,100,CONTINUE
R059,H024,v3.10,5,CONTINUE
R059,H024,v3.10,25,CONTINUE
R059,H024,v3.10,50,CONTINUE
R059,H024,v3.10,100,CONTINUE
R059,H025,v3.10,5,CONTINUE
R059,H025,v3.10,25,CONTINUE
R059,H025,v3.10,50,CONTINUE
R059,H025,v3.10,100,CONTINUE
R059,H026,v3.10,5,CONTINUE
R059,H026,v3.10,25,CONTINUE
R059,H026,v3.10,50,CONTINUE
R059,H026,v3.10,100,CONTINUE
R059,H027,v3.10,5,CONTINUE
R059,H027,v3.10,25,CONTINUE
R059,H027,v3.10,50,CONTINUE
R059,H027,v3.10,100,CONTINUE
R059,H028,v3.10,5,CONTINUE
R059,H028,v3.10,25,CONTINUE
R059,H028,v3.10,50,CONTINUE
R059,H028,v3.10,100,CONTINUE
R059,H029,v3.10,5,CONTINUE
R059,H029,v3.10,25,CONTINUE
R059,H029,v3.10,50,CONTINUE
R059,H029,v3.10,100,CONTINUE
R059,H030,v3.10,5,CONTINUE
R059,H030,v3.10,25,CONTINUE
R059,H030,v3.10,50,CONTINUE
R059,H030,v3.10,100,CONTINUE
R059,H031,v3.10,5,CONTINUE
R059,H031,v3.10,25,CONTINUE
R059,H031,v3.10,50,CONTINUE
R059,H031,v3.10,100,CONTINUE
R059,H032,v3.10,5,CONTINUE
R059,H032,v3.10,25,CONTINUE
R059,H032,v3.10,50,CONTINUE
R059,H032,v3.10,100,CONTINUE
R059,H033,v3.10,5,CONTINUE
R059,H033,v3.10,25,CONTINUE
R059,H033,v3.10,50,CONTINUE
R059,H033,v3.10,100,CONTINUE
R059,H034,v3.10,5,CONTINUE
R059,H034,v3.10,25,CONTINUE
R059,H034,v3.10,50,CONTINUE
R059,H034,v3.10,100,CONTINUE
R059,H035,v3.10,5,CONTINUE
R059,H035,v3.10,25,CONTINUE
R059,H035,v3.10,50,CONTINUE
R059,H035,v3.10,100,CONTINUE
R059,H036,v3.10,5,CONTINUE
R059,H036,v3.10,25,CONTINUE
R059,H036,v3.10,50,CONTINUE
R059,H036,v3.10,100,CONTINUE
R059,H037,v3.10,5,CONTINUE
R059,H037,v3.10,25,CONTINUE
R059,H037,v3.10,50,CONTINUE
R059,H037,v3.10,100,CONTINUE
R059,H038,v3.10,5,CONTINUE
R059,H038,v3.10,25,CONTINUE
R059,H038,v3.10,50,CONTINUE
R059,H038,v3.10,100,CONTINUE
R059,H039,v3.10,5,CONTINUE
R059,H039,v3.10,25,CONTINUE
R059,H039,v3.10,50,CONTINUE
R059,H039,v3.10,100,CONTINUE
R059,H040,v3.10,5,CONTINUE
R059,H040,v3.10,25,CONTINUE
R059,H040,v3.10,50,CONTINUE
R059,H040,v3.10,100,CONTINUE
R059,H041,v3.10,5,CONTINUE
R059,H041,v3.10,25,CONTINUE
R059,H041,v3.10,50,CONTINUE
R059,H041,v3.10,100,CONTINUE
R059,H042,v3.10,5,CONTINUE
R059,H042,v3.10,25,CONTINUE
R059,H042,v3.10,50,CONTINUE
R059,H042,v3.10,100,CONTINUE
R059,H043,v3.10,5,CONTINUE
R059,H043,v3.10,25,CONTINUE
R059,H043,v3.10,50,CONTINUE
R059,H043,v3.10,100,CONTINUE
R059,H044,v3.10,5,CONTINUE
R059,H044,v3.10,25,CONTINUE
R059,H044,v3.10,50,CONTINUE
R059,H044,v3.10,100,CONTINUE
R059,H045,v3.10,5,CONTINUE
R059,H045,v3.10,25,CONTINUE
R059,H045,v3.10,50,CONTINUE
R059,H045,v3.10,100,CONTINUE
R059,H046,v3.10,5,CONTINUE
R059,H046,v3.10,25,CONTINUE
R059,H046,v3.10,50,CONTINUE
R059,H046,v3.10,100,CONTINUE
R059,H047,v3.10,5,HOLD
R059,H048,v3.10,5,CONTINUE
R059,H048,v3.10,25,CONTINUE
R059,H048,v3.10,50,CONTINUE
R059,H048,v3.10,100,CONTINUE
R059,H049,v3.10,5,CONTINUE
R059,H049,v3.10,25,CONTINUE
R059,H049,v3.10,50,CONTINUE
R059,H049,v3.10,100,CONTINUE
R059,H050,v3.10,5,CONTINUE
R059,H050,v3.10,25,CONTINUE
R059,H050,v3.10,50,CONTINUE
R059,H050,v3.10,100,CONTINUE
R060,H001,v3.11,5,CONTINUE
R060,H001,v3.11,25,CONTINUE
R060,H001,v3.11,50,CONTINUE
R060,H001,v3.11,100,CONTINUE
R060,H002,v3.11,5,CONTINUE
R060,H002,v3.11,25,CONTINUE
R060,H002,v3.11,50,CONTINUE
R060,H002,v3.11,100,CONTINUE
R060,H003,v3.11,5,CONTINUE
R060,H003,v3.11,25,CONTINUE
R060,H003,v3.11,50,CONTINUE
R060,H003,v3.11,100,CONTINUE
R060,H004,v3.11,5,CONTINUE
R060,H004,v3.11,25,CONTINUE
R060,H004,v3.11,50,CONTINUE
R060,H004,v3.11,100,CONTINUE
R060,H005,v3.11,5,CONTINUE
R060,H005,v3.11,25,CONTINUE
R060,H005,v3.11,50,CONTINUE
R060,H005,v3.11,100,CONTINUE
R060,H006,v3.11,5,CONTINUE
R060,H006,v3.11,25,CONTINUE
R060,H006,v3.11,50,CONTINUE
R060,H006,v3.11,100,CONTINUE
R060,H007,v3.11,5,CONTINUE
R060,H007,v3.11,25,CONTINUE
R060,H007,v3.11,50,CONTINUE
R060,H007,v3.11,100,CONTINUE
R060,H008,v3.11,5,CONTINUE
R060,H008,v3.11,25,CONTINUE
R060,H008,v3.11,50,CONTINUE
R060,H008,v3.11,100,CONTINUE
R060,H009,v3.11,5,CONTINUE
R060,H009,v3.11,25,CONTINUE
R060,H009,v3.11,50,CONTINUE
R060,H009,v3.11,100,CONTINUE
R060,H010,v3.11,5,HOLD
R060,H011,v3.11,5,CONTINUE
R060,H011,v3.11,25,CONTINUE
R060,H011,v3.11,50,CONTINUE
R060,H011,v3.11,100,CONTINUE
R060,H012,v3.11,5,CONTINUE
R060,H012,v3.11,25,CONTINUE
R060,H012,v3.11,50,CONTINUE
R060,H012,v3.11,100,CONTINUE
R060,H013,v3.11,5,CONTINUE
R060,H013,v3.11,25,CONTINUE
R060,H013,v3.11,50,CONTINUE
R060,H013,v3.11,100,CONTINUE
R060,H014,v3.11,5,CONTINUE
R060,H014,v3.11,25,CONTINUE
R060,H014,v3.11,50,CONTINUE
R060,H014,v3.11,100,CONTINUE
R060,H015,v3.11,5,CONTINUE
R060,H015,v3.11,25,CONTINUE
R060,H015,v3.11,50,CONTINUE
R060,H015,v3.11,100,CONTINUE
R060,H016,v3.11,5,CONTINUE
R060,H016,v3.11,25,CONTINUE
R060,H016,v3.11,50,CONTINUE
R060,H016,v3.11,100,CONTINUE
R060,H017,v3.11,5,CONTINUE
R060,H017,v3.11,25,CONTINUE
R060,H017,v3.11,50,CONTINUE
R060,H017,v3.11,100,CONTINUE
R060,H018,v3.11,5,CONTINUE
R060,H018,v3.11,25,CONTINUE
R060,H018,v3.11,50,CONTINUE
R060,H018,v3.11,100,CONTINUE
R060,H019,v3.11,5,CONTINUE
R060,H019,v3.11,25,CONTINUE
R060,H019,v3.11,50,CONTINUE
R060,H019,v3.11,100,CONTINUE
R060,H020,v3.11,5,CONTINUE
R060,H020,v3.11,25,CONTINUE
R060,H020,v3.11,50,CONTINUE
R060,H020,v3.11,100,CONTINUE
R060,H021,v3.11,5,CONTINUE
R060,H021,v3.11,25,CONTINUE
R060,H021,v3.11,50,CONTINUE
R060,H021,v3.11,100,CONTINUE
R060,H022,v3.11,5,CONTINUE
R060,H022,v3.11,25,CONTINUE
R060,H022,v3.11,50,CONTINUE
R060,H022,v3.11,100,CONTINUE
R060,H023,v3.11,5,CONTINUE
R060,H023,v3.11,25,CONTINUE
R060,H023,v3.11,50,CONTINUE
R060,H023,v3.11,100,CONTINUE
R060,H024,v3.11,5,CONTINUE
R060,H024,v3.11,25,CONTINUE
R060,H024,v3.11,50,CONTINUE
R060,H024,v3.11,100,CONTINUE
R060,H025,v3.11,5,CONTINUE
R060,H025,v3.11,25,CONTINUE
R060,H025,v3.11,50,CONTINUE
R060,H025,v3.11,100,CONTINUE
R060,H026,v3.11,5,CONTINUE
R060,H026,v3.11,25,CONTINUE
R060,H026,v3.11,50,CONTINUE
R060,H026,v3.11,100,CONTINUE
R060,H027,v3.11,5,CONTINUE
R060,H027,v3.11,25,CONTINUE
R060,H027,v3.11,50,CONTINUE
R060,H027,v3.11,100,CONTINUE
R060,H028,v3.11,5,CONTINUE
R060,H028,v3.11,25,CONTINUE
R060,H028,v3.11,50,CONTINUE
R060,H028,v3.11,100,CONTINUE
R060,H029,v3.11,5,CONTINUE
R060,H029,v3.11,25,CONTINUE
R060,H029,v3.11,50,CONTINUE
R060,H029,v3.11,100,CONTINUE
R060,H030,v3.11,5,CONTINUE
R060,H030,v3.11,25,CONTINUE
R060,H030,v3.11,50,CONTINUE
R060,H030,v3.11,100,CONTINUE
R060,H031,v3.11,5,CONTINUE
R060,H031,v3.11,25,CONTINUE
R060,H031,v3.11,50,CONTINUE
R060,H031,v3.11,100,CONTINUE
R060,H032,v3.11,5,CONTINUE
R060,H032,v3.11,25,CONTINUE
R060,H032,v3.11,50,CONTINUE
R060,H032,v3.11,100,CONTINUE
R060,H033,v3.11,5,CONTINUE
R060,H033,v3.11,25,CONTINUE
R060,H033,v3.11,50,CONTINUE
R060,H033,v3.11,100,CONTINUE
R060,H034,v3.11,5,CONTINUE
R060,H034,v3.11,25,CONTINUE
R060,H034,v3.11,50,CONTINUE
R060,H034,v3.11,100,CONTINUE
R060,H035,v3.11,5,CONTINUE
R060,H035,v3.11,25,CONTINUE
R060,H035,v3.11,50,CONTINUE
R060,H035,v3.11,100,CONTINUE
R060,H036,v3.11,5,CONTINUE
R060,H036,v3.11,25,CONTINUE
R060,H036,v3.11,50,CONTINUE
R060,H036,v3.11,100,CONTINUE
R060,H037,v3.11,5,CONTINUE
R060,H037,v3.11,25,CONTINUE
R060,H037,v3.11,50,CONTINUE
R060,H037,v3.11,100,CONTINUE
R060,H038,v3.11,5,CONTINUE
R060,H038,v3.11,25,CONTINUE
R060,H038,v3.11,50,CONTINUE
R060,H038,v3.11,100,CONTINUE
R060,H039,v3.11,5,CONTINUE
R060,H039,v3.11,25,CONTINUE
R060,H039,v3.11,50,CONTINUE
R060,H039,v3.11,100,CONTINUE
R060,H040,v3.11,5,CONTINUE
R060,H040,v3.11,25,CONTINUE
R060,H040,v3.11,50,CONTINUE
R060,H040,v3.11,100,CONTINUE
R060,H041,v3.11,5,CONTINUE
R060,H041,v3.11,25,CONTINUE
R060,H041,v3.11,50,CONTINUE
R060,H041,v3.11,100,CONTINUE
R060,H042,v3.11,5,CONTINUE
R060,H042,v3.11,25,CONTINUE
R060,H042,v3.11,50,CONTINUE
R060,H042,v3.11,100,CONTINUE
R060,H043,v3.11,5,CONTINUE
R060,H043,v3.11,25,CONTINUE
R060,H043,v3.11,50,CONTINUE
R060,H043,v3.11,100,CONTINUE
R060,H044,v3.11,5,CONTINUE
R060,H044,v3.11,25,CONTINUE
R060,H044,v3.11,50,CONTINUE
R060,H044,v3.11,100,CONTINUE
R060,H045,v3.11,5,CONTINUE
R060,H045,v3.11,25,CONTINUE
R060,H045,v3.11,50,CONTINUE
R060,H045,v3.11,100,CONTINUE
R060,H046,v3.11,5,CONTINUE
R060,H046,v3.11,25,CONTINUE
R060,H046,v3.11,50,CONTINUE
R060,H046,v3.11,100,CONTINUE
R060,H047,v3.11,5,HOLD
R060,H048,v3.11,5,CONTINUE
R060,H048,v3.11,25,CONTINUE
R060,H048,v3.11,50,CONTINUE
R060,H048,v3.11,100,CONTINUE
R060,H049,v3.11,5,CONTINUE
R060,H049,v3.11,25,CONTINUE
R060,H049,v3.11,50,CONTINUE
R060,H049,v3.11,100,CONTINUE
R060,H050,v3.11,5,CONTINUE
R060,H050,v3.11,25,CONTINUE
R060,H050,v3.11,50,CONTINUE
R060,H050,v3.11,100,CONTINUE
R061,H001,v3.12,5,CONTINUE
R061,H001,v3.12,25,CONTINUE
R061,H001,v3.12,50,CONTINUE
R061,H001,v3.12,100,CONTINUE
R061,H002,v3.12,5,CONTINUE
R061,H002,v3.12,25,CONTINUE
R061,H002,v3.12,50,CONTINUE
R061,H002,v3.12,100,CONTINUE
R061,H003,v3.12,5,CONTINUE
R061,H003,v3.12,25,CONTINUE
R061,H003,v3.12,50,CONTINUE
R061,H003,v3.12,100,CONTINUE
R061,H004,v3.12,5,STOP
R061,H005,v3.12,5,CONTINUE
R061,H005,v3.12,25,CONTINUE
R061,H005,v3.12,50,CONTINUE
R061,H005,v3.12,100,CONTINUE
R061,H006,v3.12,5,CONTINUE
R061,H006,v3.12,25,CONTINUE
R061,H006,v3.12,50,CONTINUE
R061,H006,v3.12,100,CONTINUE
R061,H007,v3.12,5,CONTINUE
R061,H007,v3.12,25,CONTINUE
R061,H007,v3.12,50,CONTINUE
R061,H007,v3.12,100,CONTINUE
R061,H008,v3.12,5,CONTINUE
R061,H008,v3.12,25,CONTINUE
R061,H008,v3.12,50,CONTINUE
R061,H008,v3.12,100,CONTINUE
R061,H009,v3.12,5,CONTINUE
R061,H009,v3.12,25,CONTINUE
R061,H009,v3.12,50,CONTINUE
R061,H009,v3.12,100,CONTINUE
R061,H010,v3.12,5,CONTINUE
R061,H010,v3.12,25,CONTINUE
R061,H010,v3.12,50,CONTINUE
R061,H010,v3.12,100,CONTINUE
R061,H011,v3.12,5,CONTINUE
R061,H011,v3.12,25,CONTINUE
R061,H011,v3.12,50,CONTINUE
R061,H011,v3.12,100,CONTINUE
R061,H012,v3.12,5,CONTINUE
R061,H012,v3.12,25,CONTINUE
R061,H012,v3.12,50,CONTINUE
R061,H012,v3.12,100,CONTINUE
R061,H013,v3.12,5,CONTINUE
R061,H013,v3.12,25,CONTINUE
R061,H013,v3.12,50,CONTINUE
R061,H013,v3.12,100,CONTINUE
R061,H014,v3.12,5,CONTINUE
R061,H014,v3.12,25,CONTINUE
R061,H014,v3.12,50,CONTINUE
R061,H014,v3.12,100,CONTINUE
R061,H015,v3.12,5,CONTINUE
R061,H015,v3.12,25,CONTINUE
R061,H015,v3.12,50,CONTINUE
R061,H015,v3.12,100,CONTINUE
R061,H016,v3.12,5,CONTINUE
R061,H016,v3.12,25,CONTINUE
R061,H016,v3.12,50,CONTINUE
R061,H016,v3.12,100,CONTINUE
R061,H017,v3.12,5,CONTINUE
R061,H017,v3.12,25,CONTINUE
R061,H017,v3.12,50,CONTINUE
R061,H017,v3.12,100,CONTINUE
R061,H018,v3.12,5,CONTINUE
R061,H018,v3.12,25,CONTINUE
R061,H018,v3.12,50,CONTINUE
R061,H018,v3.12,100,CONTINUE
R061,H019,v3.12,5,CONTINUE
R061,H019,v3.12,25,CONTINUE
R061,H019,v3.12,50,CONTINUE
R061,H019,v3.12,100,CONTINUE
R061,H020,v3.12,5,CONTINUE
R061,H020,v3.12,25,CONTINUE
R061,H020,v3.12,50,CONTINUE
R061,H020,v3.12,100,CONTINUE
R061,H021,v3.12,5,CONTINUE
R061,H021,v3.12,25,CONTINUE
R061,H021,v3.12,50,CONTINUE
R061,H021,v3.12,100,CONTINUE
R061,H022,v3.12,5,CONTINUE
R061,H022,v3.12,25,CONTINUE
R061,H022,v3.12,50,CONTINUE
R061,H022,v3.12,100,CONTINUE
R061,H023,v3.12,5,CONTINUE
R061,H023,v3.12,25,CONTINUE
R061,H023,v3.12,50,CONTINUE
R061,H023,v3.12,100,CONTINUE
R061,H024,v3.12,5,CONTINUE
R061,H024,v3.12,25,CONTINUE
R061,H024,v3.12,50,CONTINUE
R061,H024,v3.12,100,CONTINUE
R061,H025,v3.12,5,STOP
R061,H026,v3.12,5,CONTINUE
R061,H026,v3.12,25,CONTINUE
R061,H026,v3.12,50,CONTINUE
R061,H026,v3.12,100,CONTINUE
R061,H027,v3.12,5,CONTINUE
R061,H027,v3.12,25,CONTINUE
R061,H027,v3.12,50,CONTINUE
R061,H027,v3.12,100,CONTINUE
R061,H028,v3.12,5,CONTINUE
R061,H028,v3.12,25,CONTINUE
R061,H028,v3.12,50,CONTINUE
R061,H028,v3.12,100,CONTINUE
R061,H029,v3.12,5,CONTINUE
R061,H029,v3.12,25,CONTINUE
R061,H029,v3.12,50,CONTINUE
R061,H029,v3.12,100,CONTINUE
R061,H030,v3.12,5,CONTINUE
R061,H030,v3.12,25,CONTINUE
R061,H030,v3.12,50,CONTINUE
R061,H030,v3.12,100,CONTINUE
R061,H031,v3.12,5,CONTINUE
R061,H031,v3.12,25,CONTINUE
R061,H031,v3.12,50,CONTINUE
R061,H031,v3.12,100,CONTINUE
R061,H032,v3.12,5,CONTINUE
R061,H032,v3.12,25,CONTINUE
R061,H032,v3.12,50,CONTINUE
R061,H032,v3.12,100,CONTINUE
R061,H033,v3.12,5,CONTINUE
R061,H033,v3.12,25,CONTINUE
R061,H033,v3.12,50,CONTINUE
R061,H033,v3.12,100,CONTINUE
R061,H034,v3.12,5,CONTINUE
R061,H034,v3.12,25,CONTINUE
R061,H034,v3.12,50,CONTINUE
R061,H034,v3.12,100,CONTINUE
R061,H035,v3.12,5,STOP
R061,H036,v3.12,5,CONTINUE
R061,H036,v3.12,25,CONTINUE
R061,H036,v3.12,50,CONTINUE
R061,H036,v3.12,100,CONTINUE
R061,H037,v3.12,5,CONTINUE
R061,H037,v3.12,25,CONTINUE
R061,H037,v3.12,50,CONTINUE
R061,H037,v3.12,100,CONTINUE
R061,H038,v3.12,5,CONTINUE
R061,H038,v3.12,25,CONTINUE
R061,H038,v3.12,50,CONTINUE
R061,H038,v3.12,100,CONTINUE
R061,H039,v3.12,5,CONTINUE
R061,H039,v3.12,25,CONTINUE
R061,H039,v3.12,50,CONTINUE
R061,H039,v3.12,100,CONTINUE
R061,H040,v3.12,5,CONTINUE
R061,H040,v3.12,25,CONTINUE
R061,H040,v3.12,50,CONTINUE
R061,H040,v3.12,100,CONTINUE
R061,H041,v3.12,5,CONTINUE
R061,H041,v3.12,25,CONTINUE
R061,H041,v3.12,50,CONTINUE
R061,H041,v3.12,100,CONTINUE
R061,H042,v3.12,5,CONTINUE
R061,H042,v3.12,25,CONTINUE
R061,H042,v3.12,50,CONTINUE
R061,H042,v3.12,100,CONTINUE
R061,H043,v3.12,5,CONTINUE
R061,H043,v3.12,25,CONTINUE
R061,H043,v3.12,50,CONTINUE
R061,H043,v3.12,100,CONTINUE
R061,H044,v3.12,5,CONTINUE
R061,H044,v3.12,25,CONTINUE
R061,H044,v3.12,50,CONTINUE
R061,H044,v3.12,100,CONTINUE
R061,H045,v3.12,5,CONTINUE
R061,H045,v3.12,25,CONTINUE
R061,H045,v3.12,50,CONTINUE
R061,H045,v3.12,100,CONTINUE
R061,H046,v3.12,5,CONTINUE
R061,H046,v3.12,25,CONTINUE
R061,H046,v3.12,50,CONTINUE
R061,H046,v3.12,100,CONTINUE
R061,H047,v3.12,5,CONTINUE
R061,H047,v3.12,25,CONTINUE
R061,H047,v3.12,50,CONTINUE
R061,H047,v3.12,100,CONTINUE
R061,H048,v3.12,5,CONTINUE
R061,H048,v3.12,25,CONTINUE
R061,H048,v3.12,50,CONTINUE
R061,H048,v3.12,100,CONTINUE
R061,H049,v3.12,5,CONTINUE
R061,H049,v3.12,25,CONTINUE
R061,H049,v3.12,50,CONTINUE
R061,H049,v3.12,100,CONTINUE
R061,H050,v3.12,5,HOLD
R062,H001,v3.13,5,HOLD
R062,H002,v3.13,5,HOLD
R062,H003,v3.13,5,STOP
R062,H004,v3.13,5,STOP
R062,H005,v3.13,5,STOP
R062,H006,v3.13,5,STOP
R062,H007,v3.13,5,STOP
R062,H008,v3.13,5,STOP
R062,H009,v3.13,5,HOLD
R062,H010,v3.13,5,STOP
R062,H011,v3.13,5,STOP
R062,H012,v3.13,5,HOLD
R062,H013,v3.13,5,STOP
R062,H014,v3.13,5,STOP
R062,H015,v3.13,5,HOLD
R062,H016,v3.13,5,STOP
R062,H017,v3.13,5,STOP
R062,H018,v3.13,5,STOP
R062,H019,v3.13,5,STOP
R062,H020,v3.13,5,STOP
R062,H021,v3.13,5,STOP
R062,H022,v3.13,5,STOP
R062,H023,v3.13,5,STOP
R062,H024,v3.13,5,STOP
R062,H025,v3.13,5,HOLD
R062,H026,v3.13,5,STOP
R062,H027,v3.13,5,STOP
R062,H028,v3.13,5,STOP
R062,H029,v3.13,5,STOP
R062,H030,v3.13,5,STOP
R062,H031,v3.13,5,STOP
R062,H032,v3.13,5,HOLD
R062,H033,v3.13,5,STOP
R062,H034,v3.13,5,STOP
R062,H035,v3.13,5,HOLD
R062,H036,v3.13,5,STOP
R062,H037,v3.13,5,HOLD
R062,H038,v3.13,5,STOP
R062,H039,v3.13,5,STOP
R062,H040,v3.13,5,STOP
R062,H041,v3.13,5,STOP
R062,H042,v3.13,5,STOP
R062,H043,v3.13,5,STOP
R062,H044,v3.13,5,STOP
R062,H045,v3.13,5,STOP
R062,H046,v3.13,5,STOP
R062,H047,v3.13,5,STOP
R062,H048,v3.13,5,STOP
R062,H049,v3.13,5,HOLD
R062,H050,v3.13,5,HOLD
R063,H001,v3.14,5,CONTINUE
R063,H001,v3.14,25,CONTINUE
R063,H001,v3.14,50,CONTINUE
R063,H001,v3.14,100,CONTINUE
R063,H002,v3.14,5,CONTINUE
R063,H002,v3.14,25,CONTINUE
R063,H002,v3.14,50,CONTINUE
R063,H002,v3.14,100,CONTINUE
R063,H003,v3.14,5,CONTINUE
R063,H003,v3.14,25,CONTINUE
R063,H003,v3.14,50,CONTINUE
R063,H003,v3.14,100,CONTINUE
R063,H004,v3.14,5,CONTINUE
R063,H004,v3.14,25,CONTINUE
R063,H004,v3.14,50,CONTINUE
R063,H004,v3.14,100,CONTINUE
R063,H005,v3.14,5,CONTINUE
R063,H005,v3.14,25,CONTINUE
R063,H005,v3.14,50,CONTINUE
R063,H005,v3.14,100,CONTINUE
R063,H006,v3.14,5,CONTINUE
R063,H006,v3.14,25,CONTINUE
R063,H006,v3.14,50,CONTINUE
R063,H006,v3.14,100,CONTINUE
R063,H007,v3.14,5,CONTINUE
R063,H007,v3.14,25,CONTINUE
R063,H007,v3.14,50,CONTINUE
R063,H007,v3.14,100,CONTINUE
R063,H008,v3.14,5,CONTINUE
R063,H008,v3.14,25,CONTINUE
R063,H008,v3.14,50,CONTINUE
R063,H008,v3.14,100,CONTINUE
R063,H009,v3.14,5,CONTINUE
R063,H009,v3.14,25,CONTINUE
R063,H009,v3.14,50,CONTINUE
R063,H009,v3.14,100,CONTINUE
R063,H010,v3.14,5,CONTINUE
R063,H010,v3.14,25,CONTINUE
R063,H010,v3.14,50,CONTINUE
R063,H010,v3.14,100,CONTINUE
R063,H011,v3.14,5,HOLD
R063,H012,v3.14,5,CONTINUE
R063,H012,v3.14,25,CONTINUE
R063,H012,v3.14,50,CONTINUE
R063,H012,v3.14,100,CONTINUE
R063,H013,v3.14,5,CONTINUE
R063,H013,v3.14,25,CONTINUE
R063,H013,v3.14,50,CONTINUE
R063,H013,v3.14,100,CONTINUE
R063,H014,v3.14,5,CONTINUE
R063,H014,v3.14,25,CONTINUE
R063,H014,v3.14,50,CONTINUE
R063,H014,v3.14,100,CONTINUE
R063,H015,v3.14,5,CONTINUE
R063,H015,v3.14,25,CONTINUE
R063,H015,v3.14,50,CONTINUE
R063,H015,v3.14,100,CONTINUE
R063,H016,v3.14,5,CONTINUE
R063,H016,v3.14,25,CONTINUE
R063,H016,v3.14,50,CONTINUE
R063,H016,v3.14,100,CONTINUE
R063,H017,v3.14,5,HOLD
R063,H018,v3.14,5,CONTINUE
R063,H018,v3.14,25,CONTINUE
R063,H018,v3.14,50,CONTINUE
R063,H018,v3.14,100,CONTINUE
R063,H019,v3.14,5,CONTINUE
R063,H019,v3.14,25,CONTINUE
R063,H019,v3.14,50,CONTINUE
R063,H019,v3.14,100,CONTINUE
R063,H020,v3.14,5,CONTINUE
R063,H020,v3.14,25,CONTINUE
R063,H020,v3.14,50,CONTINUE
R063,H020,v3.14,100,CONTINUE
R063,H021,v3.14,5,CONTINUE
R063,H021,v3.14,25,CONTINUE
R063,H021,v3.14,50,CONTINUE
R063,H021,v3.14,100,CONTINUE
R063,H022,v3.14,5,CONTINUE
R063,H022,v3.14,25,CONTINUE
R063,H022,v3.14,50,CONTINUE
R063,H022,v3.14,100,CONTINUE
R063,H023,v3.14,5,CONTINUE
R063,H023,v3.14,25,CONTINUE
R063,H023,v3.14,50,CONTINUE
R063,H023,v3.14,100,CONTINUE
R063,H024,v3.14,5,CONTINUE
R063,H024,v3.14,25,CONTINUE
R063,H024,v3.14,50,CONTINUE
R063,H024,v3.14,100,CONTINUE
R063,H025,v3.14,5,CONTINUE
R063,H025,v3.14,25,CONTINUE
R063,H025,v3.14,50,CONTINUE
R063,H025,v3.14,100,CONTINUE
R063,H026,v3.14,5,CONTINUE
R063,H026,v3.14,25,CONTINUE
R063,H026,v3.14,50,CONTINUE
R063,H026,v3.14,100,CONTINUE
R063,H027,v3.14,5,CONTINUE
R063,H027,v3.14,25,CONTINUE
R063,H027,v3.14,50,CONTINUE
R063,H027,v3.14,100,CONTINUE
R063,H028,v3.14,5,CONTINUE
R063,H028,v3.14,25,CONTINUE
R063,H028,v3.14,50,CONTINUE
R063,H028,v3.14,100,CONTINUE
R063,H029,v3.14,5,CONTINUE
R063,H029,v3.14,25,CONTINUE
R063,H029,v3.14,50,CONTINUE
R063,H029,v3.14,100,CONTINUE
R063,H030,v3.14,5,HOLD
R063,H031,v3.14,5,CONTINUE
R063,H031,v3.14,25,CONTINUE
R063,H031,v3.14,50,CONTINUE
R063,H031,v3.14,100,CONTINUE
R063,H032,v3.14,5,CONTINUE
R063,H032,v3.14,25,CONTINUE
R063,H032,v3.14,50,CONTINUE
R063,H032,v3.14,100,CONTINUE
R063,H033,v3.14,5,CONTINUE
R063,H033,v3.14,25,CONTINUE
R063,H033,v3.14,50,CONTINUE
R063,H033,v3.14,100,CONTINUE
R063,H034,v3.14,5,CONTINUE
R063,H034,v3.14,25,CONTINUE
R063,H034,v3.14,50,CONTINUE
R063,H034,v3.14,100,CONTINUE
R063,H035,v3.14,5,CONTINUE
R063,H035,v3.14,25,CONTINUE
R063,H035,v3.14,50,CONTINUE
R063,H035,v3.14,100,CONTINUE
R063,H036,v3.14,5,CONTINUE
R063,H036,v3.14,25,CONTINUE
R063,H036,v3.14,50,CONTINUE
R063,H036,v3.14,100,CONTINUE
R063,H037,v3.14,5,CONTINUE
R063,H037,v3.14,25,CONTINUE
R063,H037,v3.14,50,CONTINUE
R063,H037,v3.14,100,CONTINUE
R063,H038,v3.14,5,CONTINUE
R063,H038,v3.14,25,CONTINUE
R063,H038,v3.14,50,CONTINUE
R063,H038,v3.14,100,CONTINUE
R063,H039,v3.14,5,HOLD
R063,H040,v3.14,5,CONTINUE
R063,H040,v3.14,25,CONTINUE
R063,H040,v3.14,50,CONTINUE
R063,H040,v3.14,100,CONTINUE
R063,H041,v3.14,5,CONTINUE
R063,H041,v3.14,25,CONTINUE
R063,H041,v3.14,50,CONTINUE
R063,H041,v3.14,100,CONTINUE
R063,H042,v3.14,5,CONTINUE
R063,H042,v3.14,25,CONTINUE
R063,H042,v3.14,50,CONTINUE
R063,H042,v3.14,100,CONTINUE
R063,H043,v3.14,5,CONTINUE
R063,H043,v3.14,25,CONTINUE
R063,H043,v3.14,50,CONTINUE
R063,H043,v3.14,100,CONTINUE
R063,H044,v3.14,5,CONTINUE
R063,H044,v3.14,25,CONTINUE
R063,H044,v3.14,50,CONTINUE
R063,H044,v3.14,100,CONTINUE
R063,H045,v3.14,5,CONTINUE
R063,H045,v3.14,25,CONTINUE
R063,H045,v3.14,50,CONTINUE
R063,H045,v3.14,100,CONTINUE
R063,H046,v3.14,5,CONTINUE
R063,H046,v3.14,25,CONTINUE
R063,H046,v3.14,50,CONTINUE
R063,H046,v3.14,100,CONTINUE
R063,H047,v3.14,5,CONTINUE
R063,H047,v3.14,25,CONTINUE
R063,H047,v3.14,50,CONTINUE
R063,H047,v3.14,100,CONTINUE
R063,H048,v3.14,5,CONTINUE
R063,H048,v3.14,25,CONTINUE
R063,H048,v3.14,50,CONTINUE
R063,H048,v3.14,100,CONTINUE
R063,H049,v3.14,5,CONTINUE
R063,H049,v3.14,25,CONTINUE
R063,H049,v3.14,50,CONTINUE
R063,H049,v3.14,100,CONTINUE
R063,H050,v3.14,5,CONTINUE
R063,H050,v3.14,25,CONTINUE
R063,H050,v3.14,50,CONTINUE
R063,H050,v3.14,100,CONTINUE
R064,H001,v3.15,5,CONTINUE
R064,H001,v3.15,25,CONTINUE
R064,H001,v3.15,50,CONTINUE
R064,H001,v3.15,100,CONTINUE
R064,H002,v3.15,5,CONTINUE
R064,H002,v3.15,25,CONTINUE
R064,H002,v3.15,50,CONTINUE
R064,H002,v3.15,100,CONTINUE
R064,H003,v3.15,5,CONTINUE
R064,H003,v3.15,25,CONTINUE
R064,H003,v3.15,50,CONTINUE
R064,H003,v3.15,100,CONTINUE
R064,H004,v3.15,5,CONTINUE
R064,H004,v3.15,25,CONTINUE
R064,H004,v3.15,50,CONTINUE
R064,H004,v3.15,100,CONTINUE
R064,H005,v3.15,5,CONTINUE
R064,H005,v3.15,25,CONTINUE
R064,H005,v3.15,50,CONTINUE
R064,H005,v3.15,100,CONTINUE
R064,H006,v3.15,5,CONTINUE
R064,H006,v3.15,25,CONTINUE
R064,H006,v3.15,50,CONTINUE
R064,H006,v3.15,100,CONTINUE
R064,H007,v3.15,5,CONTINUE
R064,H007,v3.15,25,CONTINUE
R064,H007,v3.15,50,CONTINUE
R064,H007,v3.15,100,CONTINUE
R064,H008,v3.15,5,CONTINUE
R064,H008,v3.15,25,CONTINUE
R064,H008,v3.15,50,CONTINUE
R064,H008,v3.15,100,CONTINUE
R064,H009,v3.15,5,CONTINUE
R064,H009,v3.15,25,CONTINUE
R064,H009,v3.15,50,CONTINUE
R064,H009,v3.15,100,CONTINUE
R064,H010,v3.15,5,CONTINUE
R064,H010,v3.15,25,CONTINUE
R064,H010,v3.15,50,CONTINUE
R064,H010,v3.15,100,CONTINUE
R064,H011,v3.15,5,CONTINUE
R064,H011,v3.15,25,CONTINUE
R064,H011,v3.15,50,CONTINUE
R064,H011,v3.15,100,CONTINUE
R064,H012,v3.15,5,CONTINUE
R064,H012,v3.15,25,CONTINUE
R064,H012,v3.15,50,CONTINUE
R064,H012,v3.15,100,CONTINUE
R064,H013,v3.15,5,CONTINUE
R064,H013,v3.15,25,CONTINUE
R064,H013,v3.15,50,CONTINUE
R064,H013,v3.15,100,CONTINUE
R064,H014,v3.15,5,CONTINUE
R064,H014,v3.15,25,CONTINUE
R064,H014,v3.15,50,CONTINUE
R064,H014,v3.15,100,CONTINUE
R064,H015,v3.15,5,CONTINUE
R064,H015,v3.15,25,CONTINUE
R064,H015,v3.15,50,CONTINUE
R064,H015,v3.15,100,CONTINUE
R064,H016,v3.15,5,CONTINUE
R064,H016,v3.15,25,CONTINUE
R064,H016,v3.15,50,CONTINUE
R064,H016,v3.15,100,CONTINUE
R064,H017,v3.15,5,CONTINUE
R064,H017,v3.15,25,CONTINUE
R064,H017,v3.15,50,CONTINUE
R064,H017,v3.15,100,CONTINUE
R064,H018,v3.15,5,CONTINUE
R064,H018,v3.15,25,CONTINUE
R064,H018,v3.15,50,CONTINUE
R064,H018,v3.15,100,CONTINUE
R064,H019,v3.15,5,CONTINUE
R064,H019,v3.15,25,CONTINUE
R064,H019,v3.15,50,CONTINUE
R064,H019,v3.15,100,CONTINUE
R064,H020,v3.15,5,CONTINUE
R064,H020,v3.15,25,CONTINUE
R064,H020,v3.15,50,CONTINUE
R064,H020,v3.15,100,CONTINUE
R064,H021,v3.15,5,CONTINUE
R064,H021,v3.15,25,CONTINUE
R064,H021,v3.15,50,CONTINUE
R064,H021,v3.15,100,CONTINUE
R064,H022,v3.15,5,CONTINUE
R064,H022,v3.15,25,CONTINUE
R064,H022,v3.15,50,CONTINUE
R064,H022,v3.15,100,CONTINUE
R064,H023,v3.15,5,STOP
R064,H024,v3.15,5,CONTINUE
R064,H024,v3.15,25,CONTINUE
R064,H024,v3.15,50,CONTINUE
R064,H024,v3.15,100,CONTINUE
R064,H025,v3.15,5,CONTINUE
R064,H025,v3.15,25,CONTINUE
R064,H025,v3.15,50,CONTINUE
R064,H025,v3.15,100,CONTINUE
R064,H026,v3.15,5,CONTINUE
R064,H026,v3.15,25,CONTINUE
R064,H026,v3.15,50,CONTINUE
R064,H026,v3.15,100,CONTINUE
R064,H027,v3.15,5,CONTINUE
R064,H027,v3.15,25,CONTINUE
R064,H027,v3.15,50,CONTINUE
R064,H027,v3.15,100,CONTINUE
R064,H028,v3.15,5,CONTINUE
R064,H028,v3.15,25,CONTINUE
R064,H028,v3.15,50,CONTINUE
R064,H028,v3.15,100,CONTINUE
R064,H029,v3.15,5,CONTINUE
R064,H029,v3.15,25,CONTINUE
R064,H029,v3.15,50,CONTINUE
R064,H029,v3.15,100,CONTINUE
R064,H030,v3.15,5,CONTINUE
R064,H030,v3.15,25,CONTINUE
R064,H030,v3.15,50,CONTINUE
R064,H030,v3.15,100,CONTINUE
R064,H031,v3.15,5,CONTINUE
R064,H031,v3.15,25,CONTINUE
R064,H031,v3.15,50,CONTINUE
R064,H031,v3.15,100,CONTINUE
R064,H032,v3.15,5,CONTINUE
R064,H032,v3.15,25,CONTINUE
R064,H032,v3.15,50,CONTINUE
R064,H032,v3.15,100,CONTINUE
R064,H033,v3.15,5,CONTINUE
R064,H033,v3.15,25,CONTINUE
R064,H033,v3.15,50,CONTINUE
R064,H033,v3.15,100,CONTINUE
R064,H034,v3.15,5,HOLD
R064,H035,v3.15,5,CONTINUE
R064,H035,v3.15,25,CONTINUE
R064,H035,v3.15,50,CONTINUE
R064,H035,v3.15,100,CONTINUE
R064,H036,v3.15,5,CONTINUE
R064,H036,v3.15,25,CONTINUE
R064,H036,v3.15,50,CONTINUE
R064,H036,v3.15,100,CONTINUE
R064,H037,v3.15,5,CONTINUE
R064,H037,v3.15,25,CONTINUE
R064,H037,v3.15,50,CONTINUE
R064,H037,v3.15,100,CONTINUE
R064,H038,v3.15,5,CONTINUE
R064,H038,v3.15,25,CONTINUE
R064,H038,v3.15,50,CONTINUE
R064,H038,v3.15,100,CONTINUE
R064,H039,v3.15,5,STOP
R064,H040,v3.15,5,CONTINUE
R064,H040,v3.15,25,CONTINUE
R064,H040,v3.15,50,CONTINUE
R064,H040,v3.15,100,CONTINUE
R064,H041,v3.15,5,STOP
R064,H042,v3.15,5,CONTINUE
R064,H042,v3.15,25,CONTINUE
R064,H042,v3.15,50,CONTINUE
R064,H042,v3.15,100,CONTINUE
R064,H043,v3.15,5,STOP
R064,H044,v3.15,5,HOLD
R064,H045,v3.15,5,CONTINUE
R064,H045,v3.15,25,CONTINUE
R064,H045,v3.15,50,CONTINUE
R064,H045,v3.15,100,CONTINUE
R064,H046,v3.15,5,CONTINUE
R064,H046,v3.15,25,CONTINUE
R064,H046,v3.15,50,CONTINUE
R064,H046,v3.15,100,CONTINUE
R064,H047,v3.15,5,HOLD
R064,H048,v3.15,5,HOLD
R064,H049,v3.15,5,CONTINUE
R064,H049,v3.15,25,CONTINUE
R064,H049,v3.15,50,CONTINUE
R064,H049,v3.15,100,CONTINUE
R064,H050,v3.15,5,CONTINUE
R064,H050,v3.15,25,CONTINUE
R064,H050,v3.15,50,CONTINUE
R064,H050,v3.15,100,CONTINUE
R065,H001,v3.16,5,CONTINUE
R065,H001,v3.16,25,CONTINUE
R065,H001,v3.16,50,CONTINUE
R065,H001,v3.16,100,CONTINUE
R065,H002,v3.16,5,CONTINUE
R065,H002,v3.16,25,CONTINUE
R065,H002,v3.16,50,CONTINUE
R065,H002,v3.16,100,CONTINUE
R065,H003,v3.16,5,CONTINUE
R065,H003,v3.16,25,CONTINUE
R065,H003,v3.16,50,CONTINUE
R065,H003,v3.16,100,CONTINUE
R065,H004,v3.16,5,CONTINUE
R065,H004,v3.16,25,CONTINUE
R065,H004,v3.16,50,CONTINUE
R065,H004,v3.16,100,CONTINUE
R065,H005,v3.16,5,CONTINUE
R065,H005,v3.16,25,CONTINUE
R065,H005,v3.16,50,CONTINUE
R065,H005,v3.16,100,CONTINUE
R065,H006,v3.16,5,CONTINUE
R065,H006,v3.16,25,CONTINUE
R065,H006,v3.16,50,CONTINUE
R065,H006,v3.16,100,CONTINUE
R065,H007,v3.16,5,CONTINUE
R065,H007,v3.16,25,CONTINUE
R065,H007,v3.16,50,CONTINUE
R065,H007,v3.16,100,CONTINUE
R065,H008,v3.16,5,CONTINUE
R065,H008,v3.16,25,CONTINUE
R065,H008,v3.16,50,CONTINUE
R065,H008,v3.16,100,CONTINUE
R065,H009,v3.16,5,CONTINUE
R065,H009,v3.16,25,CONTINUE
R065,H009,v3.16,50,CONTINUE
R065,H009,v3.16,100,CONTINUE
R065,H010,v3.16,5,CONTINUE
R065,H010,v3.16,25,CONTINUE
R065,H010,v3.16,50,CONTINUE
R065,H010,v3.16,100,CONTINUE
R065,H011,v3.16,5,CONTINUE
R065,H011,v3.16,25,CONTINUE
R065,H011,v3.16,50,CONTINUE
R065,H011,v3.16,100,CONTINUE
R065,H012,v3.16,5,CONTINUE
R065,H012,v3.16,25,CONTINUE
R065,H012,v3.16,50,CONTINUE
R065,H012,v3.16,100,CONTINUE
R065,H013,v3.16,5,CONTINUE
R065,H013,v3.16,25,CONTINUE
R065,H013,v3.16,50,CONTINUE
R065,H013,v3.16,100,CONTINUE
R065,H014,v3.16,5,CONTINUE
R065,H014,v3.16,25,CONTINUE
R065,H014,v3.16,50,CONTINUE
R065,H014,v3.16,100,CONTINUE
R065,H015,v3.16,5,CONTINUE
R065,H015,v3.16,25,CONTINUE
R065,H015,v3.16,50,CONTINUE
R065,H015,v3.16,100,CONTINUE
R065,H016,v3.16,5,CONTINUE
R065,H016,v3.16,25,CONTINUE
R065,H016,v3.16,50,CONTINUE
R065,H016,v3.16,100,CONTINUE
R065,H017,v3.16,5,CONTINUE
R065,H017,v3.16,25,CONTINUE
R065,H017,v3.16,50,CONTINUE
R065,H017,v3.16,100,CONTINUE
R065,H018,v3.16,5,CONTINUE
R065,H018,v3.16,25,CONTINUE
R065,H018,v3.16,50,CONTINUE
R065,H018,v3.16,100,CONTINUE
R065,H019,v3.16,5,CONTINUE
R065,H019,v3.16,25,CONTINUE
R065,H019,v3.16,50,CONTINUE
R065,H019,v3.16,100,CONTINUE
R065,H020,v3.16,5,CONTINUE
R065,H020,v3.16,25,CONTINUE
R065,H020,v3.16,50,CONTINUE
R065,H020,v3.16,100,CONTINUE
R065,H021,v3.16,5,CONTINUE
R065,H021,v3.16,25,CONTINUE
R065,H021,v3.16,50,CONTINUE
R065,H021,v3.16,100,CONTINUE
R065,H022,v3.16,5,CONTINUE
R065,H022,v3.16,25,CONTINUE
R065,H022,v3.16,50,CONTINUE
R065,H022,v3.16,100,CONTINUE
R065,H023,v3.16,5,CONTINUE
R065,H023,v3.16,25,CONTINUE
R065,H023,v3.16,50,CONTINUE
R065,H023,v3.16,100,CONTINUE
R065,H024,v3.16,5,CONTINUE
R065,H024,v3.16,25,CONTINUE
R065,H024,v3.16,50,CONTINUE
R065,H024,v3.16,100,CONTINUE
R065,H025,v3.16,5,CONTINUE
R065,H025,v3.16,25,CONTINUE
R065,H025,v3.16,50,CONTINUE
R065,H025,v3.16,100,CONTINUE
R065,H026,v3.16,5,CONTINUE
R065,H026,v3.16,25,CONTINUE
R065,H026,v3.16,50,CONTINUE
R065,H026,v3.16,100,CONTINUE
R065,H027,v3.16,5,CONTINUE
R065,H027,v3.16,25,CONTINUE
R065,H027,v3.16,50,CONTINUE
R065,H027,v3.16,100,CONTINUE
R065,H028,v3.16,5,CONTINUE
R065,H028,v3.16,25,CONTINUE
R065,H028,v3.16,50,CONTINUE
R065,H028,v3.16,100,CONTINUE
R065,H029,v3.16,5,CONTINUE
R065,H029,v3.16,25,CONTINUE
R065,H029,v3.16,50,CONTINUE
R065,H029,v3.16,100,CONTINUE
R065,H030,v3.16,5,CONTINUE
R065,H030,v3.16,25,CONTINUE
R065,H030,v3.16,50,CONTINUE
R065,H030,v3.16,100,CONTINUE
R065,H031,v3.16,5,CONTINUE
R065,H031,v3.16,25,CONTINUE
R065,H031,v3.16,50,CONTINUE
R065,H031,v3.16,100,CONTINUE
R065,H032,v3.16,5,CONTINUE
R065,H032,v3.16,25,CONTINUE
R065,H032,v3.16,50,CONTINUE
R065,H032,v3.16,100,CONTINUE
R065,H033,v3.16,5,CONTINUE
R065,H033,v3.16,25,CONTINUE
R065,H033,v3.16,50,CONTINUE
R065,H033,v3.16,100,CONTINUE
R065,H034,v3.16,5,CONTINUE
R065,H034,v3.16,25,CONTINUE
R065,H034,v3.16,50,CONTINUE
R065,H034,v3.16,100,CONTINUE
R065,H035,v3.16,5,HOLD
R065,H036,v3.16,5,CONTINUE
R065,H036,v3.16,25,CONTINUE
R065,H036,v3.16,50,CONTINUE
R065,H036,v3.16,100,CONTINUE
R065,H037,v3.16,5,CONTINUE
R065,H037,v3.16,25,CONTINUE
R065,H037,v3.16,50,CONTINUE
R065,H037,v3.16,100,CONTINUE
R065,H038,v3.16,5,CONTINUE
R065,H038,v3.16,25,CONTINUE
R065,H038,v3.16,50,CONTINUE
R065,H038,v3.16,100,CONTINUE
R065,H039,v3.16,5,CONTINUE
R065,H039,v3.16,25,CONTINUE
R065,H039,v3.16,50,CONTINUE
R065,H039,v3.16,100,CONTINUE
R065,H040,v3.16,5,CONTINUE
R065,H040,v3.16,25,CONTINUE
R065,H040,v3.16,50,CONTINUE
R065,H040,v3.16,100,CONTINUE
R065,H041,v3.16,5,CONTINUE
R065,H041,v3.16,25,CONTINUE
R065,H041,v3.16,50,CONTINUE
R065,H041,v3.16,100,CONTINUE
R065,H042,v3.16,5,CONTINUE
R065,H042,v3.16,25,CONTINUE
R065,H042,v3.16,50,CONTINUE
R065,H042,v3.16,100,CONTINUE
R065,H043,v3.16,5,CONTINUE
R065,H043,v3.16,25,CONTINUE
R065,H043,v3.16,50,CONTINUE
R065,H043,v3.16,100,CONTINUE
R065,H044,v3.16,5,CONTINUE
R065,H044,v3.16,25,CONTINUE
R065,H044,v3.16,50,CONTINUE
R065,H044,v3.16,100,CONTINUE
R065,H045,v3.16,5,CONTINUE
R065,H045,v3.16,25,CONTINUE
R065,H045,v3.16,50,CONTINUE
R065,H045,v3.16,100,CONTINUE
R065,H046,v3.16,5,CONTINUE
R065,H046,v3.16,25,CONTINUE
R065,H046,v3.16,50,CONTINUE
R065,H046,v3.16,100,CONTINUE
R065,H047,v3.16,5,CONTINUE
R065,H047,v3.16,25,CONTINUE
R065,H047,v3.16,50,CONTINUE
R065,H047,v3.16,100,CONTINUE
R065,H048,v3.16,5,CONTINUE
R065,H048,v3.16,25,CONTINUE
R065,H048,v3.16,50,CONTINUE
R065,H048,v3.16,100,CONTINUE
R065,H049,v3.16,5,CONTINUE
R065,H049,v3.16,25,CONTINUE
R065,H049,v3.16,50,CONTINUE
R065,H049,v3.16,100,CONTINUE
R065,H050,v3.16,5,CONTINUE
R065,H050,v3.16,25,CONTINUE
R065,H050,v3.16,50,CONTINUE
R065,H050,v3.16,100,CONTINUE
R066,H001,v3.17,5,CONTINUE
R066,H001,v3.17,25,CONTINUE
R066,H001,v3.17,50,CONTINUE
R066,H001,v3.17,100,CONTINUE
R066,H002,v3.17,5,CONTINUE
R066,H002,v3.17,25,CONTINUE
R066,H002,v3.17,50,CONTINUE
R066,H002,v3.17,100,CONTINUE
R066,H003,v3.17,5,CONTINUE
R066,H003,v3.17,25,CONTINUE
R066,H003,v3.17,50,CONTINUE
R066,H003,v3.17,100,CONTINUE
R066,H004,v3.17,5,CONTINUE
R066,H004,v3.17,25,CONTINUE
R066,H004,v3.17,50,CONTINUE
R066,H004,v3.17,100,CONTINUE
R066,H005,v3.17,5,CONTINUE
R066,H005,v3.17,25,CONTINUE
R066,H005,v3.17,50,CONTINUE
R066,H005,v3.17,100,CONTINUE
R066,H006,v3.17,5,CONTINUE
R066,H006,v3.17,25,CONTINUE
R066,H006,v3.17,50,CONTINUE
R066,H006,v3.17,100,CONTINUE
R066,H007,v3.17,5,CONTINUE
R066,H007,v3.17,25,CONTINUE
R066,H007,v3.17,50,CONTINUE
R066,H007,v3.17,100,CONTINUE
R066,H008,v3.17,5,CONTINUE
R066,H008,v3.17,25,CONTINUE
R066,H008,v3.17,50,CONTINUE
R066,H008,v3.17,100,CONTINUE
R066,H009,v3.17,5,CONTINUE
R066,H009,v3.17,25,CONTINUE
R066,H009,v3.17,50,CONTINUE
R066,H009,v3.17,100,CONTINUE
R066,H010,v3.17,5,CONTINUE
R066,H010,v3.17,25,CONTINUE
R066,H010,v3.17,50,CONTINUE
R066,H010,v3.17,100,CONTINUE
R066,H011,v3.17,5,CONTINUE
R066,H011,v3.17,25,CONTINUE
R066,H011,v3.17,50,CONTINUE
R066,H011,v3.17,100,CONTINUE
R066,H012,v3.17,5,HOLD
R066,H013,v3.17,5,CONTINUE
R066,H013,v3.17,25,CONTINUE
R066,H013,v3.17,50,CONTINUE
R066,H013,v3.17,100,CONTINUE
R066,H014,v3.17,5,STOP
R066,H015,v3.17,5,CONTINUE
R066,H015,v3.17,25,CONTINUE
R066,H015,v3.17,50,CONTINUE
R066,H015,v3.17,100,CONTINUE
R066,H016,v3.17,5,CONTINUE
R066,H016,v3.17,25,CONTINUE
R066,H016,v3.17,50,CONTINUE
R066,H016,v3.17,100,CONTINUE
R066,H017,v3.17,5,CONTINUE
R066,H017,v3.17,25,CONTINUE
R066,H017,v3.17,50,CONTINUE
R066,H017,v3.17,100,CONTINUE
R066,H018,v3.17,5,CONTINUE
R066,H018,v3.17,25,CONTINUE
R066,H018,v3.17,50,CONTINUE
R066,H018,v3.17,100,CONTINUE
R066,H019,v3.17,5,CONTINUE
R066,H019,v3.17,25,CONTINUE
R066,H019,v3.17,50,CONTINUE
R066,H019,v3.17,100,CONTINUE
R066,H020,v3.17,5,CONTINUE
R066,H020,v3.17,25,CONTINUE
R066,H020,v3.17,50,CONTINUE
R066,H020,v3.17,100,CONTINUE
R066,H021,v3.17,5,CONTINUE
R066,H021,v3.17,25,CONTINUE
R066,H021,v3.17,50,CONTINUE
R066,H021,v3.17,100,CONTINUE
R066,H022,v3.17,5,CONTINUE
R066,H022,v3.17,25,CONTINUE
R066,H022,v3.17,50,CONTINUE
R066,H022,v3.17,100,CONTINUE
R066,H023,v3.17,5,CONTINUE
R066,H023,v3.17,25,CONTINUE
R066,H023,v3.17,50,CONTINUE
R066,H023,v3.17,100,CONTINUE
R066,H024,v3.17,5,CONTINUE
R066,H024,v3.17,25,CONTINUE
R066,H024,v3.17,50,CONTINUE
R066,H024,v3.17,100,CONTINUE
R066,H025,v3.17,5,CONTINUE
R066,H025,v3.17,25,CONTINUE
R066,H025,v3.17,50,CONTINUE
R066,H025,v3.17,100,CONTINUE
R066,H026,v3.17,5,CONTINUE
R066,H026,v3.17,25,CONTINUE
R066,H026,v3.17,50,CONTINUE
R066,H026,v3.17,100,CONTINUE
R066,H027,v3.17,5,CONTINUE
R066,H027,v3.17,25,CONTINUE
R066,H027,v3.17,50,CONTINUE
R066,H027,v3.17,100,CONTINUE
R066,H028,v3.17,5,CONTINUE
R066,H028,v3.17,25,CONTINUE
R066,H028,v3.17,50,CONTINUE
R066,H028,v3.17,100,CONTINUE
R066,H029,v3.17,5,CONTINUE
R066,H029,v3.17,25,CONTINUE
R066,H029,v3.17,50,CONTINUE
R066,H029,v3.17,100,CONTINUE
R066,H030,v3.17,5,STOP
R066,H031,v3.17,5,CONTINUE
R066,H031,v3.17,25,CONTINUE
R066,H031,v3.17,50,CONTINUE
R066,H031,v3.17,100,CONTINUE
R066,H032,v3.17,5,CONTINUE
R066,H032,v3.17,25,CONTINUE
R066,H032,v3.17,50,CONTINUE
R066,H032,v3.17,100,CONTINUE
R066,H033,v3.17,5,CONTINUE
R066,H033,v3.17,25,CONTINUE
R066,H033,v3.17,50,CONTINUE
R066,H033,v3.17,100,CONTINUE
R066,H034,v3.17,5,HOLD
R066,H035,v3.17,5,CONTINUE
R066,H035,v3.17,25,CONTINUE
R066,H035,v3.17,50,CONTINUE
R066,H035,v3.17,100,CONTINUE
R066,H036,v3.17,5,CONTINUE
R066,H036,v3.17,25,CONTINUE
R066,H036,v3.17,50,CONTINUE
R066,H036,v3.17,100,CONTINUE
R066,H037,v3.17,5,CONTINUE
R066,H037,v3.17,25,CONTINUE
R066,H037,v3.17,50,CONTINUE
R066,H037,v3.17,100,CONTINUE
R066,H038,v3.17,5,CONTINUE
R066,H038,v3.17,25,CONTINUE
R066,H038,v3.17,50,CONTINUE
R066,H038,v3.17,100,CONTINUE
R066,H039,v3.17,5,CONTINUE
R066,H039,v3.17,25,CONTINUE
R066,H039,v3.17,50,CONTINUE
R066,H039,v3.17,100,CONTINUE
R066,H040,v3.17,5,CONTINUE
R066,H040,v3.17,25,CONTINUE
R066,H040,v3.17,50,CONTINUE
R066,H040,v3.17,100,CONTINUE
R066,H041,v3.17,5,CONTINUE
R066,H041,v3.17,25,CONTINUE
R066,H041,v3.17,50,CONTINUE
R066,H041,v3.17,100,CONTINUE
R066,H042,v3.17,5,CONTINUE
R066,H042,v3.17,25,CONTINUE
R066,H042,v3.17,50,CONTINUE
R066,H042,v3.17,100,CONTINUE
R066,H043,v3.17,5,CONTINUE
R066,H043,v3.17,25,CONTINUE
R066,H043,v3.17,50,CONTINUE
R066,H043,v3.17,100,CONTINUE
R066,H044,v3.17,5,CONTINUE
R066,H044,v3.17,25,CONTINUE
R066,H044,v3.17,50,CONTINUE
R066,H044,v3.17,100,CONTINUE
R066,H045,v3.17,5,CONTINUE
R066,H045,v3.17,25,CONTINUE
R066,H045,v3.17,50,CONTINUE
R066,H045,v3.17,100,CONTINUE
R066,H046,v3.17,5,CONTINUE
R066,H046,v3.17,25,CONTINUE
R066,H046,v3.17,50,CONTINUE
R066,H046,v3.17,100,CONTINUE
R066,H047,v3.17,5,CONTINUE
R066,H047,v3.17,25,CONTINUE
R066,H047,v3.17,50,CONTINUE
R066,H047,v3.17,100,CONTINUE
R066,H048,v3.17,5,CONTINUE
R066,H048,v3.17,25,CONTINUE
R066,H048,v3.17,50,CONTINUE
R066,H048,v3.17,100,CONTINUE
R066,H049,v3.17,5,HOLD
R066,H050,v3.17,5,CONTINUE
R066,H050,v3.17,25,CONTINUE
R066,H050,v3.17,50,CONTINUE
R066,H050,v3.17,100,CONTINUE
R067,H001,v3.18,5,CONTINUE
R067,H001,v3.18,25,CONTINUE
R067,H001,v3.18,50,CONTINUE
R067,H001,v3.18,100,CONTINUE
R067,H002,v3.18,5,CONTINUE
R067,H002,v3.18,25,CONTINUE
R067,H002,v3.18,50,CONTINUE
R067,H002,v3.18,100,CONTINUE
R067,H003,v3.18,5,CONTINUE
R067,H003,v3.18,25,CONTINUE
R067,H003,v3.18,50,CONTINUE
R067,H003,v3.18,100,CONTINUE
R067,H004,v3.18,5,CONTINUE
R067,H004,v3.18,25,CONTINUE
R067,H004,v3.18,50,CONTINUE
R067,H004,v3.18,100,CONTINUE
R067,H005,v3.18,5,CONTINUE
R067,H005,v3.18,25,CONTINUE
R067,H005,v3.18,50,CONTINUE
R067,H005,v3.18,100,CONTINUE
R067,H006,v3.18,5,CONTINUE
R067,H006,v3.18,25,CONTINUE
R067,H006,v3.18,50,CONTINUE
R067,H006,v3.18,100,CONTINUE
R067,H007,v3.18,5,HOLD
R067,H008,v3.18,5,CONTINUE
R067,H008,v3.18,25,CONTINUE
R067,H008,v3.18,50,CONTINUE
R067,H008,v3.18,100,CONTINUE
R067,H009,v3.18,5,CONTINUE
R067,H009,v3.18,25,CONTINUE
R067,H009,v3.18,50,CONTINUE
R067,H009,v3.18,100,CONTINUE
R067,H010,v3.18,5,CONTINUE
R067,H010,v3.18,25,CONTINUE
R067,H010,v3.18,50,CONTINUE
R067,H010,v3.18,100,CONTINUE
R067,H011,v3.18,5,CONTINUE
R067,H011,v3.18,25,CONTINUE
R067,H011,v3.18,50,CONTINUE
R067,H011,v3.18,100,CONTINUE
R067,H012,v3.18,5,CONTINUE
R067,H012,v3.18,25,CONTINUE
R067,H012,v3.18,50,CONTINUE
R067,H012,v3.18,100,CONTINUE
R067,H013,v3.18,5,CONTINUE
R067,H013,v3.18,25,CONTINUE
R067,H013,v3.18,50,CONTINUE
R067,H013,v3.18,100,CONTINUE
R067,H014,v3.18,5,CONTINUE
R067,H014,v3.18,25,CONTINUE
R067,H014,v3.18,50,CONTINUE
R067,H014,v3.18,100,CONTINUE
R067,H015,v3.18,5,CONTINUE
R067,H015,v3.18,25,CONTINUE
R067,H015,v3.18,50,CONTINUE
R067,H015,v3.18,100,CONTINUE
R067,H016,v3.18,5,CONTINUE
R067,H016,v3.18,25,CONTINUE
R067,H016,v3.18,50,CONTINUE
R067,H016,v3.18,100,CONTINUE
R067,H017,v3.18,5,CONTINUE
R067,H017,v3.18,25,CONTINUE
R067,H017,v3.18,50,CONTINUE
R067,H017,v3.18,100,CONTINUE
R067,H018,v3.18,5,CONTINUE
R067,H018,v3.18,25,CONTINUE
R067,H018,v3.18,50,CONTINUE
R067,H018,v3.18,100,CONTINUE
R067,H019,v3.18,5,CONTINUE
R067,H019,v3.18,25,CONTINUE
R067,H019,v3.18,50,CONTINUE
R067,H019,v3.18,100,CONTINUE
R067,H020,v3.18,5,CONTINUE
R067,H020,v3.18,25,CONTINUE
R067,H020,v3.18,50,CONTINUE
R067,H020,v3.18,100,CONTINUE
R067,H021,v3.18,5,CONTINUE
R067,H021,v3.18,25,CONTINUE
R067,H021,v3.18,50,CONTINUE
R067,H021,v3.18,100,CONTINUE
R067,H022,v3.18,5,CONTINUE
R067,H022,v3.18,25,CONTINUE
R067,H022,v3.18,50,CONTINUE
R067,H022,v3.18,100,CONTINUE
R067,H023,v3.18,5,CONTINUE
R067,H023,v3.18,25,CONTINUE
R067,H023,v3.18,50,CONTINUE
R067,H023,v3.18,100,CONTINUE
R067,H024,v3.18,5,CONTINUE
R067,H024,v3.18,25,CONTINUE
R067,H024,v3.18,50,CONTINUE
R067,H024,v3.18,100,CONTINUE
R067,H025,v3.18,5,CONTINUE
R067,H025,v3.18,25,CONTINUE
R067,H025,v3.18,50,CONTINUE
R067,H025,v3.18,100,CONTINUE
R067,H026,v3.18,5,CONTINUE
R067,H026,v3.18,25,CONTINUE
R067,H026,v3.18,50,CONTINUE
R067,H026,v3.18,100,CONTINUE
R067,H027,v3.18,5,CONTINUE
R067,H027,v3.18,25,CONTINUE
R067,H027,v3.18,50,CONTINUE
R067,H027,v3.18,100,CONTINUE
R067,H028,v3.18,5,CONTINUE
R067,H028,v3.18,25,CONTINUE
R067,H028,v3.18,50,CONTINUE
R067,H028,v3.18,100,CONTINUE
R067,H029,v3.18,5,CONTINUE
R067,H029,v3.18,25,CONTINUE
R067,H029,v3.18,50,CONTINUE
R067,H029,v3.18,100,CONTINUE
R067,H030,v3.18,5,CONTINUE
R067,H030,v3.18,25,CONTINUE
R067,H030,v3.18,50,CONTINUE
R067,H030,v3.18,100,CONTINUE
R067,H031,v3.18,5,CONTINUE
R067,H031,v3.18,25,CONTINUE
R067,H031,v3.18,50,CONTINUE
R067,H031,v3.18,100,CONTINUE
R067,H032,v3.18,5,CONTINUE
R067,H032,v3.18,25,CONTINUE
R067,H032,v3.18,50,CONTINUE
R067,H032,v3.18,100,CONTINUE
R067,H033,v3.18,5,CONTINUE
R067,H033,v3.18,25,CONTINUE
R067,H033,v3.18,50,CONTINUE
R067,H033,v3.18,100,CONTINUE
R067,H034,v3.18,5,CONTINUE
R067,H034,v3.18,25,CONTINUE
R067,H034,v3.18,50,CONTINUE
R067,H034,v3.18,100,CONTINUE
R067,H035,v3.18,5,CONTINUE
R067,H035,v3.18,25,CONTINUE
R067,H035,v3.18,50,CONTINUE
R067,H035,v3.18,100,CONTINUE
R067,H036,v3.18,5,CONTINUE
R067,H036,v3.18,25,CONTINUE
R067,H036,v3.18,50,CONTINUE
R067,H036,v3.18,100,CONTINUE
R067,H037,v3.18,5,CONTINUE
R067,H037,v3.18,25,CONTINUE
R067,H037,v3.18,50,CONTINUE
R067,H037,v3.18,100,CONTINUE
R067,H038,v3.18,5,CONTINUE
R067,H038,v3.18,25,CONTINUE
R067,H038,v3.18,50,CONTINUE
R067,H038,v3.18,100,CONTINUE
R067,H039,v3.18,5,CONTINUE
R067,H039,v3.18,25,CONTINUE
R067,H039,v3.18,50,CONTINUE
R067,H039,v3.18,100,CONTINUE
R067,H040,v3.18,5,CONTINUE
R067,H040,v3.18,25,CONTINUE
R067,H040,v3.18,50,CONTINUE
R067,H040,v3.18,100,CONTINUE
R067,H041,v3.18,5,CONTINUE
R067,H041,v3.18,25,CONTINUE
R067,H041,v3.18,50,CONTINUE
R067,H041,v3.18,100,CONTINUE
R067,H042,v3.18,5,CONTINUE
R067,H042,v3.18,25,CONTINUE
R067,H042,v3.18,50,CONTINUE
R067,H042,v3.18,100,CONTINUE
R067,H043,v3.18,5,HOLD
R067,H044,v3.18,5,CONTINUE
R067,H044,v3.18,25,CONTINUE
R067,H044,v3.18,50,CONTINUE
R067,H044,v3.18,100,CONTINUE
R067,H045,v3.18,5,CONTINUE
R067,H045,v3.18,25,CONTINUE
R067,H045,v3.18,50,CONTINUE
R067,H045,v3.18,100,CONTINUE
R067,H046,v3.18,5,CONTINUE
R067,H046,v3.18,25,CONTINUE
R067,H046,v3.18,50,CONTINUE
R067,H046,v3.18,100,CONTINUE
R067,H047,v3.18,5,HOLD
R067,H048,v3.18,5,CONTINUE
R067,H048,v3.18,25,CONTINUE
R067,H048,v3.18,50,CONTINUE
R067,H048,v3.18,100,CONTINUE
R067,H049,v3.18,5,CONTINUE
R067,H049,v3.18,25,CONTINUE
R067,H049,v3.18,50,CONTINUE
R067,H049,v3.18,100,CONTINUE
R067,H050,v3.18,5,HOLD
R068,H001,v3.19,5,CONTINUE
R068,H001,v3.19,25,CONTINUE
R068,H001,v3.19,50,CONTINUE
R068,H001,v3.19,100,CONTINUE
R068,H002,v3.19,5,CONTINUE
R068,H002,v3.19,25,CONTINUE
R068,H002,v3.19,50,CONTINUE
R068,H002,v3.19,100,CONTINUE
R068,H003,v3.19,5,CONTINUE
R068,H003,v3.19,25,CONTINUE
R068,H003,v3.19,50,CONTINUE
R068,H003,v3.19,100,CONTINUE
R068,H004,v3.19,5,CONTINUE
R068,H004,v3.19,25,CONTINUE
R068,H004,v3.19,50,CONTINUE
R068,H004,v3.19,100,CONTINUE
R068,H005,v3.19,5,CONTINUE
R068,H005,v3.19,25,CONTINUE
R068,H005,v3.19,50,CONTINUE
R068,H005,v3.19,100,CONTINUE
R068,H006,v3.19,5,CONTINUE
R068,H006,v3.19,25,CONTINUE
R068,H006,v3.19,50,CONTINUE
R068,H006,v3.19,100,CONTINUE
R068,H007,v3.19,5,CONTINUE
R068,H007,v3.19,25,CONTINUE
R068,H007,v3.19,50,CONTINUE
R068,H007,v3.19,100,CONTINUE
R068,H008,v3.19,5,CONTINUE
R068,H008,v3.19,25,CONTINUE
R068,H008,v3.19,50,CONTINUE
R068,H008,v3.19,100,CONTINUE
R068,H009,v3.19,5,CONTINUE
R068,H009,v3.19,25,CONTINUE
R068,H009,v3.19,50,CONTINUE
R068,H009,v3.19,100,CONTINUE
R068,H010,v3.19,5,CONTINUE
R068,H010,v3.19,25,CONTINUE
R068,H010,v3.19,50,CONTINUE
R068,H010,v3.19,100,CONTINUE
R068,H011,v3.19,5,CONTINUE
R068,H011,v3.19,25,CONTINUE
R068,H011,v3.19,50,CONTINUE
R068,H011,v3.19,100,CONTINUE
R068,H012,v3.19,5,CONTINUE
R068,H012,v3.19,25,CONTINUE
R068,H012,v3.19,50,CONTINUE
R068,H012,v3.19,100,CONTINUE
R068,H013,v3.19,5,CONTINUE
R068,H013,v3.19,25,CONTINUE
R068,H013,v3.19,50,CONTINUE
R068,H013,v3.19,100,CONTINUE
R068,H014,v3.19,5,CONTINUE
R068,H014,v3.19,25,CONTINUE
R068,H014,v3.19,50,CONTINUE
R068,H014,v3.19,100,CONTINUE
R068,H015,v3.19,5,CONTINUE
R068,H015,v3.19,25,CONTINUE
R068,H015,v3.19,50,CONTINUE
R068,H015,v3.19,100,CONTINUE
R068,H016,v3.19,5,CONTINUE
R068,H016,v3.19,25,CONTINUE
R068,H016,v3.19,50,CONTINUE
R068,H016,v3.19,100,CONTINUE
R068,H017,v3.19,5,CONTINUE
R068,H017,v3.19,25,CONTINUE
R068,H017,v3.19,50,CONTINUE
R068,H017,v3.19,100,CONTINUE
R068,H018,v3.19,5,CONTINUE
R068,H018,v3.19,25,CONTINUE
R068,H018,v3.19,50,CONTINUE
R068,H018,v3.19,100,CONTINUE
R068,H019,v3.19,5,CONTINUE
R068,H019,v3.19,25,CONTINUE
R068,H019,v3.19,50,CONTINUE
R068,H019,v3.19,100,CONTINUE
R068,H020,v3.19,5,CONTINUE
R068,H020,v3.19,25,CONTINUE
R068,H020,v3.19,50,CONTINUE
R068,H020,v3.19,100,CONTINUE
R068,H021,v3.19,5,STOP
R068,H022,v3.19,5,CONTINUE
R068,H022,v3.19,25,CONTINUE
R068,H022,v3.19,50,CONTINUE
R068,H022,v3.19,100,CONTINUE
R068,H023,v3.19,5,CONTINUE
R068,H023,v3.19,25,CONTINUE
R068,H023,v3.19,50,CONTINUE
R068,H023,v3.19,100,CONTINUE
R068,H024,v3.19,5,CONTINUE
R068,H024,v3.19,25,CONTINUE
R068,H024,v3.19,50,CONTINUE
R068,H024,v3.19,100,CONTINUE
R068,H025,v3.19,5,CONTINUE
R068,H025,v3.19,25,CONTINUE
R068,H025,v3.19,50,CONTINUE
R068,H025,v3.19,100,CONTINUE
R068,H026,v3.19,5,CONTINUE
R068,H026,v3.19,25,CONTINUE
R068,H026,v3.19,50,CONTINUE
R068,H026,v3.19,100,CONTINUE
R068,H027,v3.19,5,CONTINUE
R068,H027,v3.19,25,CONTINUE
R068,H027,v3.19,50,CONTINUE
R068,H027,v3.19,100,CONTINUE
R068,H028,v3.19,5,CONTINUE
R068,H028,v3.19,25,CONTINUE
R068,H028,v3.19,50,CONTINUE
R068,H028,v3.19,100,CONTINUE
R068,H029,v3.19,5,CONTINUE
R068,H029,v3.19,25,CONTINUE
R068,H029,v3.19,50,CONTINUE
R068,H029,v3.19,100,CONTINUE
R068,H030,v3.19,5,CONTINUE
R068,H030,v3.19,25,CONTINUE
R068,H030,v3.19,50,CONTINUE
R068,H030,v3.19,100,CONTINUE
R068,H031,v3.19,5,CONTINUE
R068,H031,v3.19,25,CONTINUE
R068,H031,v3.19,50,CONTINUE
R068,H031,v3.19,100,CONTINUE
R068,H032,v3.19,5,CONTINUE
R068,H032,v3.19,25,CONTINUE
R068,H032,v3.19,50,CONTINUE
R068,H032,v3.19,100,CONTINUE
R068,H033,v3.19,5,STOP
R068,H034,v3.19,5,CONTINUE
R068,H034,v3.19,25,CONTINUE
R068,H034,v3.19,50,CONTINUE
R068,H034,v3.19,100,CONTINUE
R068,H035,v3.19,5,CONTINUE
R068,H035,v3.19,25,CONTINUE
R068,H035,v3.19,50,CONTINUE
R068,H035,v3.19,100,CONTINUE
R068,H036,v3.19,5,CONTINUE
R068,H036,v3.19,25,CONTINUE
R068,H036,v3.19,50,CONTINUE
R068,H036,v3.19,100,CONTINUE
R068,H037,v3.19,5,CONTINUE
R068,H037,v3.19,25,CONTINUE
R068,H037,v3.19,50,CONTINUE
R068,H037,v3.19,100,CONTINUE
R068,H038,v3.19,5,CONTINUE
R068,H038,v3.19,25,CONTINUE
R068,H038,v3.19,50,CONTINUE
R068,H038,v3.19,100,CONTINUE
R068,H039,v3.19,5,CONTINUE
R068,H039,v3.19,25,CONTINUE
R068,H039,v3.19,50,CONTINUE
R068,H039,v3.19,100,CONTINUE
R068,H040,v3.19,5,CONTINUE
R068,H040,v3.19,25,CONTINUE
R068,H040,v3.19,50,CONTINUE
R068,H040,v3.19,100,CONTINUE
R068,H041,v3.19,5,CONTINUE
R068,H041,v3.19,25,CONTINUE
R068,H041,v3.19,50,CONTINUE
R068,H041,v3.19,100,CONTINUE
R068,H042,v3.19,5,CONTINUE
R068,H042,v3.19,25,CONTINUE
R068,H042,v3.19,50,CONTINUE
R068,H042,v3.19,100,CONTINUE
R068,H043,v3.19,5,CONTINUE
R068,H043,v3.19,25,CONTINUE
R068,H043,v3.19,50,CONTINUE
R068,H043,v3.19,100,CONTINUE
R068,H044,v3.19,5,CONTINUE
R068,H044,v3.19,25,CONTINUE
R068,H044,v3.19,50,CONTINUE
R068,H044,v3.19,100,CONTINUE
R068,H045,v3.19,5,CONTINUE
R068,H045,v3.19,25,CONTINUE
R068,H045,v3.19,50,CONTINUE
R068,H045,v3.19,100,CONTINUE
R068,H046,v3.19,5,CONTINUE
R068,H046,v3.19,25,CONTINUE
R068,H046,v3.19,50,CONTINUE
R068,H046,v3.19,100,CONTINUE
R068,H047,v3.19,5,CONTINUE
R068,H047,v3.19,25,CONTINUE
R068,H047,v3.19,50,CONTINUE
R068,H047,v3.19,100,CONTINUE
R068,H048,v3.19,5,CONTINUE
R068,H048,v3.19,25,CONTINUE
R068,H048,v3.19,50,CONTINUE
R068,H048,v3.19,100,CONTINUE
R068,H049,v3.19,5,CONTINUE
R068,H049,v3.19,25,CONTINUE
R068,H049,v3.19,50,CONTINUE
R068,H049,v3.19,100,CONTINUE
R068,H050,v3.19,5,CONTINUE
R068,H050,v3.19,25,CONTINUE
R068,H050,v3.19,50,CONTINUE
R068,H050,v3.19,100,CONTINUE
R069,H001,v3.20,5,CONTINUE
R069,H001,v3.20,25,CONTINUE
R069,H001,v3.20,50,CONTINUE
R069,H001,v3.20,100,CONTINUE
R069,H002,v3.20,5,CONTINUE
R069,H002,v3.20,25,CONTINUE
R069,H002,v3.20,50,CONTINUE
R069,H002,v3.20,100,CONTINUE
R069,H003,v3.20,5,CONTINUE
R069,H003,v3.20,25,CONTINUE
R069,H003,v3.20,50,CONTINUE
R069,H003,v3.20,100,CONTINUE
R069,H004,v3.20,5,CONTINUE
R069,H004,v3.20,25,CONTINUE
R069,H004,v3.20,50,CONTINUE
R069,H004,v3.20,100,CONTINUE
R069,H005,v3.20,5,CONTINUE
R069,H005,v3.20,25,CONTINUE
R069,H005,v3.20,50,CONTINUE
R069,H005,v3.20,100,CONTINUE
R069,H006,v3.20,5,CONTINUE
R069,H006,v3.20,25,CONTINUE
R069,H006,v3.20,50,CONTINUE
R069,H006,v3.20,100,CONTINUE
R069,H007,v3.20,5,CONTINUE
R069,H007,v3.20,25,CONTINUE
R069,H007,v3.20,50,CONTINUE
R069,H007,v3.20,100,CONTINUE
R069,H008,v3.20,5,CONTINUE
R069,H008,v3.20,25,CONTINUE
R069,H008,v3.20,50,CONTINUE
R069,H008,v3.20,100,CONTINUE
R069,H009,v3.20,5,HOLD
R069,H010,v3.20,5,CONTINUE
R069,H010,v3.20,25,CONTINUE
R069,H010,v3.20,50,CONTINUE
R069,H010,v3.20,100,CONTINUE
R069,H011,v3.20,5,CONTINUE
R069,H011,v3.20,25,CONTINUE
R069,H011,v3.20,50,CONTINUE
R069,H011,v3.20,100,CONTINUE
R069,H012,v3.20,5,CONTINUE
R069,H012,v3.20,25,CONTINUE
R069,H012,v3.20,50,CONTINUE
R069,H012,v3.20,100,CONTINUE
R069,H013,v3.20,5,CONTINUE
R069,H013,v3.20,25,CONTINUE
R069,H013,v3.20,50,CONTINUE
R069,H013,v3.20,100,CONTINUE
R069,H014,v3.20,5,CONTINUE
R069,H014,v3.20,25,CONTINUE
R069,H014,v3.20,50,CONTINUE
R069,H014,v3.20,100,CONTINUE
R069,H015,v3.20,5,CONTINUE
R069,H015,v3.20,25,CONTINUE
R069,H015,v3.20,50,CONTINUE
R069,H015,v3.20,100,CONTINUE
R069,H016,v3.20,5,CONTINUE
R069,H016,v3.20,25,CONTINUE
R069,H016,v3.20,50,CONTINUE
R069,H016,v3.20,100,CONTINUE
R069,H017,v3.20,5,CONTINUE
R069,H017,v3.20,25,CONTINUE
R069,H017,v3.20,50,CONTINUE
R069,H017,v3.20,100,CONTINUE
R069,H018,v3.20,5,CONTINUE
R069,H018,v3.20,25,CONTINUE
R069,H018,v3.20,50,CONTINUE
R069,H018,v3.20,100,CONTINUE
R069,H019,v3.20,5,CONTINUE
R069,H019,v3.20,25,CONTINUE
R069,H019,v3.20,50,CONTINUE
R069,H019,v3.20,100,CONTINUE
R069,H020,v3.20,5,CONTINUE
R069,H020,v3.20,25,CONTINUE
R069,H020,v3.20,50,CONTINUE
R069,H020,v3.20,100,CONTINUE
R069,H021,v3.20,5,CONTINUE
R069,H021,v3.20,25,CONTINUE
R069,H021,v3.20,50,CONTINUE
R069,H021,v3.20,100,CONTINUE
R069,H022,v3.20,5,CONTINUE
R069,H022,v3.20,25,CONTINUE
R069,H022,v3.20,50,CONTINUE
R069,H022,v3.20,100,CONTINUE
R069,H023,v3.20,5,CONTINUE
R069,H023,v3.20,25,CONTINUE
R069,H023,v3.20,50,CONTINUE
R069,H023,v3.20,100,CONTINUE
R069,H024,v3.20,5,HOLD
R069,H025,v3.20,5,CONTINUE
R069,H025,v3.20,25,CONTINUE
R069,H025,v3.20,50,CONTINUE
R069,H025,v3.20,100,CONTINUE
R069,H026,v3.20,5,CONTINUE
R069,H026,v3.20,25,CONTINUE
R069,H026,v3.20,50,CONTINUE
R069,H026,v3.20,100,CONTINUE
R069,H027,v3.20,5,HOLD
R069,H028,v3.20,5,CONTINUE
R069,H028,v3.20,25,CONTINUE
R069,H028,v3.20,50,CONTINUE
R069,H028,v3.20,100,CONTINUE
R069,H029,v3.20,5,CONTINUE
R069,H029,v3.20,25,CONTINUE
R069,H029,v3.20,50,CONTINUE
R069,H029,v3.20,100,CONTINUE
R069,H030,v3.20,5,CONTINUE
R069,H030,v3.20,25,CONTINUE
R069,H030,v3.20,50,CONTINUE
R069,H030,v3.20,100,CONTINUE
R069,H031,v3.20,5,CONTINUE
R069,H031,v3.20,25,CONTINUE
R069,H031,v3.20,50,CONTINUE
R069,H031,v3.20,100,CONTINUE
R069,H032,v3.20,5,CONTINUE
R069,H032,v3.20,25,CONTINUE
R069,H032,v3.20,50,CONTINUE
R069,H032,v3.20,100,CONTINUE
R069,H033,v3.20,5,CONTINUE
R069,H033,v3.20,25,CONTINUE
R069,H033,v3.20,50,CONTINUE
R069,H033,v3.20,100,CONTINUE
R069,H034,v3.20,5,CONTINUE
R069,H034,v3.20,25,CONTINUE
R069,H034,v3.20,50,CONTINUE
R069,H034,v3.20,100,CONTINUE
R069,H035,v3.20,5,CONTINUE
R069,H035,v3.20,25,CONTINUE
R069,H035,v3.20,50,CONTINUE
R069,H035,v3.20,100,CONTINUE
R069,H036,v3.20,5,CONTINUE
R069,H036,v3.20,25,CONTINUE
R069,H036,v3.20,50,CONTINUE
R069,H036,v3.20,100,CONTINUE
R069,H037,v3.20,5,STOP
R069,H038,v3.20,5,CONTINUE
R069,H038,v3.20,25,CONTINUE
R069,H038,v3.20,50,CONTINUE
R069,H038,v3.20,100,CONTINUE
R069,H039,v3.20,5,CONTINUE
R069,H039,v3.20,25,CONTINUE
R069,H039,v3.20,50,CONTINUE
R069,H039,v3.20,100,CONTINUE
R069,H040,v3.20,5,CONTINUE
R069,H040,v3.20,25,CONTINUE
R069,H040,v3.20,50,CONTINUE
R069,H040,v3.20,100,CONTINUE
R069,H041,v3.20,5,CONTINUE
R069,H041,v3.20,25,CONTINUE
R069,H041,v3.20,50,CONTINUE
R069,H041,v3.20,100,CONTINUE
R069,H042,v3.20,5,CONTINUE
R069,H042,v3.20,25,CONTINUE
R069,H042,v3.20,50,CONTINUE
R069,H042,v3.20,100,CONTINUE
R069,H043,v3.20,5,CONTINUE
R069,H043,v3.20,25,CONTINUE
R069,H043,v3.20,50,CONTINUE
R069,H043,v3.20,100,CONTINUE
R069,H044,v3.20,5,HOLD
R069,H045,v3.20,5,CONTINUE
R069,H045,v3.20,25,CONTINUE
R069,H045,v3.20,50,CONTINUE
R069,H045,v3.20,100,CONTINUE
R069,H046,v3.20,5,CONTINUE
R069,H046,v3.20,25,CONTINUE
R069,H046,v3.20,50,CONTINUE
R069,H046,v3.20,100,CONTINUE
R069,H047,v3.20,5,CONTINUE
R069,H047,v3.20,25,CONTINUE
R069,H047,v3.20,50,CONTINUE
R069,H047,v3.20,100,CONTINUE
R069,H048,v3.20,5,CONTINUE
R069,H048,v3.20,25,CONTINUE
R069,H048,v3.20,50,CONTINUE
R069,H048,v3.20,100,CONTINUE
R069,H049,v3.20,5,HOLD
R069,H050,v3.20,5,CONTINUE
R069,H050,v3.20,25,CONTINUE
R069,H050,v3.20,50,CONTINUE
R069,H050,v3.20,100,CONTINUE
R070,H001,v3.21,5,STOP
R070,H002,v3.21,5,STOP
R070,H003,v3.21,5,STOP
R070,H004,v3.21,5,STOP
R070,H005,v3.21,5,STOP
R070,H006,v3.21,5,HOLD
R070,H007,v3.21,5,STOP
R070,H008,v3.21,5,HOLD
R070,H009,v3.21,5,HOLD
R070,H010,v3.21,5,STOP
R070,H011,v3.21,5,STOP
R070,H012,v3.21,5,STOP
R070,H013,v3.21,5,STOP
R070,H014,v3.21,5,HOLD
R070,H015,v3.21,5,STOP
R070,H016,v3.21,5,STOP
R070,H017,v3.21,5,STOP
R070,H018,v3.21,5,STOP
R070,H019,v3.21,5,HOLD
R070,H020,v3.21,5,STOP
R070,H021,v3.21,5,STOP
R070,H022,v3.21,5,STOP
R070,H023,v3.21,5,STOP
R070,H024,v3.21,5,STOP
R070,H025,v3.21,5,STOP
R070,H026,v3.21,5,STOP
R070,H027,v3.21,5,HOLD
R070,H028,v3.21,5,STOP
R070,H029,v3.21,5,STOP
R070,H030,v3.21,5,STOP
R070,H031,v3.21,5,STOP
R070,H032,v3.21,5,STOP
R070,H033,v3.21,5,STOP
R070,H034,v3.21,5,STOP
R070,H035,v3.21,5,STOP
R070,H036,v3.21,5,HOLD
R070,H037,v3.21,5,STOP
R070,H038,v3.21,5,STOP
R070,H039,v3.21,5,STOP
R070,H040,v3.21,5,STOP
R070,H041,v3.21,5,STOP
R070,H042,v3.21,5,STOP
R070,H043,v3.21,5,STOP
R070,H044,v3.21,5,STOP
R070,H045,v3.21,5,STOP
R070,H046,v3.21,5,STOP
R070,H047,v3.21,5,HOLD
R070,H048,v3.21,5,STOP
R070,H049,v3.21,5,STOP
R070,H050,v3.21,5,STOP
R071,H001,v3.22,5,CONTINUE
R071,H001,v3.22,25,CONTINUE
R071,H001,v3.22,50,CONTINUE
R071,H001,v3.22,100,CONTINUE
R071,H002,v3.22,5,CONTINUE
R071,H002,v3.22,25,CONTINUE
R071,H002,v3.22,50,CONTINUE
R071,H002,v3.22,100,CONTINUE
R071,H003,v3.22,5,CONTINUE
R071,H003,v3.22,25,CONTINUE
R071,H003,v3.22,50,CONTINUE
R071,H003,v3.22,100,CONTINUE
R071,H004,v3.22,5,CONTINUE
R071,H004,v3.22,25,CONTINUE
R071,H004,v3.22,50,CONTINUE
R071,H004,v3.22,100,CONTINUE
R071,H005,v3.22,5,HOLD
R071,H006,v3.22,5,CONTINUE
R071,H006,v3.22,25,CONTINUE
R071,H006,v3.22,50,CONTINUE
R071,H006,v3.22,100,CONTINUE
R071,H007,v3.22,5,CONTINUE
R071,H007,v3.22,25,CONTINUE
R071,H007,v3.22,50,CONTINUE
R071,H007,v3.22,100,CONTINUE
R071,H008,v3.22,5,CONTINUE
R071,H008,v3.22,25,CONTINUE
R071,H008,v3.22,50,CONTINUE
R071,H008,v3.22,100,CONTINUE
R071,H009,v3.22,5,CONTINUE
R071,H009,v3.22,25,CONTINUE
R071,H009,v3.22,50,CONTINUE
R071,H009,v3.22,100,CONTINUE
R071,H010,v3.22,5,CONTINUE
R071,H010,v3.22,25,CONTINUE
R071,H010,v3.22,50,CONTINUE
R071,H010,v3.22,100,CONTINUE
R071,H011,v3.22,5,CONTINUE
R071,H011,v3.22,25,CONTINUE
R071,H011,v3.22,50,CONTINUE
R071,H011,v3.22,100,CONTINUE
R071,H012,v3.22,5,CONTINUE
R071,H012,v3.22,25,CONTINUE
R071,H012,v3.22,50,CONTINUE
R071,H012,v3.22,100,CONTINUE
R071,H013,v3.22,5,CONTINUE
R071,H013,v3.22,25,CONTINUE
R071,H013,v3.22,50,CONTINUE
R071,H013,v3.22,100,CONTINUE
R071,H014,v3.22,5,CONTINUE
R071,H014,v3.22,25,CONTINUE
R071,H014,v3.22,50,CONTINUE
R071,H014,v3.22,100,CONTINUE
R071,H015,v3.22,5,CONTINUE
R071,H015,v3.22,25,CONTINUE
R071,H015,v3.22,50,CONTINUE
R071,H015,v3.22,100,CONTINUE
R071,H016,v3.22,5,CONTINUE
R071,H016,v3.22,25,CONTINUE
R071,H016,v3.22,50,CONTINUE
R071,H016,v3.22,100,CONTINUE
R071,H017,v3.22,5,CONTINUE
R071,H017,v3.22,25,CONTINUE
R071,H017,v3.22,50,CONTINUE
R071,H017,v3.22,100,CONTINUE
R071,H018,v3.22,5,CONTINUE
R071,H018,v3.22,25,CONTINUE
R071,H018,v3.22,50,CONTINUE
R071,H018,v3.22,100,CONTINUE
R071,H019,v3.22,5,CONTINUE
R071,H019,v3.22,25,CONTINUE
R071,H019,v3.22,50,CONTINUE
R071,H019,v3.22,100,CONTINUE
R071,H020,v3.22,5,CONTINUE
R071,H020,v3.22,25,CONTINUE
R071,H020,v3.22,50,CONTINUE
R071,H020,v3.22,100,CONTINUE
R071,H021,v3.22,5,CONTINUE
R071,H021,v3.22,25,CONTINUE
R071,H021,v3.22,50,CONTINUE
R071,H021,v3.22,100,CONTINUE
R071,H022,v3.22,5,CONTINUE
R071,H022,v3.22,25,CONTINUE
R071,H022,v3.22,50,CONTINUE
R071,H022,v3.22,100,CONTINUE
R071,H023,v3.22,5,CONTINUE
R071,H023,v3.22,25,CONTINUE
R071,H023,v3.22,50,CONTINUE
R071,H023,v3.22,100,CONTINUE
R071,H024,v3.22,5,CONTINUE
R071,H024,v3.22,25,CONTINUE
R071,H024,v3.22,50,CONTINUE
R071,H024,v3.22,100,CONTINUE
R071,H025,v3.22,5,CONTINUE
R071,H025,v3.22,25,CONTINUE
R071,H025,v3.22,50,CONTINUE
R071,H025,v3.22,100,CONTINUE
R071,H026,v3.22,5,CONTINUE
R071,H026,v3.22,25,CONTINUE
R071,H026,v3.22,50,CONTINUE
R071,H026,v3.22,100,CONTINUE
R071,H027,v3.22,5,CONTINUE
R071,H027,v3.22,25,CONTINUE
R071,H027,v3.22,50,CONTINUE
R071,H027,v3.22,100,CONTINUE
R071,H028,v3.22,5,CONTINUE
R071,H028,v3.22,25,CONTINUE
R071,H028,v3.22,50,CONTINUE
R071,H028,v3.22,100,CONTINUE
R071,H029,v3.22,5,CONTINUE
R071,H029,v3.22,25,CONTINUE
R071,H029,v3.22,50,CONTINUE
R071,H029,v3.22,100,CONTINUE
R071,H030,v3.22,5,CONTINUE
R071,H030,v3.22,25,CONTINUE
R071,H030,v3.22,50,CONTINUE
R071,H030,v3.22,100,CONTINUE
R071,H031,v3.22,5,CONTINUE
R071,H031,v3.22,25,CONTINUE
R071,H031,v3.22,50,CONTINUE
R071,H031,v3.22,100,CONTINUE
R071,H032,v3.22,5,CONTINUE
R071,H032,v3.22,25,CONTINUE
R071,H032,v3.22,50,CONTINUE
R071,H032,v3.22,100,CONTINUE
R071,H033,v3.22,5,CONTINUE
R071,H033,v3.22,25,CONTINUE
R071,H033,v3.22,50,CONTINUE
R071,H033,v3.22,100,CONTINUE
R071,H034,v3.22,5,CONTINUE
R071,H034,v3.22,25,CONTINUE
R071,H034,v3.22,50,CONTINUE
R071,H034,v3.22,100,CONTINUE
R071,H035,v3.22,5,CONTINUE
R071,H035,v3.22,25,CONTINUE
R071,H035,v3.22,50,CONTINUE
R071,H035,v3.22,100,CONTINUE
R071,H036,v3.22,5,CONTINUE
R071,H036,v3.22,25,CONTINUE
R071,H036,v3.22,50,CONTINUE
R071,H036,v3.22,100,CONTINUE
R071,H037,v3.22,5,CONTINUE
R071,H037,v3.22,25,CONTINUE
R071,H037,v3.22,50,CONTINUE
R071,H037,v3.22,100,CONTINUE
R071,H038,v3.22,5,CONTINUE
R071,H038,v3.22,25,CONTINUE
R071,H038,v3.22,50,CONTINUE
R071,H038,v3.22,100,CONTINUE
R071,H039,v3.22,5,CONTINUE
R071,H039,v3.22,25,CONTINUE
R071,H039,v3.22,50,CONTINUE
R071,H039,v3.22,100,CONTINUE
R071,H040,v3.22,5,CONTINUE
R071,H040,v3.22,25,CONTINUE
R071,H040,v3.22,50,CONTINUE
R071,H040,v3.22,100,CONTINUE
R071,H041,v3.22,5,CONTINUE
R071,H041,v3.22,25,CONTINUE
R071,H041,v3.22,50,CONTINUE
R071,H041,v3.22,100,CONTINUE
R071,H042,v3.22,5,CONTINUE
R071,H042,v3.22,25,CONTINUE
R071,H042,v3.22,50,CONTINUE
R071,H042,v3.22,100,CONTINUE
R071,H043,v3.22,5,CONTINUE
R071,H043,v3.22,25,CONTINUE
R071,H043,v3.22,50,CONTINUE
R071,H043,v3.22,100,CONTINUE
R071,H044,v3.22,5,CONTINUE
R071,H044,v3.22,25,CONTINUE
R071,H044,v3.22,50,CONTINUE
R071,H044,v3.22,100,CONTINUE
R071,H045,v3.22,5,CONTINUE
R071,H045,v3.22,25,CONTINUE
R071,H045,v3.22,50,CONTINUE
R071,H045,v3.22,100,CONTINUE
R071,H046,v3.22,5,CONTINUE
R071,H046,v3.22,25,CONTINUE
R071,H046,v3.22,50,CONTINUE
R071,H046,v3.22,100,CONTINUE
R071,H047,v3.22,5,CONTINUE
R071,H047,v3.22,25,CONTINUE
R071,H047,v3.22,50,CONTINUE
R071,H047,v3.22,100,CONTINUE
R071,H048,v3.22,5,CONTINUE
R071,H048,v3.22,25,CONTINUE
R071,H048,v3.22,50,CONTINUE
R071,H048,v3.22,100,CONTINUE
R071,H049,v3.22,5,CONTINUE
R071,H049,v3.22,25,CONTINUE
R071,H049,v3.22,50,CONTINUE
R071,H049,v3.22,100,CONTINUE
R071,H050,v3.22,5,HOLD
R072,H001,v3.23,5,STOP
R072,H002,v3.23,5,STOP
R072,H003,v3.23,5,STOP
R072,H004,v3.23,5,STOP
R072,H005,v3.23,5,STOP
R072,H006,v3.23,5,STOP
R072,H007,v3.23,5,STOP
R072,H008,v3.23,5,STOP
R072,H009,v3.23,5,STOP
R072,H010,v3.23,5,STOP
R072,H011,v3.23,5,STOP
R072,H012,v3.23,5,STOP
R072,H013,v3.23,5,STOP
R072,H014,v3.23,5,STOP
R072,H015,v3.23,5,STOP
R072,H016,v3.23,5,STOP
R072,H017,v3.23,5,STOP
R072,H018,v3.23,5,STOP
R072,H019,v3.23,5,HOLD
R072,H020,v3.23,5,STOP
R072,H021,v3.23,5,STOP
R072,H022,v3.23,5,STOP
R072,H023,v3.23,5,STOP
R072,H024,v3.23,5,STOP
R072,H025,v3.23,5,STOP
R072,H026,v3.23,5,STOP
R072,H027,v3.23,5,STOP
R072,H028,v3.23,5,STOP
R072,H029,v3.23,5,STOP
R072,H030,v3.23,5,STOP
R072,H031,v3.23,5,STOP
R072,H032,v3.23,5,STOP
R072,H033,v3.23,5,STOP
R072,H034,v3.23,5,STOP
R072,H035,v3.23,5,HOLD
R072,H036,v3.23,5,STOP
R072,H037,v3.23,5,STOP
R072,H038,v3.23,5,STOP
R072,H039,v3.23,5,STOP
R072,H040,v3.23,5,STOP
R072,H041,v3.23,5,STOP
R072,H042,v3.23,5,STOP
R072,H043,v3.23,5,STOP
R072,H044,v3.23,5,STOP
R072,H045,v3.23,5,STOP
R072,H046,v3.23,5,HOLD
R072,H047,v3.23,5,STOP
R072,H048,v3.23,5,STOP
R072,H049,v3.23,5,STOP
R072,H050,v3.23,5,STOP
R073,H001,v3.24,5,HOLD
R073,H002,v3.24,5,CONTINUE
R073,H002,v3.24,25,CONTINUE
R073,H002,v3.24,50,CONTINUE
R073,H002,v3.24,100,CONTINUE
R073,H003,v3.24,5,CONTINUE
R073,H003,v3.24,25,CONTINUE
R073,H003,v3.24,50,CONTINUE
R073,H003,v3.24,100,CONTINUE
R073,H004,v3.24,5,CONTINUE
R073,H004,v3.24,25,CONTINUE
R073,H004,v3.24,50,CONTINUE
R073,H004,v3.24,100,CONTINUE
R073,H005,v3.24,5,CONTINUE
R073,H005,v3.24,25,CONTINUE
R073,H005,v3.24,50,CONTINUE
R073,H005,v3.24,100,CONTINUE
R073,H006,v3.24,5,CONTINUE
R073,H006,v3.24,25,CONTINUE
R073,H006,v3.24,50,CONTINUE
R073,H006,v3.24,100,CONTINUE
R073,H007,v3.24,5,HOLD
R073,H008,v3.24,5,CONTINUE
R073,H008,v3.24,25,CONTINUE
R073,H008,v3.24,50,CONTINUE
R073,H008,v3.24,100,CONTINUE
R073,H009,v3.24,5,STOP
R073,H010,v3.24,5,CONTINUE
R073,H010,v3.24,25,CONTINUE
R073,H010,v3.24,50,CONTINUE
R073,H010,v3.24,100,CONTINUE
R073,H011,v3.24,5,CONTINUE
R073,H011,v3.24,25,CONTINUE
R073,H011,v3.24,50,CONTINUE
R073,H011,v3.24,100,CONTINUE
R073,H012,v3.24,5,STOP
R073,H013,v3.24,5,CONTINUE
R073,H013,v3.24,25,CONTINUE
R073,H013,v3.24,50,CONTINUE
R073,H013,v3.24,100,CONTINUE
R073,H014,v3.24,5,CONTINUE
R073,H014,v3.24,25,CONTINUE
R073,H014,v3.24,50,CONTINUE
R073,H014,v3.24,100,CONTINUE
R073,H015,v3.24,5,CONTINUE
R073,H015,v3.24,25,CONTINUE
R073,H015,v3.24,50,CONTINUE
R073,H015,v3.24,100,CONTINUE
R073,H016,v3.24,5,CONTINUE
R073,H016,v3.24,25,CONTINUE
R073,H016,v3.24,50,CONTINUE
R073,H016,v3.24,100,CONTINUE
R073,H017,v3.24,5,CONTINUE
R073,H017,v3.24,25,CONTINUE
R073,H017,v3.24,50,CONTINUE
R073,H017,v3.24,100,CONTINUE
R073,H018,v3.24,5,CONTINUE
R073,H018,v3.24,25,CONTINUE
R073,H018,v3.24,50,CONTINUE
R073,H018,v3.24,100,CONTINUE
R073,H019,v3.24,5,CONTINUE
R073,H019,v3.24,25,CONTINUE
R073,H019,v3.24,50,CONTINUE
R073,H019,v3.24,100,CONTINUE
R073,H020,v3.24,5,CONTINUE
R073,H020,v3.24,25,CONTINUE
R073,H020,v3.24,50,CONTINUE
R073,H020,v3.24,100,CONTINUE
R073,H021,v3.24,5,CONTINUE
R073,H021,v3.24,25,CONTINUE
R073,H021,v3.24,50,CONTINUE
R073,H021,v3.24,100,CONTINUE
R073,H022,v3.24,5,CONTINUE
R073,H022,v3.24,25,CONTINUE
R073,H022,v3.24,50,CONTINUE
R073,H022,v3.24,100,CONTINUE
R073,H023,v3.24,5,CONTINUE
R073,H023,v3.24,25,CONTINUE
R073,H023,v3.24,50,CONTINUE
R073,H023,v3.24,100,CONTINUE
R073,H024,v3.24,5,CONTINUE
R073,H024,v3.24,25,CONTINUE
R073,H024,v3.24,50,CONTINUE
R073,H024,v3.24,100,CONTINUE
R073,H025,v3.24,5,CONTINUE
R073,H025,v3.24,25,CONTINUE
R073,H025,v3.24,50,CONTINUE
R073,H025,v3.24,100,CONTINUE
R073,H026,v3.24,5,CONTINUE
R073,H026,v3.24,25,CONTINUE
R073,H026,v3.24,50,CONTINUE
R073,H026,v3.24,100,CONTINUE
R073,H027,v3.24,5,CONTINUE
R073,H027,v3.24,25,CONTINUE
R073,H027,v3.24,50,CONTINUE
R073,H027,v3.24,100,CONTINUE
R073,H028,v3.24,5,CONTINUE
R073,H028,v3.24,25,CONTINUE
R073,H028,v3.24,50,CONTINUE
R073,H028,v3.24,100,CONTINUE
R073,H029,v3.24,5,CONTINUE
R073,H029,v3.24,25,CONTINUE
R073,H029,v3.24,50,CONTINUE
R073,H029,v3.24,100,CONTINUE
R073,H030,v3.24,5,HOLD
R073,H031,v3.24,5,CONTINUE
R073,H031,v3.24,25,CONTINUE
R073,H031,v3.24,50,CONTINUE
R073,H031,v3.24,100,CONTINUE
R073,H032,v3.24,5,CONTINUE
R073,H032,v3.24,25,CONTINUE
R073,H032,v3.24,50,CONTINUE
R073,H032,v3.24,100,CONTINUE
R073,H033,v3.24,5,CONTINUE
R073,H033,v3.24,25,CONTINUE
R073,H033,v3.24,50,CONTINUE
R073,H033,v3.24,100,CONTINUE
R073,H034,v3.24,5,CONTINUE
R073,H034,v3.24,25,CONTINUE
R073,H034,v3.24,50,CONTINUE
R073,H034,v3.24,100,CONTINUE
R073,H035,v3.24,5,CONTINUE
R073,H035,v3.24,25,CONTINUE
R073,H035,v3.24,50,CONTINUE
R073,H035,v3.24,100,CONTINUE
R073,H036,v3.24,5,CONTINUE
R073,H036,v3.24,25,CONTINUE
R073,H036,v3.24,50,CONTINUE
R073,H036,v3.24,100,CONTINUE
R073,H037,v3.24,5,CONTINUE
R073,H037,v3.24,25,CONTINUE
R073,H037,v3.24,50,CONTINUE
R073,H037,v3.24,100,CONTINUE
R073,H038,v3.24,5,HOLD
R073,H039,v3.24,5,CONTINUE
R073,H039,v3.24,25,CONTINUE
R073,H039,v3.24,50,CONTINUE
R073,H039,v3.24,100,CONTINUE
R073,H040,v3.24,5,CONTINUE
R073,H040,v3.24,25,CONTINUE
R073,H040,v3.24,50,CONTINUE
R073,H040,v3.24,100,CONTINUE
R073,H041,v3.24,5,CONTINUE
R073,H041,v3.24,25,CONTINUE
R073,H041,v3.24,50,CONTINUE
R073,H041,v3.24,100,CONTINUE
R073,H042,v3.24,5,CONTINUE
R073,H042,v3.24,25,CONTINUE
R073,H042,v3.24,50,CONTINUE
R073,H042,v3.24,100,CONTINUE
R073,H043,v3.24,5,CONTINUE
R073,H043,v3.24,25,CONTINUE
R073,H043,v3.24,50,CONTINUE
R073,H043,v3.24,100,CONTINUE
R073,H044,v3.24,5,CONTINUE
R073,H044,v3.24,25,CONTINUE
R073,H044,v3.24,50,CONTINUE
R073,H044,v3.24,100,CONTINUE
R073,H045,v3.24,5,STOP
R073,H046,v3.24,5,CONTINUE
R073,H046,v3.24,25,CONTINUE
R073,H046,v3.24,50,CONTINUE
R073,H046,v3.24,100,CONTINUE
R073,H047,v3.24,5,CONTINUE
R073,H047,v3.24,25,CONTINUE
R073,H047,v3.24,50,CONTINUE
R073,H047,v3.24,100,CONTINUE
R073,H048,v3.24,5,CONTINUE
R073,H048,v3.24,25,CONTINUE
R073,H048,v3.24,50,CONTINUE
R073,H048,v3.24,100,CONTINUE
R073,H049,v3.24,5,CONTINUE
R073,H049,v3.24,25,CONTINUE
R073,H049,v3.24,50,CONTINUE
R073,H049,v3.24,100,CONTINUE
R073,H050,v3.24,5,CONTINUE
R073,H050,v3.24,25,CONTINUE
R073,H050,v3.24,50,CONTINUE
R073,H050,v3.24,100,CONTINUE
R074,H001,v3.25,5,CONTINUE
R074,H001,v3.25,25,CONTINUE
R074,H001,v3.25,50,CONTINUE
R074,H001,v3.25,100,CONTINUE
R074,H002,v3.25,5,CONTINUE
R074,H002,v3.25,25,CONTINUE
R074,H002,v3.25,50,CONTINUE
R074,H002,v3.25,100,CONTINUE
R074,H003,v3.25,5,CONTINUE
R074,H003,v3.25,25,CONTINUE
R074,H003,v3.25,50,CONTINUE
R074,H003,v3.25,100,CONTINUE
R074,H004,v3.25,5,CONTINUE
R074,H004,v3.25,25,CONTINUE
R074,H004,v3.25,50,CONTINUE
R074,H004,v3.25,100,CONTINUE
R074,H005,v3.25,5,CONTINUE
R074,H005,v3.25,25,CONTINUE
R074,H005,v3.25,50,CONTINUE
R074,H005,v3.25,100,CONTINUE
R074,H006,v3.25,5,CONTINUE
R074,H006,v3.25,25,CONTINUE
R074,H006,v3.25,50,CONTINUE
R074,H006,v3.25,100,CONTINUE
R074,H007,v3.25,5,CONTINUE
R074,H007,v3.25,25,CONTINUE
R074,H007,v3.25,50,CONTINUE
R074,H007,v3.25,100,CONTINUE
R074,H008,v3.25,5,CONTINUE
R074,H008,v3.25,25,CONTINUE
R074,H008,v3.25,50,CONTINUE
R074,H008,v3.25,100,CONTINUE
R074,H009,v3.25,5,CONTINUE
R074,H009,v3.25,25,CONTINUE
R074,H009,v3.25,50,CONTINUE
R074,H009,v3.25,100,CONTINUE
R074,H010,v3.25,5,CONTINUE
R074,H010,v3.25,25,CONTINUE
R074,H010,v3.25,50,CONTINUE
R074,H010,v3.25,100,CONTINUE
R074,H011,v3.25,5,CONTINUE
R074,H011,v3.25,25,CONTINUE
R074,H011,v3.25,50,CONTINUE
R074,H011,v3.25,100,CONTINUE
R074,H012,v3.25,5,CONTINUE
R074,H012,v3.25,25,CONTINUE
R074,H012,v3.25,50,CONTINUE
R074,H012,v3.25,100,CONTINUE
R074,H013,v3.25,5,CONTINUE
R074,H013,v3.25,25,CONTINUE
R074,H013,v3.25,50,CONTINUE
R074,H013,v3.25,100,CONTINUE
R074,H014,v3.25,5,CONTINUE
R074,H014,v3.25,25,CONTINUE
R074,H014,v3.25,50,CONTINUE
R074,H014,v3.25,100,CONTINUE
R074,H015,v3.25,5,CONTINUE
R074,H015,v3.25,25,CONTINUE
R074,H015,v3.25,50,CONTINUE
R074,H015,v3.25,100,CONTINUE
R074,H016,v3.25,5,CONTINUE
R074,H016,v3.25,25,CONTINUE
R074,H016,v3.25,50,CONTINUE
R074,H016,v3.25,100,CONTINUE
R074,H017,v3.25,5,HOLD
R074,H018,v3.25,5,CONTINUE
R074,H018,v3.25,25,CONTINUE
R074,H018,v3.25,50,CONTINUE
R074,H018,v3.25,100,CONTINUE
R074,H019,v3.25,5,CONTINUE
R074,H019,v3.25,25,CONTINUE
R074,H019,v3.25,50,CONTINUE
R074,H019,v3.25,100,CONTINUE
R074,H020,v3.25,5,CONTINUE
R074,H020,v3.25,25,CONTINUE
R074,H020,v3.25,50,CONTINUE
R074,H020,v3.25,100,CONTINUE
R074,H021,v3.25,5,CONTINUE
R074,H021,v3.25,25,CONTINUE
R074,H021,v3.25,50,CONTINUE
R074,H021,v3.25,100,CONTINUE
R074,H022,v3.25,5,CONTINUE
R074,H022,v3.25,25,CONTINUE
R074,H022,v3.25,50,CONTINUE
R074,H022,v3.25,100,CONTINUE
R074,H023,v3.25,5,CONTINUE
R074,H023,v3.25,25,CONTINUE
R074,H023,v3.25,50,CONTINUE
R074,H023,v3.25,100,CONTINUE
R074,H024,v3.25,5,CONTINUE
R074,H024,v3.25,25,CONTINUE
R074,H024,v3.25,50,CONTINUE
R074,H024,v3.25,100,CONTINUE
R074,H025,v3.25,5,CONTINUE
R074,H025,v3.25,25,CONTINUE
R074,H025,v3.25,50,CONTINUE
R074,H025,v3.25,100,CONTINUE
R074,H026,v3.25,5,CONTINUE
R074,H026,v3.25,25,CONTINUE
R074,H026,v3.25,50,CONTINUE
R074,H026,v3.25,100,CONTINUE
R074,H027,v3.25,5,CONTINUE
R074,H027,v3.25,25,CONTINUE
R074,H027,v3.25,50,CONTINUE
R074,H027,v3.25,100,CONTINUE
R074,H028,v3.25,5,CONTINUE
R074,H028,v3.25,25,CONTINUE
R074,H028,v3.25,50,CONTINUE
R074,H028,v3.25,100,CONTINUE
R074,H029,v3.25,5,CONTINUE
R074,H029,v3.25,25,CONTINUE
R074,H029,v3.25,50,CONTINUE
R074,H029,v3.25,100,CONTINUE
R074,H030,v3.25,5,CONTINUE
R074,H030,v3.25,25,CONTINUE
R074,H030,v3.25,50,CONTINUE
R074,H030,v3.25,100,CONTINUE
R074,H031,v3.25,5,CONTINUE
R074,H031,v3.25,25,CONTINUE
R074,H031,v3.25,50,CONTINUE
R074,H031,v3.25,100,CONTINUE
R074,H032,v3.25,5,CONTINUE
R074,H032,v3.25,25,CONTINUE
R074,H032,v3.25,50,CONTINUE
R074,H032,v3.25,100,CONTINUE
R074,H033,v3.25,5,CONTINUE
R074,H033,v3.25,25,CONTINUE
R074,H033,v3.25,50,CONTINUE
R074,H033,v3.25,100,CONTINUE
R074,H034,v3.25,5,CONTINUE
R074,H034,v3.25,25,CONTINUE
R074,H034,v3.25,50,CONTINUE
R074,H034,v3.25,100,CONTINUE
R074,H035,v3.25,5,STOP
R074,H036,v3.25,5,CONTINUE
R074,H036,v3.25,25,CONTINUE
R074,H036,v3.25,50,CONTINUE
R074,H036,v3.25,100,CONTINUE
R074,H037,v3.25,5,CONTINUE
R074,H037,v3.25,25,CONTINUE
R074,H037,v3.25,50,CONTINUE
R074,H037,v3.25,100,CONTINUE
R074,H038,v3.25,5,CONTINUE
R074,H038,v3.25,25,CONTINUE
R074,H038,v3.25,50,CONTINUE
R074,H038,v3.25,100,CONTINUE
R074,H039,v3.25,5,CONTINUE
R074,H039,v3.25,25,CONTINUE
R074,H039,v3.25,50,CONTINUE
R074,H039,v3.25,100,CONTINUE
R074,H040,v3.25,5,STOP
R074,H041,v3.25,5,CONTINUE
R074,H041,v3.25,25,CONTINUE
R074,H041,v3.25,50,CONTINUE
R074,H041,v3.25,100,CONTINUE
R074,H042,v3.25,5,CONTINUE
R074,H042,v3.25,25,CONTINUE
R074,H042,v3.25,50,CONTINUE
R074,H042,v3.25,100,CONTINUE
R074,H043,v3.25,5,CONTINUE
R074,H043,v3.25,25,CONTINUE
R074,H043,v3.25,50,CONTINUE
R074,H043,v3.25,100,CONTINUE
R074,H044,v3.25,5,CONTINUE
R074,H044,v3.25,25,CONTINUE
R074,H044,v3.25,50,CONTINUE
R074,H044,v3.25,100,CONTINUE
R074,H045,v3.25,5,CONTINUE
R074,H045,v3.25,25,CONTINUE
R074,H045,v3.25,50,CONTINUE
R074,H045,v3.25,100,CONTINUE
R074,H046,v3.25,5,CONTINUE
R074,H046,v3.25,25,CONTINUE
R074,H046,v3.25,50,CONTINUE
R074,H046,v3.25,100,CONTINUE
R074,H047,v3.25,5,CONTINUE
R074,H047,v3.25,25,CONTINUE
R074,H047,v3.25,50,CONTINUE
R074,H047,v3.25,100,CONTINUE
R074,H048,v3.25,5,CONTINUE
R074,H048,v3.25,25,CONTINUE
R074,H048,v3.25,50,CONTINUE
R074,H048,v3.25,100,CONTINUE
R074,H049,v3.25,5,CONTINUE
R074,H049,v3.25,25,CONTINUE
R074,H049,v3.25,50,CONTINUE
R074,H049,v3.25,100,CONTINUE
R074,H050,v3.25,5,CONTINUE
R074,H050,v3.25,25,CONTINUE
R074,H050,v3.25,50,CONTINUE
R074,H050,v3.25,100,CONTINUE
R075,H001,v3.26,5,CONTINUE
R075,H001,v3.26,25,CONTINUE
R075,H001,v3.26,50,CONTINUE
R075,H001,v3.26,100,CONTINUE
R075,H002,v3.26,5,CONTINUE
R075,H002,v3.26,25,CONTINUE
R075,H002,v3.26,50,CONTINUE
R075,H002,v3.26,100,CONTINUE
R075,H003,v3.26,5,CONTINUE
R075,H003,v3.26,25,CONTINUE
R075,H003,v3.26,50,CONTINUE
R075,H003,v3.26,100,CONTINUE
R075,H004,v3.26,5,CONTINUE
R075,H004,v3.26,25,CONTINUE
R075,H004,v3.26,50,CONTINUE
R075,H004,v3.26,100,CONTINUE
R075,H005,v3.26,5,CONTINUE
R075,H005,v3.26,25,CONTINUE
R075,H005,v3.26,50,CONTINUE
R075,H005,v3.26,100,CONTINUE
R075,H006,v3.26,5,CONTINUE
R075,H006,v3.26,25,CONTINUE
R075,H006,v3.26,50,CONTINUE
R075,H006,v3.26,100,CONTINUE
R075,H007,v3.26,5,STOP
R075,H008,v3.26,5,CONTINUE
R075,H008,v3.26,25,CONTINUE
R075,H008,v3.26,50,CONTINUE
R075,H008,v3.26,100,CONTINUE
R075,H009,v3.26,5,CONTINUE
R075,H009,v3.26,25,CONTINUE
R075,H009,v3.26,50,CONTINUE
R075,H009,v3.26,100,CONTINUE
R075,H010,v3.26,5,CONTINUE
R075,H010,v3.26,25,CONTINUE
R075,H010,v3.26,50,CONTINUE
R075,H010,v3.26,100,CONTINUE
R075,H011,v3.26,5,CONTINUE
R075,H011,v3.26,25,CONTINUE
R075,H011,v3.26,50,CONTINUE
R075,H011,v3.26,100,CONTINUE
R075,H012,v3.26,5,CONTINUE
R075,H012,v3.26,25,CONTINUE
R075,H012,v3.26,50,CONTINUE
R075,H012,v3.26,100,CONTINUE
R075,H013,v3.26,5,CONTINUE
R075,H013,v3.26,25,CONTINUE
R075,H013,v3.26,50,CONTINUE
R075,H013,v3.26,100,CONTINUE
R075,H014,v3.26,5,HOLD
R075,H015,v3.26,5,CONTINUE
R075,H015,v3.26,25,CONTINUE
R075,H015,v3.26,50,CONTINUE
R075,H015,v3.26,100,CONTINUE
R075,H016,v3.26,5,STOP
R075,H017,v3.26,5,CONTINUE
R075,H017,v3.26,25,CONTINUE
R075,H017,v3.26,50,CONTINUE
R075,H017,v3.26,100,CONTINUE
R075,H018,v3.26,5,CONTINUE
R075,H018,v3.26,25,CONTINUE
R075,H018,v3.26,50,CONTINUE
R075,H018,v3.26,100,CONTINUE
R075,H019,v3.26,5,CONTINUE
R075,H019,v3.26,25,CONTINUE
R075,H019,v3.26,50,CONTINUE
R075,H019,v3.26,100,CONTINUE
R075,H020,v3.26,5,CONTINUE
R075,H020,v3.26,25,CONTINUE
R075,H020,v3.26,50,CONTINUE
R075,H020,v3.26,100,CONTINUE
R075,H021,v3.26,5,HOLD
R075,H022,v3.26,5,CONTINUE
R075,H022,v3.26,25,CONTINUE
R075,H022,v3.26,50,CONTINUE
R075,H022,v3.26,100,CONTINUE
R075,H023,v3.26,5,CONTINUE
R075,H023,v3.26,25,CONTINUE
R075,H023,v3.26,50,CONTINUE
R075,H023,v3.26,100,CONTINUE
R075,H024,v3.26,5,CONTINUE
R075,H024,v3.26,25,CONTINUE
R075,H024,v3.26,50,CONTINUE
R075,H024,v3.26,100,CONTINUE
R075,H025,v3.26,5,CONTINUE
R075,H025,v3.26,25,CONTINUE
R075,H025,v3.26,50,CONTINUE
R075,H025,v3.26,100,CONTINUE
R075,H026,v3.26,5,CONTINUE
R075,H026,v3.26,25,CONTINUE
R075,H026,v3.26,50,CONTINUE
R075,H026,v3.26,100,CONTINUE
R075,H027,v3.26,5,CONTINUE
R075,H027,v3.26,25,CONTINUE
R075,H027,v3.26,50,CONTINUE
R075,H027,v3.26,100,CONTINUE
R075,H028,v3.26,5,CONTINUE
R075,H028,v3.26,25,CONTINUE
R075,H028,v3.26,50,CONTINUE
R075,H028,v3.26,100,CONTINUE
R075,H029,v3.26,5,CONTINUE
R075,H029,v3.26,25,CONTINUE
R075,H029,v3.26,50,CONTINUE
R075,H029,v3.26,100,CONTINUE
R075,H030,v3.26,5,CONTINUE
R075,H030,v3.26,25,CONTINUE
R075,H030,v3.26,50,CONTINUE
R075,H030,v3.26,100,CONTINUE
R075,H031,v3.26,5,CONTINUE
R075,H031,v3.26,25,CONTINUE
R075,H031,v3.26,50,CONTINUE
R075,H031,v3.26,100,CONTINUE
R075,H032,v3.26,5,STOP
R075,H033,v3.26,5,CONTINUE
R075,H033,v3.26,25,CONTINUE
R075,H033,v3.26,50,CONTINUE
R075,H033,v3.26,100,CONTINUE
R075,H034,v3.26,5,CONTINUE
R075,H034,v3.26,25,CONTINUE
R075,H034,v3.26,50,CONTINUE
R075,H034,v3.26,100,CONTINUE
R075,H035,v3.26,5,HOLD
R075,H036,v3.26,5,CONTINUE
R075,H036,v3.26,25,CONTINUE
R075,H036,v3.26,50,CONTINUE
R075,H036,v3.26,100,CONTINUE
R075,H037,v3.26,5,HOLD
R075,H038,v3.26,5,CONTINUE
R075,H038,v3.26,25,CONTINUE
R075,H038,v3.26,50,CONTINUE
R075,H038,v3.26,100,CONTINUE
R075,H039,v3.26,5,CONTINUE
R075,H039,v3.26,25,CONTINUE
R075,H039,v3.26,50,CONTINUE
R075,H039,v3.26,100,CONTINUE
R075,H040,v3.26,5,CONTINUE
R075,H040,v3.26,25,CONTINUE
R075,H040,v3.26,50,CONTINUE
R075,H040,v3.26,100,CONTINUE
R075,H041,v3.26,5,CONTINUE
R075,H041,v3.26,25,CONTINUE
R075,H041,v3.26,50,CONTINUE
R075,H041,v3.26,100,CONTINUE
R075,H042,v3.26,5,CONTINUE
R075,H042,v3.26,25,CONTINUE
R075,H042,v3.26,50,CONTINUE
R075,H042,v3.26,100,CONTINUE
R075,H043,v3.26,5,CONTINUE
R075,H043,v3.26,25,CONTINUE
R075,H043,v3.26,50,CONTINUE
R075,H043,v3.26,100,CONTINUE
R075,H044,v3.26,5,CONTINUE
R075,H044,v3.26,25,CONTINUE
R075,H044,v3.26,50,CONTINUE
R075,H044,v3.26,100,CONTINUE
R075,H045,v3.26,5,CONTINUE
R075,H045,v3.26,25,CONTINUE
R075,H045,v3.26,50,CONTINUE
R075,H045,v3.26,100,CONTINUE
R075,H046,v3.26,5,CONTINUE
R075,H046,v3.26,25,CONTINUE
R075,H046,v3.26,50,CONTINUE
R075,H046,v3.26,100,CONTINUE
R075,H047,v3.26,5,CONTINUE
R075,H047,v3.26,25,CONTINUE
R075,H047,v3.26,50,CONTINUE
R075,H047,v3.26,100,CONTINUE
R075,H048,v3.26,5,CONTINUE
R075,H048,v3.26,25,CONTINUE
R075,H048,v3.26,50,CONTINUE
R075,H048,v3.26,100,CONTINUE
R075,H049,v3.26,5,CONTINUE
R075,H049,v3.26,25,CONTINUE
R075,H049,v3.26,50,CONTINUE
R075,H049,v3.26,100,CONTINUE
R075,H050,v3.26,5,CONTINUE
R075,H050,v3.26,25,CONTINUE
R075,H050,v3.26,50,CONTINUE
R075,H050,v3.26,100,CONTINUE
R076,H001,v3.27,5,STOP
R076,H002,v3.27,5,CONTINUE
R076,H002,v3.27,25,CONTINUE
R076,H002,v3.27,50,CONTINUE
R076,H002,v3.27,100,CONTINUE
R076,H003,v3.27,5,CONTINUE
R076,H003,v3.27,25,CONTINUE
R076,H003,v3.27,50,CONTINUE
R076,H003,v3.27,100,CONTINUE
R076,H004,v3.27,5,CONTINUE
R076,H004,v3.27,25,CONTINUE
R076,H004,v3.27,50,CONTINUE
R076,H004,v3.27,100,CONTINUE
R076,H005,v3.27,5,CONTINUE
R076,H005,v3.27,25,CONTINUE
R076,H005,v3.27,50,CONTINUE
R076,H005,v3.27,100,CONTINUE
R076,H006,v3.27,5,CONTINUE
R076,H006,v3.27,25,CONTINUE
R076,H006,v3.27,50,CONTINUE
R076,H006,v3.27,100,CONTINUE
R076,H007,v3.27,5,CONTINUE
R076,H007,v3.27,25,CONTINUE
R076,H007,v3.27,50,CONTINUE
R076,H007,v3.27,100,CONTINUE
R076,H008,v3.27,5,CONTINUE
R076,H008,v3.27,25,CONTINUE
R076,H008,v3.27,50,CONTINUE
R076,H008,v3.27,100,CONTINUE
R076,H009,v3.27,5,HOLD
R076,H010,v3.27,5,CONTINUE
R076,H010,v3.27,25,CONTINUE
R076,H010,v3.27,50,CONTINUE
R076,H010,v3.27,100,CONTINUE
R076,H011,v3.27,5,CONTINUE
R076,H011,v3.27,25,CONTINUE
R076,H011,v3.27,50,CONTINUE
R076,H011,v3.27,100,CONTINUE
R076,H012,v3.27,5,CONTINUE
R076,H012,v3.27,25,CONTINUE
R076,H012,v3.27,50,CONTINUE
R076,H012,v3.27,100,CONTINUE
R076,H013,v3.27,5,CONTINUE
R076,H013,v3.27,25,CONTINUE
R076,H013,v3.27,50,CONTINUE
R076,H013,v3.27,100,CONTINUE
R076,H014,v3.27,5,STOP
R076,H015,v3.27,5,CONTINUE
R076,H015,v3.27,25,CONTINUE
R076,H015,v3.27,50,CONTINUE
R076,H015,v3.27,100,CONTINUE
R076,H016,v3.27,5,CONTINUE
R076,H016,v3.27,25,CONTINUE
R076,H016,v3.27,50,CONTINUE
R076,H016,v3.27,100,CONTINUE
R076,H017,v3.27,5,CONTINUE
R076,H017,v3.27,25,CONTINUE
R076,H017,v3.27,50,CONTINUE
R076,H017,v3.27,100,CONTINUE
R076,H018,v3.27,5,CONTINUE
R076,H018,v3.27,25,CONTINUE
R076,H018,v3.27,50,CONTINUE
R076,H018,v3.27,100,CONTINUE
R076,H019,v3.27,5,CONTINUE
R076,H019,v3.27,25,CONTINUE
R076,H019,v3.27,50,CONTINUE
R076,H019,v3.27,100,CONTINUE
R076,H020,v3.27,5,CONTINUE
R076,H020,v3.27,25,CONTINUE
R076,H020,v3.27,50,CONTINUE
R076,H020,v3.27,100,CONTINUE
R076,H021,v3.27,5,CONTINUE
R076,H021,v3.27,25,CONTINUE
R076,H021,v3.27,50,CONTINUE
R076,H021,v3.27,100,CONTINUE
R076,H022,v3.27,5,CONTINUE
R076,H022,v3.27,25,CONTINUE
R076,H022,v3.27,50,CONTINUE
R076,H022,v3.27,100,CONTINUE
R076,H023,v3.27,5,CONTINUE
R076,H023,v3.27,25,CONTINUE
R076,H023,v3.27,50,CONTINUE
R076,H023,v3.27,100,CONTINUE
R076,H024,v3.27,5,CONTINUE
R076,H024,v3.27,25,CONTINUE
R076,H024,v3.27,50,CONTINUE
R076,H024,v3.27,100,CONTINUE
R076,H025,v3.27,5,CONTINUE
R076,H025,v3.27,25,CONTINUE
R076,H025,v3.27,50,CONTINUE
R076,H025,v3.27,100,CONTINUE
R076,H026,v3.27,5,CONTINUE
R076,H026,v3.27,25,CONTINUE
R076,H026,v3.27,50,CONTINUE
R076,H026,v3.27,100,CONTINUE
R076,H027,v3.27,5,CONTINUE
R076,H027,v3.27,25,CONTINUE
R076,H027,v3.27,50,CONTINUE
R076,H027,v3.27,100,CONTINUE
R076,H028,v3.27,5,CONTINUE
R076,H028,v3.27,25,CONTINUE
R076,H028,v3.27,50,CONTINUE
R076,H028,v3.27,100,CONTINUE
R076,H029,v3.27,5,CONTINUE
R076,H029,v3.27,25,CONTINUE
R076,H029,v3.27,50,CONTINUE
R076,H029,v3.27,100,CONTINUE
R076,H030,v3.27,5,CONTINUE
R076,H030,v3.27,25,CONTINUE
R076,H030,v3.27,50,CONTINUE
R076,H030,v3.27,100,CONTINUE
R076,H031,v3.27,5,CONTINUE
R076,H031,v3.27,25,CONTINUE
R076,H031,v3.27,50,CONTINUE
R076,H031,v3.27,100,CONTINUE
R076,H032,v3.27,5,CONTINUE
R076,H032,v3.27,25,CONTINUE
R076,H032,v3.27,50,CONTINUE
R076,H032,v3.27,100,CONTINUE
R076,H033,v3.27,5,CONTINUE
R076,H033,v3.27,25,CONTINUE
R076,H033,v3.27,50,CONTINUE
R076,H033,v3.27,100,CONTINUE
R076,H034,v3.27,5,CONTINUE
R076,H034,v3.27,25,CONTINUE
R076,H034,v3.27,50,CONTINUE
R076,H034,v3.27,100,CONTINUE
R076,H035,v3.27,5,CONTINUE
R076,H035,v3.27,25,CONTINUE
R076,H035,v3.27,50,CONTINUE
R076,H035,v3.27,100,CONTINUE
R076,H036,v3.27,5,CONTINUE
R076,H036,v3.27,25,CONTINUE
R076,H036,v3.27,50,CONTINUE
R076,H036,v3.27,100,CONTINUE
R076,H037,v3.27,5,CONTINUE
R076,H037,v3.27,25,CONTINUE
R076,H037,v3.27,50,CONTINUE
R076,H037,v3.27,100,CONTINUE
R076,H038,v3.27,5,CONTINUE
R076,H038,v3.27,25,CONTINUE
R076,H038,v3.27,50,CONTINUE
R076,H038,v3.27,100,CONTINUE
R076,H039,v3.27,5,CONTINUE
R076,H039,v3.27,25,CONTINUE
R076,H039,v3.27,50,CONTINUE
R076,H039,v3.27,100,CONTINUE
R076,H040,v3.27,5,CONTINUE
R076,H040,v3.27,25,CONTINUE
R076,H040,v3.27,50,CONTINUE
R076,H040,v3.27,100,CONTINUE
R076,H041,v3.27,5,CONTINUE
R076,H041,v3.27,25,CONTINUE
R076,H041,v3.27,50,CONTINUE
R076,H041,v3.27,100,CONTINUE
R076,H042,v3.27,5,CONTINUE
R076,H042,v3.27,25,CONTINUE
R076,H042,v3.27,50,CONTINUE
R076,H042,v3.27,100,CONTINUE
R076,H043,v3.27,5,CONTINUE
R076,H043,v3.27,25,CONTINUE
R076,H043,v3.27,50,CONTINUE
R076,H043,v3.27,100,CONTINUE
R076,H044,v3.27,5,CONTINUE
R076,H044,v3.27,25,CONTINUE
R076,H044,v3.27,50,CONTINUE
R076,H044,v3.27,100,CONTINUE
R076,H045,v3.27,5,CONTINUE
R076,H045,v3.27,25,CONTINUE
R076,H045,v3.27,50,CONTINUE
R076,H045,v3.27,100,CONTINUE
R076,H046,v3.27,5,CONTINUE
R076,H046,v3.27,25,CONTINUE
R076,H046,v3.27,50,CONTINUE
R076,H046,v3.27,100,CONTINUE
R076,H047,v3.27,5,STOP
R076,H048,v3.27,5,CONTINUE
R076,H048,v3.27,25,CONTINUE
R076,H048,v3.27,50,CONTINUE
R076,H048,v3.27,100,CONTINUE
R076,H049,v3.27,5,CONTINUE
R076,H049,v3.27,25,CONTINUE
R076,H049,v3.27,50,CONTINUE
R076,H049,v3.27,100,CONTINUE
R076,H050,v3.27,5,CONTINUE
R076,H050,v3.27,25,CONTINUE
R076,H050,v3.27,50,CONTINUE
R076,H050,v3.27,100,CONTINUE
R077,H001,v3.28,5,STOP
R077,H002,v3.28,5,STOP
R077,H003,v3.28,5,STOP
R077,H004,v3.28,5,STOP
R077,H005,v3.28,5,STOP
R077,H006,v3.28,5,STOP
R077,H007,v3.28,5,STOP
R077,H008,v3.28,5,STOP
R077,H009,v3.28,5,STOP
R077,H010,v3.28,5,STOP
R077,H011,v3.28,5,STOP
R077,H012,v3.28,5,STOP
R077,H013,v3.28,5,STOP
R077,H014,v3.28,5,STOP
R077,H015,v3.28,5,STOP
R077,H016,v3.28,5,STOP
R077,H017,v3.28,5,STOP
R077,H018,v3.28,5,STOP
R077,H019,v3.28,5,STOP
R077,H020,v3.28,5,STOP
R077,H021,v3.28,5,STOP
R077,H022,v3.28,5,STOP
R077,H023,v3.28,5,STOP
R077,H024,v3.28,5,STOP
R077,H025,v3.28,5,STOP
R077,H026,v3.28,5,STOP
R077,H027,v3.28,5,STOP
R077,H028,v3.28,5,STOP
R077,H029,v3.28,5,STOP
R077,H030,v3.28,5,STOP
R077,H031,v3.28,5,STOP
R077,H032,v3.28,5,STOP
R077,H033,v3.28,5,STOP
R077,H034,v3.28,5,STOP
R077,H035,v3.28,5,STOP
R077,H036,v3.28,5,HOLD
R077,H037,v3.28,5,STOP
R077,H038,v3.28,5,STOP
R077,H039,v3.28,5,STOP
R077,H040,v3.28,5,STOP
R077,H041,v3.28,5,STOP
R077,H042,v3.28,5,HOLD
R077,H043,v3.28,5,STOP
R077,H044,v3.28,5,HOLD
R077,H045,v3.28,5,STOP
R077,H046,v3.28,5,STOP
R077,H047,v3.28,5,STOP
R077,H048,v3.28,5,STOP
R077,H049,v3.28,5,STOP
R077,H050,v3.28,5,STOP
R078,H001,v3.29,5,CONTINUE
R078,H001,v3.29,25,CONTINUE
R078,H001,v3.29,50,CONTINUE
R078,H001,v3.29,100,CONTINUE
R078,H002,v3.29,5,CONTINUE
R078,H002,v3.29,25,CONTINUE
R078,H002,v3.29,50,CONTINUE
R078,H002,v3.29,100,CONTINUE
R078,H003,v3.29,5,CONTINUE
R078,H003,v3.29,25,CONTINUE
R078,H003,v3.29,50,CONTINUE
R078,H003,v3.29,100,CONTINUE
R078,H004,v3.29,5,CONTINUE
R078,H004,v3.29,25,CONTINUE
R078,H004,v3.29,50,CONTINUE
R078,H004,v3.29,100,CONTINUE
R078,H005,v3.29,5,CONTINUE
R078,H005,v3.29,25,CONTINUE
R078,H005,v3.29,50,CONTINUE
R078,H005,v3.29,100,CONTINUE
R078,H006,v3.29,5,CONTINUE
R078,H006,v3.29,25,CONTINUE
R078,H006,v3.29,50,CONTINUE
R078,H006,v3.29,100,CONTINUE
R078,H007,v3.29,5,CONTINUE
R078,H007,v3.29,25,CONTINUE
R078,H007,v3.29,50,CONTINUE
R078,H007,v3.29,100,CONTINUE
R078,H008,v3.29,5,CONTINUE
R078,H008,v3.29,25,CONTINUE
R078,H008,v3.29,50,CONTINUE
R078,H008,v3.29,100,CONTINUE
R078,H009,v3.29,5,CONTINUE
R078,H009,v3.29,25,CONTINUE
R078,H009,v3.29,50,CONTINUE
R078,H009,v3.29,100,CONTINUE
R078,H010,v3.29,5,CONTINUE
R078,H010,v3.29,25,CONTINUE
R078,H010,v3.29,50,CONTINUE
R078,H010,v3.29,100,CONTINUE
R078,H011,v3.29,5,CONTINUE
R078,H011,v3.29,25,CONTINUE
R078,H011,v3.29,50,CONTINUE
R078,H011,v3.29,100,CONTINUE
R078,H012,v3.29,5,CONTINUE
R078,H012,v3.29,25,CONTINUE
R078,H012,v3.29,50,CONTINUE
R078,H012,v3.29,100,CONTINUE
R078,H013,v3.29,5,CONTINUE
R078,H013,v3.29,25,CONTINUE
R078,H013,v3.29,50,CONTINUE
R078,H013,v3.29,100,CONTINUE
R078,H014,v3.29,5,CONTINUE
R078,H014,v3.29,25,CONTINUE
R078,H014,v3.29,50,CONTINUE
R078,H014,v3.29,100,CONTINUE
R078,H015,v3.29,5,CONTINUE
R078,H015,v3.29,25,CONTINUE
R078,H015,v3.29,50,CONTINUE
R078,H015,v3.29,100,CONTINUE
R078,H016,v3.29,5,CONTINUE
R078,H016,v3.29,25,CONTINUE
R078,H016,v3.29,50,CONTINUE
R078,H016,v3.29,100,CONTINUE
R078,H017,v3.29,5,CONTINUE
R078,H017,v3.29,25,CONTINUE
R078,H017,v3.29,50,CONTINUE
R078,H017,v3.29,100,CONTINUE
R078,H018,v3.29,5,CONTINUE
R078,H018,v3.29,25,CONTINUE
R078,H018,v3.29,50,CONTINUE
R078,H018,v3.29,100,CONTINUE
R078,H019,v3.29,5,CONTINUE
R078,H019,v3.29,25,CONTINUE
R078,H019,v3.29,50,CONTINUE
R078,H019,v3.29,100,CONTINUE
R078,H020,v3.29,5,CONTINUE
R078,H020,v3.29,25,CONTINUE
R078,H020,v3.29,50,CONTINUE
R078,H020,v3.29,100,CONTINUE
R078,H021,v3.29,5,CONTINUE
R078,H021,v3.29,25,CONTINUE
R078,H021,v3.29,50,CONTINUE
R078,H021,v3.29,100,CONTINUE
R078,H022,v3.29,5,HOLD
R078,H023,v3.29,5,STOP
R078,H024,v3.29,5,CONTINUE
R078,H024,v3.29,25,CONTINUE
R078,H024,v3.29,50,CONTINUE
R078,H024,v3.29,100,CONTINUE
R078,H025,v3.29,5,CONTINUE
R078,H025,v3.29,25,CONTINUE
R078,H025,v3.29,50,CONTINUE
R078,H025,v3.29,100,CONTINUE
R078,H026,v3.29,5,CONTINUE
R078,H026,v3.29,25,CONTINUE
R078,H026,v3.29,50,CONTINUE
R078,H026,v3.29,100,CONTINUE
R078,H027,v3.29,5,HOLD
R078,H028,v3.29,5,CONTINUE
R078,H028,v3.29,25,CONTINUE
R078,H028,v3.29,50,CONTINUE
R078,H028,v3.29,100,CONTINUE
R078,H029,v3.29,5,CONTINUE
R078,H029,v3.29,25,CONTINUE
R078,H029,v3.29,50,CONTINUE
R078,H029,v3.29,100,CONTINUE
R078,H030,v3.29,5,CONTINUE
R078,H030,v3.29,25,CONTINUE
R078,H030,v3.29,50,CONTINUE
R078,H030,v3.29,100,CONTINUE
R078,H031,v3.29,5,CONTINUE
R078,H031,v3.29,25,CONTINUE
R078,H031,v3.29,50,CONTINUE
R078,H031,v3.29,100,CONTINUE
R078,H032,v3.29,5,CONTINUE
R078,H032,v3.29,25,CONTINUE
R078,H032,v3.29,50,CONTINUE
R078,H032,v3.29,100,CONTINUE
R078,H033,v3.29,5,CONTINUE
R078,H033,v3.29,25,CONTINUE
R078,H033,v3.29,50,CONTINUE
R078,H033,v3.29,100,CONTINUE
R078,H034,v3.29,5,CONTINUE
R078,H034,v3.29,25,CONTINUE
R078,H034,v3.29,50,CONTINUE
R078,H034,v3.29,100,CONTINUE
R078,H035,v3.29,5,CONTINUE
R078,H035,v3.29,25,CONTINUE
R078,H035,v3.29,50,CONTINUE
R078,H035,v3.29,100,CONTINUE
R078,H036,v3.29,5,CONTINUE
R078,H036,v3.29,25,CONTINUE
R078,H036,v3.29,50,CONTINUE
R078,H036,v3.29,100,CONTINUE
R078,H037,v3.29,5,CONTINUE
R078,H037,v3.29,25,CONTINUE
R078,H037,v3.29,50,CONTINUE
R078,H037,v3.29,100,CONTINUE
R078,H038,v3.29,5,CONTINUE
R078,H038,v3.29,25,CONTINUE
R078,H038,v3.29,50,CONTINUE
R078,H038,v3.29,100,CONTINUE
R078,H039,v3.29,5,CONTINUE
R078,H039,v3.29,25,CONTINUE
R078,H039,v3.29,50,CONTINUE
R078,H039,v3.29,100,CONTINUE
R078,H040,v3.29,5,CONTINUE
R078,H040,v3.29,25,CONTINUE
R078,H040,v3.29,50,CONTINUE
R078,H040,v3.29,100,CONTINUE
R078,H041,v3.29,5,CONTINUE
R078,H041,v3.29,25,CONTINUE
R078,H041,v3.29,50,CONTINUE
R078,H041,v3.29,100,CONTINUE
R078,H042,v3.29,5,CONTINUE
R078,H042,v3.29,25,CONTINUE
R078,H042,v3.29,50,CONTINUE
R078,H042,v3.29,100,CONTINUE
R078,H043,v3.29,5,CONTINUE
R078,H043,v3.29,25,CONTINUE
R078,H043,v3.29,50,CONTINUE
R078,H043,v3.29,100,CONTINUE
R078,H044,v3.29,5,CONTINUE
R078,H044,v3.29,25,CONTINUE
R078,H044,v3.29,50,CONTINUE
R078,H044,v3.29,100,CONTINUE
R078,H045,v3.29,5,CONTINUE
R078,H045,v3.29,25,CONTINUE
R078,H045,v3.29,50,CONTINUE
R078,H045,v3.29,100,CONTINUE
R078,H046,v3.29,5,CONTINUE
R078,H046,v3.29,25,CONTINUE
R078,H046,v3.29,50,CONTINUE
R078,H046,v3.29,100,CONTINUE
R078,H047,v3.29,5,CONTINUE
R078,H047,v3.29,25,CONTINUE
R078,H047,v3.29,50,CONTINUE
R078,H047,v3.29,100,CONTINUE
R078,H048,v3.29,5,CONTINUE
R078,H048,v3.29,25,CONTINUE
R078,H048,v3.29,50,CONTINUE
R078,H048,v3.29,100,CONTINUE
R078,H049,v3.29,5,CONTINUE
R078,H049,v3.29,25,CONTINUE
R078,H049,v3.29,50,CONTINUE
R078,H049,v3.29,100,CONTINUE
R078,H050,v3.29,5,CONTINUE
R078,H050,v3.29,25,CONTINUE
R078,H050,v3.29,50,CONTINUE
R078,H050,v3.29,100,CONTINUE
R079,H001,v3.30,5,STOP
R079,H002,v3.30,5,STOP
R079,H003,v3.30,5,STOP
R079,H004,v3.30,5,STOP
R079,H005,v3.30,5,STOP
R079,H006,v3.30,5,STOP
R079,H007,v3.30,5,STOP
R079,H008,v3.30,5,STOP
R079,H009,v3.30,5,STOP
R079,H010,v3.30,5,STOP
R079,H011,v3.30,5,STOP
R079,H012,v3.30,5,STOP
R079,H013,v3.30,5,STOP
R079,H014,v3.30,5,STOP
R079,H015,v3.30,5,HOLD
R079,H016,v3.30,5,STOP
R079,H017,v3.30,5,STOP
R079,H018,v3.30,5,STOP
R079,H019,v3.30,5,STOP
R079,H020,v3.30,5,STOP
R079,H021,v3.30,5,STOP
R079,H022,v3.30,5,STOP
R079,H023,v3.30,5,STOP
R079,H024,v3.30,5,STOP
R079,H025,v3.30,5,STOP
R079,H026,v3.30,5,STOP
R079,H027,v3.30,5,STOP
R079,H028,v3.30,5,STOP
R079,H029,v3.30,5,STOP
R079,H030,v3.30,5,STOP
R079,H031,v3.30,5,STOP
R079,H032,v3.30,5,STOP
R079,H033,v3.30,5,STOP
R079,H034,v3.30,5,STOP
R079,H035,v3.30,5,STOP
R079,H036,v3.30,5,STOP
R079,H037,v3.30,5,STOP
R079,H038,v3.30,5,STOP
R079,H039,v3.30,5,STOP
R079,H040,v3.30,5,HOLD
R079,H041,v3.30,5,STOP
R079,H042,v3.30,5,STOP
R079,H043,v3.30,5,HOLD
R079,H044,v3.30,5,STOP
R079,H045,v3.30,5,STOP
R079,H046,v3.30,5,STOP
R079,H047,v3.30,5,STOP
R079,H048,v3.30,5,HOLD
R079,H049,v3.30,5,STOP
R079,H050,v3.30,5,STOP
R080,H001,v3.31,5,STOP
R080,H002,v3.31,5,STOP
R080,H003,v3.31,5,HOLD
R080,H004,v3.31,5,STOP
R080,H005,v3.31,5,STOP
R080,H006,v3.31,5,HOLD
R080,H007,v3.31,5,HOLD
R080,H008,v3.31,5,HOLD
R080,H009,v3.31,5,STOP
R080,H010,v3.31,5,STOP
R080,H011,v3.31,5,STOP
R080,H012,v3.31,5,STOP
R080,H013,v3.31,5,STOP
R080,H014,v3.31,5,STOP
R080,H015,v3.31,5,STOP
R080,H016,v3.31,5,HOLD
R080,H017,v3.31,5,HOLD
R080,H018,v3.31,5,STOP
R080,H019,v3.31,5,HOLD
R080,H020,v3.31,5,STOP
R080,H021,v3.31,5,STOP
R080,H022,v3.31,5,STOP
R080,H023,v3.31,5,STOP
R080,H024,v3.31,5,STOP
R080,H025,v3.31,5,STOP
R080,H026,v3.31,5,STOP
R080,H027,v3.31,5,STOP
R080,H028,v3.31,5,STOP
R080,H029,v3.31,5,STOP
R080,H030,v3.31,5,STOP
R080,H031,v3.31,5,STOP
R080,H032,v3.31,5,STOP
R080,H033,v3.31,5,STOP
R080,H034,v3.31,5,STOP
R080,H035,v3.31,5,STOP
R080,H036,v3.31,5,STOP
R080,H037,v3.31,5,STOP
R080,H038,v3.31,5,STOP
R080,H039,v3.31,5,STOP
R080,H040,v3.31,5,STOP
R080,H041,v3.31,5,STOP
R080,H042,v3.31,5,STOP
R080,H043,v3.31,5,STOP
R080,H044,v3.31,5,STOP
R080,H045,v3.31,5,STOP
R080,H046,v3.31,5,STOP
R080,H047,v3.31,5,STOP
R080,H048,v3.31,5,STOP
R080,H049,v3.31,5,STOP
R080,H050,v3.31,5,STOP
R081,H001,v3.32,5,STOP
R081,H002,v3.32,5,STOP
R081,H003,v3.32,5,STOP
R081,H004,v3.32,5,STOP
R081,H005,v3.32,5,HOLD
R081,H006,v3.32,5,STOP
R081,H007,v3.32,5,STOP
R081,H008,v3.32,5,STOP
R081,H009,v3.32,5,HOLD
R081,H010,v3.32,5,HOLD
R081,H011,v3.32,5,STOP
R081,H012,v3.32,5,STOP
R081,H013,v3.32,5,STOP
R081,H014,v3.32,5,HOLD
R081,H015,v3.32,5,STOP
R081,H016,v3.32,5,STOP
R081,H017,v3.32,5,STOP
R081,H018,v3.32,5,STOP
R081,H019,v3.32,5,STOP
R081,H020,v3.32,5,STOP
R081,H021,v3.32,5,HOLD
R081,H022,v3.32,5,STOP
R081,H023,v3.32,5,STOP
R081,H024,v3.32,5,STOP
R081,H025,v3.32,5,STOP
R081,H026,v3.32,5,STOP
R081,H027,v3.32,5,STOP
R081,H028,v3.32,5,STOP
R081,H029,v3.32,5,STOP
R081,H030,v3.32,5,STOP
R081,H031,v3.32,5,STOP
R081,H032,v3.32,5,STOP
R081,H033,v3.32,5,STOP
R081,H034,v3.32,5,STOP
R081,H035,v3.32,5,STOP
R081,H036,v3.32,5,STOP
R081,H037,v3.32,5,STOP
R081,H038,v3.32,5,STOP
R081,H039,v3.32,5,HOLD
R081,H040,v3.32,5,STOP
R081,H041,v3.32,5,STOP
R081,H042,v3.32,5,STOP
R081,H043,v3.32,5,STOP
R081,H044,v3.32,5,HOLD
R081,H045,v3.32,5,STOP
R081,H046,v3.32,5,STOP
R081,H047,v3.32,5,STOP
R081,H048,v3.32,5,STOP
R081,H049,v3.32,5,STOP
R081,H050,v3.32,5,STOP
R082,H001,v3.33,5,CONTINUE
R082,H001,v3.33,25,CONTINUE
R082,H001,v3.33,50,CONTINUE
R082,H001,v3.33,100,CONTINUE
R082,H002,v3.33,5,CONTINUE
R082,H002,v3.33,25,CONTINUE
R082,H002,v3.33,50,CONTINUE
R082,H002,v3.33,100,CONTINUE
R082,H003,v3.33,5,CONTINUE
R082,H003,v3.33,25,CONTINUE
R082,H003,v3.33,50,CONTINUE
R082,H003,v3.33,100,CONTINUE
R082,H004,v3.33,5,CONTINUE
R082,H004,v3.33,25,CONTINUE
R082,H004,v3.33,50,CONTINUE
R082,H004,v3.33,100,CONTINUE
R082,H005,v3.33,5,CONTINUE
R082,H005,v3.33,25,CONTINUE
R082,H005,v3.33,50,CONTINUE
R082,H005,v3.33,100,CONTINUE
R082,H006,v3.33,5,CONTINUE
R082,H006,v3.33,25,CONTINUE
R082,H006,v3.33,50,CONTINUE
R082,H006,v3.33,100,CONTINUE
R082,H007,v3.33,5,CONTINUE
R082,H007,v3.33,25,CONTINUE
R082,H007,v3.33,50,CONTINUE
R082,H007,v3.33,100,CONTINUE
R082,H008,v3.33,5,CONTINUE
R082,H008,v3.33,25,CONTINUE
R082,H008,v3.33,50,CONTINUE
R082,H008,v3.33,100,CONTINUE
R082,H009,v3.33,5,CONTINUE
R082,H009,v3.33,25,CONTINUE
R082,H009,v3.33,50,CONTINUE
R082,H009,v3.33,100,CONTINUE
R082,H010,v3.33,5,CONTINUE
R082,H010,v3.33,25,CONTINUE
R082,H010,v3.33,50,CONTINUE
R082,H010,v3.33,100,CONTINUE
R082,H011,v3.33,5,CONTINUE
R082,H011,v3.33,25,CONTINUE
R082,H011,v3.33,50,CONTINUE
R082,H011,v3.33,100,CONTINUE
R082,H012,v3.33,5,CONTINUE
R082,H012,v3.33,25,CONTINUE
R082,H012,v3.33,50,CONTINUE
R082,H012,v3.33,100,CONTINUE
R082,H013,v3.33,5,CONTINUE
R082,H013,v3.33,25,CONTINUE
R082,H013,v3.33,50,CONTINUE
R082,H013,v3.33,100,CONTINUE
R082,H014,v3.33,5,CONTINUE
R082,H014,v3.33,25,CONTINUE
R082,H014,v3.33,50,CONTINUE
R082,H014,v3.33,100,CONTINUE
R082,H015,v3.33,5,CONTINUE
R082,H015,v3.33,25,CONTINUE
R082,H015,v3.33,50,CONTINUE
R082,H015,v3.33,100,CONTINUE
R082,H016,v3.33,5,CONTINUE
R082,H016,v3.33,25,CONTINUE
R082,H016,v3.33,50,CONTINUE
R082,H016,v3.33,100,CONTINUE
R082,H017,v3.33,5,CONTINUE
R082,H017,v3.33,25,CONTINUE
R082,H017,v3.33,50,CONTINUE
R082,H017,v3.33,100,CONTINUE
R082,H018,v3.33,5,CONTINUE
R082,H018,v3.33,25,CONTINUE
R082,H018,v3.33,50,CONTINUE
R082,H018,v3.33,100,CONTINUE
R082,H019,v3.33,5,CONTINUE
R082,H019,v3.33,25,CONTINUE
R082,H019,v3.33,50,CONTINUE
R082,H019,v3.33,100,CONTINUE
R082,H020,v3.33,5,HOLD
R082,H021,v3.33,5,CONTINUE
R082,H021,v3.33,25,CONTINUE
R082,H021,v3.33,50,CONTINUE
R082,H021,v3.33,100,CONTINUE
R082,H022,v3.33,5,CONTINUE
R082,H022,v3.33,25,CONTINUE
R082,H022,v3.33,50,CONTINUE
R082,H022,v3.33,100,CONTINUE
R082,H023,v3.33,5,CONTINUE
R082,H023,v3.33,25,CONTINUE
R082,H023,v3.33,50,CONTINUE
R082,H023,v3.33,100,CONTINUE
R082,H024,v3.33,5,CONTINUE
R082,H024,v3.33,25,CONTINUE
R082,H024,v3.33,50,CONTINUE
R082,H024,v3.33,100,CONTINUE
R082,H025,v3.33,5,CONTINUE
R082,H025,v3.33,25,CONTINUE
R082,H025,v3.33,50,CONTINUE
R082,H025,v3.33,100,CONTINUE
R082,H026,v3.33,5,CONTINUE
R082,H026,v3.33,25,CONTINUE
R082,H026,v3.33,50,CONTINUE
R082,H026,v3.33,100,CONTINUE
R082,H027,v3.33,5,CONTINUE
R082,H027,v3.33,25,CONTINUE
R082,H027,v3.33,50,CONTINUE
R082,H027,v3.33,100,CONTINUE
R082,H028,v3.33,5,CONTINUE
R082,H028,v3.33,25,CONTINUE
R082,H028,v3.33,50,CONTINUE
R082,H028,v3.33,100,CONTINUE
R082,H029,v3.33,5,CONTINUE
R082,H029,v3.33,25,CONTINUE
R082,H029,v3.33,50,CONTINUE
R082,H029,v3.33,100,CONTINUE
R082,H030,v3.33,5,CONTINUE
R082,H030,v3.33,25,CONTINUE
R082,H030,v3.33,50,CONTINUE
R082,H030,v3.33,100,CONTINUE
R082,H031,v3.33,5,HOLD
R082,H032,v3.33,5,CONTINUE
R082,H032,v3.33,25,CONTINUE
R082,H032,v3.33,50,CONTINUE
R082,H032,v3.33,100,CONTINUE
R082,H033,v3.33,5,CONTINUE
R082,H033,v3.33,25,CONTINUE
R082,H033,v3.33,50,CONTINUE
R082,H033,v3.33,100,CONTINUE
R082,H034,v3.33,5,CONTINUE
R082,H034,v3.33,25,CONTINUE
R082,H034,v3.33,50,CONTINUE
R082,H034,v3.33,100,CONTINUE
R082,H035,v3.33,5,CONTINUE
R082,H035,v3.33,25,CONTINUE
R082,H035,v3.33,50,CONTINUE
R082,H035,v3.33,100,CONTINUE
R082,H036,v3.33,5,CONTINUE
R082,H036,v3.33,25,CONTINUE
R082,H036,v3.33,50,CONTINUE
R082,H036,v3.33,100,CONTINUE
R082,H037,v3.33,5,CONTINUE
R082,H037,v3.33,25,CONTINUE
R082,H037,v3.33,50,CONTINUE
R082,H037,v3.33,100,CONTINUE
R082,H038,v3.33,5,CONTINUE
R082,H038,v3.33,25,CONTINUE
R082,H038,v3.33,50,CONTINUE
R082,H038,v3.33,100,CONTINUE
R082,H039,v3.33,5,CONTINUE
R082,H039,v3.33,25,CONTINUE
R082,H039,v3.33,50,CONTINUE
R082,H039,v3.33,100,CONTINUE
R082,H040,v3.33,5,STOP
R082,H041,v3.33,5,HOLD
R082,H042,v3.33,5,CONTINUE
R082,H042,v3.33,25,CONTINUE
R082,H042,v3.33,50,CONTINUE
R082,H042,v3.33,100,CONTINUE
R082,H043,v3.33,5,CONTINUE
R082,H043,v3.33,25,CONTINUE
R082,H043,v3.33,50,CONTINUE
R082,H043,v3.33,100,CONTINUE
R082,H044,v3.33,5,CONTINUE
R082,H044,v3.33,25,CONTINUE
R082,H044,v3.33,50,CONTINUE
R082,H044,v3.33,100,CONTINUE
R082,H045,v3.33,5,CONTINUE
R082,H045,v3.33,25,CONTINUE
R082,H045,v3.33,50,CONTINUE
R082,H045,v3.33,100,CONTINUE
R082,H046,v3.33,5,CONTINUE
R082,H046,v3.33,25,CONTINUE
R082,H046,v3.33,50,CONTINUE
R082,H046,v3.33,100,CONTINUE
R082,H047,v3.33,5,CONTINUE
R082,H047,v3.33,25,CONTINUE
R082,H047,v3.33,50,CONTINUE
R082,H047,v3.33,100,CONTINUE
R082,H048,v3.33,5,CONTINUE
R082,H048,v3.33,25,CONTINUE
R082,H048,v3.33,50,CONTINUE
R082,H048,v3.33,100,CONTINUE
R082,H049,v3.33,5,CONTINUE
R082,H049,v3.33,25,CONTINUE
R082,H049,v3.33,50,CONTINUE
R082,H049,v3.33,100,CONTINUE
R082,H050,v3.33,5,CONTINUE
R082,H050,v3.33,25,CONTINUE
R082,H050,v3.33,50,CONTINUE
R082,H050,v3.33,100,CONTINUE
R083,H001,v3.34,5,STOP
R083,H002,v3.34,5,STOP
R083,H003,v3.34,5,HOLD
R083,H004,v3.34,5,HOLD
R083,H005,v3.34,5,STOP
R083,H006,v3.34,5,STOP
R083,H007,v3.34,5,STOP
R083,H008,v3.34,5,STOP
R083,H009,v3.34,5,STOP
R083,H010,v3.34,5,STOP
R083,H011,v3.34,5,STOP
R083,H012,v3.34,5,STOP
R083,H013,v3.34,5,STOP
R083,H014,v3.34,5,STOP
R083,H015,v3.34,5,STOP
R083,H016,v3.34,5,HOLD
R083,H017,v3.34,5,STOP
R083,H018,v3.34,5,STOP
R083,H019,v3.34,5,STOP
R083,H020,v3.34,5,STOP
R083,H021,v3.34,5,STOP
R083,H022,v3.34,5,STOP
R083,H023,v3.34,5,HOLD
R083,H024,v3.34,5,HOLD
R083,H025,v3.34,5,STOP
R083,H026,v3.34,5,STOP
R083,H027,v3.34,5,STOP
R083,H028,v3.34,5,STOP
R083,H029,v3.34,5,STOP
R083,H030,v3.34,5,STOP
R083,H031,v3.34,5,HOLD
R083,H032,v3.34,5,STOP
R083,H033,v3.34,5,STOP
R083,H034,v3.34,5,STOP
R083,H035,v3.34,5,STOP
R083,H036,v3.34,5,STOP
R083,H037,v3.34,5,STOP
R083,H038,v3.34,5,STOP
R083,H039,v3.34,5,STOP
R083,H040,v3.34,5,STOP
R083,H041,v3.34,5,STOP
R083,H042,v3.34,5,STOP
R083,H043,v3.34,5,STOP
R083,H044,v3.34,5,STOP
R083,H045,v3.34,5,STOP
R083,H046,v3.34,5,STOP
R083,H047,v3.34,5,STOP
R083,H048,v3.34,5,STOP
R083,H049,v3.34,5,STOP
R083,H050,v3.34,5,HOLD
R084,H001,v3.35,5,STOP
R084,H002,v3.35,5,STOP
R084,H003,v3.35,5,STOP
R084,H004,v3.35,5,STOP
R084,H005,v3.35,5,STOP
R084,H006,v3.35,5,STOP
R084,H007,v3.35,5,STOP
R084,H008,v3.35,5,STOP
R084,H009,v3.35,5,HOLD
R084,H010,v3.35,5,STOP
R084,H011,v3.35,5,HOLD
R084,H012,v3.35,5,STOP
R084,H013,v3.35,5,STOP
R084,H014,v3.35,5,STOP
R084,H015,v3.35,5,HOLD
R084,H016,v3.35,5,STOP
R084,H017,v3.35,5,STOP
R084,H018,v3.35,5,STOP
R084,H019,v3.35,5,STOP
R084,H020,v3.35,5,STOP
R084,H021,v3.35,5,STOP
R084,H022,v3.35,5,STOP
R084,H023,v3.35,5,HOLD
R084,H024,v3.35,5,STOP
R084,H025,v3.35,5,STOP
R084,H026,v3.35,5,STOP
R084,H027,v3.35,5,STOP
R084,H028,v3.35,5,STOP
R084,H029,v3.35,5,STOP
R084,H030,v3.35,5,STOP
R084,H031,v3.35,5,STOP
R084,H032,v3.35,5,HOLD
R084,H033,v3.35,5,STOP
R084,H034,v3.35,5,STOP
R084,H035,v3.35,5,STOP
R084,H036,v3.35,5,STOP
R084,H037,v3.35,5,STOP
R084,H038,v3.35,5,STOP
R084,H039,v3.35,5,STOP
R084,H040,v3.35,5,STOP
R084,H041,v3.35,5,STOP
R084,H042,v3.35,5,STOP
R084,H043,v3.35,5,STOP
R084,H044,v3.35,5,STOP
R084,H045,v3.35,5,STOP
R084,H046,v3.35,5,STOP
R084,H047,v3.35,5,HOLD
R084,H048,v3.35,5,STOP
R084,H049,v3.35,5,STOP
R084,H050,v3.35,5,HOLD
R085,H001,v3.36,5,CONTINUE
R085,H001,v3.36,25,CONTINUE
R085,H001,v3.36,50,CONTINUE
R085,H001,v3.36,100,CONTINUE
R085,H002,v3.36,5,CONTINUE
R085,H002,v3.36,25,CONTINUE
R085,H002,v3.36,50,CONTINUE
R085,H002,v3.36,100,CONTINUE
R085,H003,v3.36,5,CONTINUE
R085,H003,v3.36,25,CONTINUE
R085,H003,v3.36,50,CONTINUE
R085,H003,v3.36,100,CONTINUE
R085,H004,v3.36,5,CONTINUE
R085,H004,v3.36,25,CONTINUE
R085,H004,v3.36,50,CONTINUE
R085,H004,v3.36,100,CONTINUE
R085,H005,v3.36,5,CONTINUE
R085,H005,v3.36,25,CONTINUE
R085,H005,v3.36,50,CONTINUE
R085,H005,v3.36,100,CONTINUE
R085,H006,v3.36,5,CONTINUE
R085,H006,v3.36,25,CONTINUE
R085,H006,v3.36,50,CONTINUE
R085,H006,v3.36,100,CONTINUE
R085,H007,v3.36,5,CONTINUE
R085,H007,v3.36,25,CONTINUE
R085,H007,v3.36,50,CONTINUE
R085,H007,v3.36,100,CONTINUE
R085,H008,v3.36,5,HOLD
R085,H009,v3.36,5,CONTINUE
R085,H009,v3.36,25,CONTINUE
R085,H009,v3.36,50,CONTINUE
R085,H009,v3.36,100,CONTINUE
R085,H010,v3.36,5,CONTINUE
R085,H010,v3.36,25,CONTINUE
R085,H010,v3.36,50,CONTINUE
R085,H010,v3.36,100,CONTINUE
R085,H011,v3.36,5,CONTINUE
R085,H011,v3.36,25,CONTINUE
R085,H011,v3.36,50,CONTINUE
R085,H011,v3.36,100,CONTINUE
R085,H012,v3.36,5,CONTINUE
R085,H012,v3.36,25,CONTINUE
R085,H012,v3.36,50,CONTINUE
R085,H012,v3.36,100,CONTINUE
R085,H013,v3.36,5,CONTINUE
R085,H013,v3.36,25,CONTINUE
R085,H013,v3.36,50,CONTINUE
R085,H013,v3.36,100,CONTINUE
R085,H014,v3.36,5,CONTINUE
R085,H014,v3.36,25,CONTINUE
R085,H014,v3.36,50,CONTINUE
R085,H014,v3.36,100,CONTINUE
R085,H015,v3.36,5,CONTINUE
R085,H015,v3.36,25,CONTINUE
R085,H015,v3.36,50,CONTINUE
R085,H015,v3.36,100,CONTINUE
R085,H016,v3.36,5,CONTINUE
R085,H016,v3.36,25,CONTINUE
R085,H016,v3.36,50,CONTINUE
R085,H016,v3.36,100,CONTINUE
R085,H017,v3.36,5,CONTINUE
R085,H017,v3.36,25,CONTINUE
R085,H017,v3.36,50,CONTINUE
R085,H017,v3.36,100,CONTINUE
R085,H018,v3.36,5,CONTINUE
R085,H018,v3.36,25,CONTINUE
R085,H018,v3.36,50,CONTINUE
R085,H018,v3.36,100,CONTINUE
R085,H019,v3.36,5,CONTINUE
R085,H019,v3.36,25,CONTINUE
R085,H019,v3.36,50,CONTINUE
R085,H019,v3.36,100,CONTINUE
R085,H020,v3.36,5,CONTINUE
R085,H020,v3.36,25,CONTINUE
R085,H020,v3.36,50,CONTINUE
R085,H020,v3.36,100,CONTINUE
R085,H021,v3.36,5,CONTINUE
R085,H021,v3.36,25,CONTINUE
R085,H021,v3.36,50,CONTINUE
R085,H021,v3.36,100,CONTINUE
R085,H022,v3.36,5,CONTINUE
R085,H022,v3.36,25,CONTINUE
R085,H022,v3.36,50,CONTINUE
R085,H022,v3.36,100,CONTINUE
R085,H023,v3.36,5,CONTINUE
R085,H023,v3.36,25,CONTINUE
R085,H023,v3.36,50,CONTINUE
R085,H023,v3.36,100,CONTINUE
R085,H024,v3.36,5,STOP
R085,H025,v3.36,5,CONTINUE
R085,H025,v3.36,25,CONTINUE
R085,H025,v3.36,50,CONTINUE
R085,H025,v3.36,100,CONTINUE
R085,H026,v3.36,5,CONTINUE
R085,H026,v3.36,25,CONTINUE
R085,H026,v3.36,50,CONTINUE
R085,H026,v3.36,100,CONTINUE
R085,H027,v3.36,5,CONTINUE
R085,H027,v3.36,25,CONTINUE
R085,H027,v3.36,50,CONTINUE
R085,H027,v3.36,100,CONTINUE
R085,H028,v3.36,5,CONTINUE
R085,H028,v3.36,25,CONTINUE
R085,H028,v3.36,50,CONTINUE
R085,H028,v3.36,100,CONTINUE
R085,H029,v3.36,5,CONTINUE
R085,H029,v3.36,25,CONTINUE
R085,H029,v3.36,50,CONTINUE
R085,H029,v3.36,100,CONTINUE
R085,H030,v3.36,5,CONTINUE
R085,H030,v3.36,25,CONTINUE
R085,H030,v3.36,50,CONTINUE
R085,H030,v3.36,100,CONTINUE
R085,H031,v3.36,5,CONTINUE
R085,H031,v3.36,25,CONTINUE
R085,H031,v3.36,50,CONTINUE
R085,H031,v3.36,100,CONTINUE
R085,H032,v3.36,5,CONTINUE
R085,H032,v3.36,25,CONTINUE
R085,H032,v3.36,50,CONTINUE
R085,H032,v3.36,100,CONTINUE
R085,H033,v3.36,5,CONTINUE
R085,H033,v3.36,25,CONTINUE
R085,H033,v3.36,50,CONTINUE
R085,H033,v3.36,100,CONTINUE
R085,H034,v3.36,5,CONTINUE
R085,H034,v3.36,25,CONTINUE
R085,H034,v3.36,50,CONTINUE
R085,H034,v3.36,100,CONTINUE
R085,H035,v3.36,5,CONTINUE
R085,H035,v3.36,25,CONTINUE
R085,H035,v3.36,50,CONTINUE
R085,H035,v3.36,100,CONTINUE
R085,H036,v3.36,5,CONTINUE
R085,H036,v3.36,25,CONTINUE
R085,H036,v3.36,50,CONTINUE
R085,H036,v3.36,100,CONTINUE
R085,H037,v3.36,5,STOP
R085,H038,v3.36,5,CONTINUE
R085,H038,v3.36,25,CONTINUE
R085,H038,v3.36,50,CONTINUE
R085,H038,v3.36,100,CONTINUE
R085,H039,v3.36,5,CONTINUE
R085,H039,v3.36,25,CONTINUE
R085,H039,v3.36,50,CONTINUE
R085,H039,v3.36,100,CONTINUE
R085,H040,v3.36,5,CONTINUE
R085,H040,v3.36,25,CONTINUE
R085,H040,v3.36,50,CONTINUE
R085,H040,v3.36,100,CONTINUE
R085,H041,v3.36,5,CONTINUE
R085,H041,v3.36,25,CONTINUE
R085,H041,v3.36,50,CONTINUE
R085,H041,v3.36,100,CONTINUE
R085,H042,v3.36,5,CONTINUE
R085,H042,v3.36,25,CONTINUE
R085,H042,v3.36,50,CONTINUE
R085,H042,v3.36,100,CONTINUE
R085,H043,v3.36,5,CONTINUE
R085,H043,v3.36,25,CONTINUE
R085,H043,v3.36,50,CONTINUE
R085,H043,v3.36,100,CONTINUE
R085,H044,v3.36,5,CONTINUE
R085,H044,v3.36,25,CONTINUE
R085,H044,v3.36,50,CONTINUE
R085,H044,v3.36,100,CONTINUE
R085,H045,v3.36,5,CONTINUE
R085,H045,v3.36,25,CONTINUE
R085,H045,v3.36,50,CONTINUE
R085,H045,v3.36,100,CONTINUE
R085,H046,v3.36,5,CONTINUE
R085,H046,v3.36,25,CONTINUE
R085,H046,v3.36,50,CONTINUE
R085,H046,v3.36,100,CONTINUE
R085,H047,v3.36,5,CONTINUE
R085,H047,v3.36,25,CONTINUE
R085,H047,v3.36,50,CONTINUE
R085,H047,v3.36,100,CONTINUE
R085,H048,v3.36,5,CONTINUE
R085,H048,v3.36,25,CONTINUE
R085,H048,v3.36,50,CONTINUE
R085,H048,v3.36,100,CONTINUE
R085,H049,v3.36,5,CONTINUE
R085,H049,v3.36,25,CONTINUE
R085,H049,v3.36,50,CONTINUE
R085,H049,v3.36,100,CONTINUE
R085,H050,v3.36,5,CONTINUE
R085,H050,v3.36,25,CONTINUE
R085,H050,v3.36,50,CONTINUE
R085,H050,v3.36,100,CONTINUE
R086,H001,v3.37,5,CONTINUE
R086,H001,v3.37,25,CONTINUE
R086,H001,v3.37,50,CONTINUE
R086,H001,v3.37,100,CONTINUE
R086,H002,v3.37,5,CONTINUE
R086,H002,v3.37,25,CONTINUE
R086,H002,v3.37,50,CONTINUE
R086,H002,v3.37,100,CONTINUE
R086,H003,v3.37,5,STOP
R086,H004,v3.37,5,CONTINUE
R086,H004,v3.37,25,CONTINUE
R086,H004,v3.37,50,CONTINUE
R086,H004,v3.37,100,CONTINUE
R086,H005,v3.37,5,CONTINUE
R086,H005,v3.37,25,CONTINUE
R086,H005,v3.37,50,CONTINUE
R086,H005,v3.37,100,CONTINUE
R086,H006,v3.37,5,CONTINUE
R086,H006,v3.37,25,CONTINUE
R086,H006,v3.37,50,CONTINUE
R086,H006,v3.37,100,CONTINUE
R086,H007,v3.37,5,STOP
R086,H008,v3.37,5,CONTINUE
R086,H008,v3.37,25,CONTINUE
R086,H008,v3.37,50,CONTINUE
R086,H008,v3.37,100,CONTINUE
R086,H009,v3.37,5,CONTINUE
R086,H009,v3.37,25,CONTINUE
R086,H009,v3.37,50,CONTINUE
R086,H009,v3.37,100,CONTINUE
R086,H010,v3.37,5,CONTINUE
R086,H010,v3.37,25,CONTINUE
R086,H010,v3.37,50,CONTINUE
R086,H010,v3.37,100,CONTINUE
R086,H011,v3.37,5,CONTINUE
R086,H011,v3.37,25,CONTINUE
R086,H011,v3.37,50,CONTINUE
R086,H011,v3.37,100,CONTINUE
R086,H012,v3.37,5,CONTINUE
R086,H012,v3.37,25,CONTINUE
R086,H012,v3.37,50,CONTINUE
R086,H012,v3.37,100,CONTINUE
R086,H013,v3.37,5,CONTINUE
R086,H013,v3.37,25,CONTINUE
R086,H013,v3.37,50,CONTINUE
R086,H013,v3.37,100,CONTINUE
R086,H014,v3.37,5,CONTINUE
R086,H014,v3.37,25,CONTINUE
R086,H014,v3.37,50,CONTINUE
R086,H014,v3.37,100,CONTINUE
R086,H015,v3.37,5,CONTINUE
R086,H015,v3.37,25,CONTINUE
R086,H015,v3.37,50,CONTINUE
R086,H015,v3.37,100,CONTINUE
R086,H016,v3.37,5,CONTINUE
R086,H016,v3.37,25,CONTINUE
R086,H016,v3.37,50,CONTINUE
R086,H016,v3.37,100,CONTINUE
R086,H017,v3.37,5,CONTINUE
R086,H017,v3.37,25,CONTINUE
R086,H017,v3.37,50,CONTINUE
R086,H017,v3.37,100,CONTINUE
R086,H018,v3.37,5,CONTINUE
R086,H018,v3.37,25,CONTINUE
R086,H018,v3.37,50,CONTINUE
R086,H018,v3.37,100,CONTINUE
R086,H019,v3.37,5,CONTINUE
R086,H019,v3.37,25,CONTINUE
R086,H019,v3.37,50,CONTINUE
R086,H019,v3.37,100,CONTINUE
R086,H020,v3.37,5,CONTINUE
R086,H020,v3.37,25,CONTINUE
R086,H020,v3.37,50,CONTINUE
R086,H020,v3.37,100,CONTINUE
R086,H021,v3.37,5,CONTINUE
R086,H021,v3.37,25,CONTINUE
R086,H021,v3.37,50,CONTINUE
R086,H021,v3.37,100,CONTINUE
R086,H022,v3.37,5,CONTINUE
R086,H022,v3.37,25,CONTINUE
R086,H022,v3.37,50,CONTINUE
R086,H022,v3.37,100,CONTINUE
R086,H023,v3.37,5,CONTINUE
R086,H023,v3.37,25,CONTINUE
R086,H023,v3.37,50,CONTINUE
R086,H023,v3.37,100,CONTINUE
R086,H024,v3.37,5,HOLD
R086,H025,v3.37,5,CONTINUE
R086,H025,v3.37,25,CONTINUE
R086,H025,v3.37,50,CONTINUE
R086,H025,v3.37,100,CONTINUE
R086,H026,v3.37,5,CONTINUE
R086,H026,v3.37,25,CONTINUE
R086,H026,v3.37,50,CONTINUE
R086,H026,v3.37,100,CONTINUE
R086,H027,v3.37,5,CONTINUE
R086,H027,v3.37,25,CONTINUE
R086,H027,v3.37,50,CONTINUE
R086,H027,v3.37,100,CONTINUE
R086,H028,v3.37,5,CONTINUE
R086,H028,v3.37,25,CONTINUE
R086,H028,v3.37,50,CONTINUE
R086,H028,v3.37,100,CONTINUE
R086,H029,v3.37,5,CONTINUE
R086,H029,v3.37,25,CONTINUE
R086,H029,v3.37,50,CONTINUE
R086,H029,v3.37,100,CONTINUE
R086,H030,v3.37,5,CONTINUE
R086,H030,v3.37,25,CONTINUE
R086,H030,v3.37,50,CONTINUE
R086,H030,v3.37,100,CONTINUE
R086,H031,v3.37,5,CONTINUE
R086,H031,v3.37,25,CONTINUE
R086,H031,v3.37,50,CONTINUE
R086,H031,v3.37,100,CONTINUE
R086,H032,v3.37,5,CONTINUE
R086,H032,v3.37,25,CONTINUE
R086,H032,v3.37,50,CONTINUE
R086,H032,v3.37,100,CONTINUE
R086,H033,v3.37,5,CONTINUE
R086,H033,v3.37,25,CONTINUE
R086,H033,v3.37,50,CONTINUE
R086,H033,v3.37,100,CONTINUE
R086,H034,v3.37,5,CONTINUE
R086,H034,v3.37,25,CONTINUE
R086,H034,v3.37,50,CONTINUE
R086,H034,v3.37,100,CONTINUE
R086,H035,v3.37,5,CONTINUE
R086,H035,v3.37,25,CONTINUE
R086,H035,v3.37,50,CONTINUE
R086,H035,v3.37,100,CONTINUE
R086,H036,v3.37,5,CONTINUE
R086,H036,v3.37,25,CONTINUE
R086,H036,v3.37,50,CONTINUE
R086,H036,v3.37,100,CONTINUE
R086,H037,v3.37,5,CONTINUE
R086,H037,v3.37,25,CONTINUE
R086,H037,v3.37,50,CONTINUE
R086,H037,v3.37,100,CONTINUE
R086,H038,v3.37,5,CONTINUE
R086,H038,v3.37,25,CONTINUE
R086,H038,v3.37,50,CONTINUE
R086,H038,v3.37,100,CONTINUE
R086,H039,v3.37,5,CONTINUE
R086,H039,v3.37,25,CONTINUE
R086,H039,v3.37,50,CONTINUE
R086,H039,v3.37,100,CONTINUE
R086,H040,v3.37,5,CONTINUE
R086,H040,v3.37,25,CONTINUE
R086,H040,v3.37,50,CONTINUE
R086,H040,v3.37,100,CONTINUE
R086,H041,v3.37,5,CONTINUE
R086,H041,v3.37,25,CONTINUE
R086,H041,v3.37,50,CONTINUE
R086,H041,v3.37,100,CONTINUE
R086,H042,v3.37,5,CONTINUE
R086,H042,v3.37,25,CONTINUE
R086,H042,v3.37,50,CONTINUE
R086,H042,v3.37,100,CONTINUE
R086,H043,v3.37,5,HOLD
R086,H044,v3.37,5,CONTINUE
R086,H044,v3.37,25,CONTINUE
R086,H044,v3.37,50,CONTINUE
R086,H044,v3.37,100,CONTINUE
R086,H045,v3.37,5,CONTINUE
R086,H045,v3.37,25,CONTINUE
R086,H045,v3.37,50,CONTINUE
R086,H045,v3.37,100,CONTINUE
R086,H046,v3.37,5,CONTINUE
R086,H046,v3.37,25,CONTINUE
R086,H046,v3.37,50,CONTINUE
R086,H046,v3.37,100,CONTINUE
R086,H047,v3.37,5,CONTINUE
R086,H047,v3.37,25,CONTINUE
R086,H047,v3.37,50,CONTINUE
R086,H047,v3.37,100,CONTINUE
R086,H048,v3.37,5,CONTINUE
R086,H048,v3.37,25,CONTINUE
R086,H048,v3.37,50,CONTINUE
R086,H048,v3.37,100,CONTINUE
R086,H049,v3.37,5,CONTINUE
R086,H049,v3.37,25,CONTINUE
R086,H049,v3.37,50,CONTINUE
R086,H049,v3.37,100,CONTINUE
R086,H050,v3.37,5,CONTINUE
R086,H050,v3.37,25,CONTINUE
R086,H050,v3.37,50,CONTINUE
R086,H050,v3.37,100,CONTINUE
R087,H001,v3.38,5,STOP
R087,H002,v3.38,5,STOP
R087,H003,v3.38,5,STOP
R087,H004,v3.38,5,STOP
R087,H005,v3.38,5,STOP
R087,H006,v3.38,5,STOP
R087,H007,v3.38,5,STOP
R087,H008,v3.38,5,STOP
R087,H009,v3.38,5,STOP
R087,H010,v3.38,5,STOP
R087,H011,v3.38,5,STOP
R087,H012,v3.38,5,STOP
R087,H013,v3.38,5,STOP
R087,H014,v3.38,5,STOP
R087,H015,v3.38,5,STOP
R087,H016,v3.38,5,STOP
R087,H017,v3.38,5,STOP
R087,H018,v3.38,5,STOP
R087,H019,v3.38,5,STOP
R087,H020,v3.38,5,STOP
R087,H021,v3.38,5,HOLD
R087,H022,v3.38,5,STOP
R087,H023,v3.38,5,STOP
R087,H024,v3.38,5,STOP
R087,H025,v3.38,5,STOP
R087,H026,v3.38,5,HOLD
R087,H027,v3.38,5,HOLD
R087,H028,v3.38,5,STOP
R087,H029,v3.38,5,STOP
R087,H030,v3.38,5,STOP
R087,H031,v3.38,5,STOP
R087,H032,v3.38,5,STOP
R087,H033,v3.38,5,STOP
R087,H034,v3.38,5,STOP
R087,H035,v3.38,5,STOP
R087,H036,v3.38,5,STOP
R087,H037,v3.38,5,STOP
R087,H038,v3.38,5,HOLD
R087,H039,v3.38,5,STOP
R087,H040,v3.38,5,STOP
R087,H041,v3.38,5,STOP
R087,H042,v3.38,5,STOP
R087,H043,v3.38,5,STOP
R087,H044,v3.38,5,STOP
R087,H045,v3.38,5,STOP
R087,H046,v3.38,5,STOP
R087,H047,v3.38,5,HOLD
R087,H048,v3.38,5,STOP
R087,H049,v3.38,5,STOP
R087,H050,v3.38,5,STOP
R088,H001,v3.39,5,HOLD
R088,H002,v3.39,5,CONTINUE
R088,H002,v3.39,25,CONTINUE
R088,H002,v3.39,50,CONTINUE
R088,H002,v3.39,100,CONTINUE
R088,H003,v3.39,5,HOLD
R088,H004,v3.39,5,STOP
R088,H005,v3.39,5,CONTINUE
R088,H005,v3.39,25,CONTINUE
R088,H005,v3.39,50,CONTINUE
R088,H005,v3.39,100,CONTINUE
R088,H006,v3.39,5,CONTINUE
R088,H006,v3.39,25,CONTINUE
R088,H006,v3.39,50,CONTINUE
R088,H006,v3.39,100,CONTINUE
R088,H007,v3.39,5,CONTINUE
R088,H007,v3.39,25,CONTINUE
R088,H007,v3.39,50,CONTINUE
R088,H007,v3.39,100,CONTINUE
R088,H008,v3.39,5,CONTINUE
R088,H008,v3.39,25,CONTINUE
R088,H008,v3.39,50,CONTINUE
R088,H008,v3.39,100,CONTINUE
R088,H009,v3.39,5,CONTINUE
R088,H009,v3.39,25,CONTINUE
R088,H009,v3.39,50,CONTINUE
R088,H009,v3.39,100,CONTINUE
R088,H010,v3.39,5,CONTINUE
R088,H010,v3.39,25,CONTINUE
R088,H010,v3.39,50,CONTINUE
R088,H010,v3.39,100,CONTINUE
R088,H011,v3.39,5,STOP
R088,H012,v3.39,5,STOP
R088,H013,v3.39,5,CONTINUE
R088,H013,v3.39,25,CONTINUE
R088,H013,v3.39,50,CONTINUE
R088,H013,v3.39,100,CONTINUE
R088,H014,v3.39,5,CONTINUE
R088,H014,v3.39,25,CONTINUE
R088,H014,v3.39,50,CONTINUE
R088,H014,v3.39,100,CONTINUE
R088,H015,v3.39,5,CONTINUE
R088,H015,v3.39,25,CONTINUE
R088,H015,v3.39,50,CONTINUE
R088,H015,v3.39,100,CONTINUE
R088,H016,v3.39,5,STOP
R088,H017,v3.39,5,CONTINUE
R088,H017,v3.39,25,CONTINUE
R088,H017,v3.39,50,CONTINUE
R088,H017,v3.39,100,CONTINUE
R088,H018,v3.39,5,CONTINUE
R088,H018,v3.39,25,CONTINUE
R088,H018,v3.39,50,CONTINUE
R088,H018,v3.39,100,CONTINUE
R088,H019,v3.39,5,CONTINUE
R088,H019,v3.39,25,CONTINUE
R088,H019,v3.39,50,CONTINUE
R088,H019,v3.39,100,CONTINUE
R088,H020,v3.39,5,HOLD
R088,H021,v3.39,5,CONTINUE
R088,H021,v3.39,25,CONTINUE
R088,H021,v3.39,50,CONTINUE
R088,H021,v3.39,100,CONTINUE
R088,H022,v3.39,5,CONTINUE
R088,H022,v3.39,25,CONTINUE
R088,H022,v3.39,50,CONTINUE
R088,H022,v3.39,100,CONTINUE
R088,H023,v3.39,5,CONTINUE
R088,H023,v3.39,25,CONTINUE
R088,H023,v3.39,50,CONTINUE
R088,H023,v3.39,100,CONTINUE
R088,H024,v3.39,5,CONTINUE
R088,H024,v3.39,25,CONTINUE
R088,H024,v3.39,50,CONTINUE
R088,H024,v3.39,100,CONTINUE
R088,H025,v3.39,5,CONTINUE
R088,H025,v3.39,25,CONTINUE
R088,H025,v3.39,50,CONTINUE
R088,H025,v3.39,100,CONTINUE
R088,H026,v3.39,5,CONTINUE
R088,H026,v3.39,25,CONTINUE
R088,H026,v3.39,50,CONTINUE
R088,H026,v3.39,100,CONTINUE
R088,H027,v3.39,5,CONTINUE
R088,H027,v3.39,25,CONTINUE
R088,H027,v3.39,50,CONTINUE
R088,H027,v3.39,100,CONTINUE
R088,H028,v3.39,5,CONTINUE
R088,H028,v3.39,25,CONTINUE
R088,H028,v3.39,50,CONTINUE
R088,H028,v3.39,100,CONTINUE
R088,H029,v3.39,5,CONTINUE
R088,H029,v3.39,25,CONTINUE
R088,H029,v3.39,50,CONTINUE
R088,H029,v3.39,100,CONTINUE
R088,H030,v3.39,5,CONTINUE
R088,H030,v3.39,25,CONTINUE
R088,H030,v3.39,50,CONTINUE
R088,H030,v3.39,100,CONTINUE
R088,H031,v3.39,5,CONTINUE
R088,H031,v3.39,25,CONTINUE
R088,H031,v3.39,50,CONTINUE
R088,H031,v3.39,100,CONTINUE
R088,H032,v3.39,5,CONTINUE
R088,H032,v3.39,25,CONTINUE
R088,H032,v3.39,50,CONTINUE
R088,H032,v3.39,100,CONTINUE
R088,H033,v3.39,5,CONTINUE
R088,H033,v3.39,25,CONTINUE
R088,H033,v3.39,50,CONTINUE
R088,H033,v3.39,100,CONTINUE
R088,H034,v3.39,5,CONTINUE
R088,H034,v3.39,25,CONTINUE
R088,H034,v3.39,50,CONTINUE
R088,H034,v3.39,100,CONTINUE
R088,H035,v3.39,5,CONTINUE
R088,H035,v3.39,25,CONTINUE
R088,H035,v3.39,50,CONTINUE
R088,H035,v3.39,100,CONTINUE
R088,H036,v3.39,5,CONTINUE
R088,H036,v3.39,25,CONTINUE
R088,H036,v3.39,50,CONTINUE
R088,H036,v3.39,100,CONTINUE
R088,H037,v3.39,5,CONTINUE
R088,H037,v3.39,25,CONTINUE
R088,H037,v3.39,50,CONTINUE
R088,H037,v3.39,100,CONTINUE
R088,H038,v3.39,5,CONTINUE
R088,H038,v3.39,25,CONTINUE
R088,H038,v3.39,50,CONTINUE
R088,H038,v3.39,100,CONTINUE
R088,H039,v3.39,5,CONTINUE
R088,H039,v3.39,25,CONTINUE
R088,H039,v3.39,50,CONTINUE
R088,H039,v3.39,100,CONTINUE
R088,H040,v3.39,5,CONTINUE
R088,H040,v3.39,25,CONTINUE
R088,H040,v3.39,50,CONTINUE
R088,H040,v3.39,100,CONTINUE
R088,H041,v3.39,5,CONTINUE
R088,H041,v3.39,25,CONTINUE
R088,H041,v3.39,50,CONTINUE
R088,H041,v3.39,100,CONTINUE
R088,H042,v3.39,5,CONTINUE
R088,H042,v3.39,25,CONTINUE
R088,H042,v3.39,50,CONTINUE
R088,H042,v3.39,100,CONTINUE
R088,H043,v3.39,5,CONTINUE
R088,H043,v3.39,25,CONTINUE
R088,H043,v3.39,50,CONTINUE
R088,H043,v3.39,100,CONTINUE
R088,H044,v3.39,5,CONTINUE
R088,H044,v3.39,25,CONTINUE
R088,H044,v3.39,50,CONTINUE
R088,H044,v3.39,100,CONTINUE
R088,H045,v3.39,5,CONTINUE
R088,H045,v3.39,25,CONTINUE
R088,H045,v3.39,50,CONTINUE
R088,H045,v3.39,100,CONTINUE
R088,H046,v3.39,5,CONTINUE
R088,H046,v3.39,25,CONTINUE
R088,H046,v3.39,50,CONTINUE
R088,H046,v3.39,100,CONTINUE
R088,H047,v3.39,5,CONTINUE
R088,H047,v3.39,25,CONTINUE
R088,H047,v3.39,50,CONTINUE
R088,H047,v3.39,100,CONTINUE
R088,H048,v3.39,5,CONTINUE
R088,H048,v3.39,25,CONTINUE
R088,H048,v3.39,50,CONTINUE
R088,H048,v3.39,100,CONTINUE
R088,H049,v3.39,5,CONTINUE
R088,H049,v3.39,25,CONTINUE
R088,H049,v3.39,50,CONTINUE
R088,H049,v3.39,100,CONTINUE
R088,H050,v3.39,5,CONTINUE
R088,H050,v3.39,25,CONTINUE
R088,H050,v3.39,50,CONTINUE
R088,H050,v3.39,100,CONTINUE
R089,H001,v3.40,5,STOP
R089,H002,v3.40,5,STOP
R089,H003,v3.40,5,STOP
R089,H004,v3.40,5,STOP
R089,H005,v3.40,5,STOP
R089,H006,v3.40,5,STOP
R089,H007,v3.40,5,STOP
R089,H008,v3.40,5,STOP
R089,H009,v3.40,5,STOP
R089,H010,v3.40,5,STOP
R089,H011,v3.40,5,STOP
R089,H012,v3.40,5,STOP
R089,H013,v3.40,5,STOP
R089,H014,v3.40,5,STOP
R089,H015,v3.40,5,STOP
R089,H016,v3.40,5,STOP
R089,H017,v3.40,5,HOLD
R089,H018,v3.40,5,STOP
R089,H019,v3.40,5,STOP
R089,H020,v3.40,5,HOLD
R089,H021,v3.40,5,STOP
R089,H022,v3.40,5,STOP
R089,H023,v3.40,5,STOP
R089,H024,v3.40,5,STOP
R089,H025,v3.40,5,STOP
R089,H026,v3.40,5,STOP
R089,H027,v3.40,5,STOP
R089,H028,v3.40,5,STOP
R089,H029,v3.40,5,STOP
R089,H030,v3.40,5,STOP
R089,H031,v3.40,5,STOP
R089,H032,v3.40,5,STOP
R089,H033,v3.40,5,STOP
R089,H034,v3.40,5,STOP
R089,H035,v3.40,5,STOP
R089,H036,v3.40,5,HOLD
R089,H037,v3.40,5,STOP
R089,H038,v3.40,5,STOP
R089,H039,v3.40,5,STOP
R089,H040,v3.40,5,STOP
R089,H041,v3.40,5,HOLD
R089,H042,v3.40,5,STOP
R089,H043,v3.40,5,HOLD
R089,H044,v3.40,5,STOP
R089,H045,v3.40,5,STOP
R089,H046,v3.40,5,STOP
R089,H047,v3.40,5,HOLD
R089,H048,v3.40,5,STOP
R089,H049,v3.40,5,STOP
R089,H050,v3.40,5,STOP
R090,H001,v3.41,5,CONTINUE
R090,H001,v3.41,25,CONTINUE
R090,H001,v3.41,50,CONTINUE
R090,H001,v3.41,100,CONTINUE
R090,H002,v3.41,5,CONTINUE
R090,H002,v3.41,25,CONTINUE
R090,H002,v3.41,50,CONTINUE
R090,H002,v3.41,100,CONTINUE
R090,H003,v3.41,5,CONTINUE
R090,H003,v3.41,25,CONTINUE
R090,H003,v3.41,50,CONTINUE
R090,H003,v3.41,100,CONTINUE
R090,H004,v3.41,5,CONTINUE
R090,H004,v3.41,25,CONTINUE
R090,H004,v3.41,50,CONTINUE
R090,H004,v3.41,100,CONTINUE
R090,H005,v3.41,5,CONTINUE
R090,H005,v3.41,25,CONTINUE
R090,H005,v3.41,50,CONTINUE
R090,H005,v3.41,100,CONTINUE
R090,H006,v3.41,5,CONTINUE
R090,H006,v3.41,25,CONTINUE
R090,H006,v3.41,50,CONTINUE
R090,H006,v3.41,100,CONTINUE
R090,H007,v3.41,5,CONTINUE
R090,H007,v3.41,25,CONTINUE
R090,H007,v3.41,50,CONTINUE
R090,H007,v3.41,100,CONTINUE
R090,H008,v3.41,5,CONTINUE
R090,H008,v3.41,25,CONTINUE
R090,H008,v3.41,50,CONTINUE
R090,H008,v3.41,100,CONTINUE
R090,H009,v3.41,5,CONTINUE
R090,H009,v3.41,25,CONTINUE
R090,H009,v3.41,50,CONTINUE
R090,H009,v3.41,100,CONTINUE
R090,H010,v3.41,5,CONTINUE
R090,H010,v3.41,25,CONTINUE
R090,H010,v3.41,50,CONTINUE
R090,H010,v3.41,100,CONTINUE
R090,H011,v3.41,5,CONTINUE
R090,H011,v3.41,25,CONTINUE
R090,H011,v3.41,50,CONTINUE
R090,H011,v3.41,100,CONTINUE
R090,H012,v3.41,5,HOLD
R090,H013,v3.41,5,CONTINUE
R090,H013,v3.41,25,CONTINUE
R090,H013,v3.41,50,CONTINUE
R090,H013,v3.41,100,CONTINUE
R090,H014,v3.41,5,CONTINUE
R090,H014,v3.41,25,CONTINUE
R090,H014,v3.41,50,CONTINUE
R090,H014,v3.41,100,CONTINUE
R090,H015,v3.41,5,CONTINUE
R090,H015,v3.41,25,CONTINUE
R090,H015,v3.41,50,CONTINUE
R090,H015,v3.41,100,CONTINUE
R090,H016,v3.41,5,CONTINUE
R090,H016,v3.41,25,CONTINUE
R090,H016,v3.41,50,CONTINUE
R090,H016,v3.41,100,CONTINUE
R090,H017,v3.41,5,CONTINUE
R090,H017,v3.41,25,CONTINUE
R090,H017,v3.41,50,CONTINUE
R090,H017,v3.41,100,CONTINUE
R090,H018,v3.41,5,CONTINUE
R090,H018,v3.41,25,CONTINUE
R090,H018,v3.41,50,CONTINUE
R090,H018,v3.41,100,CONTINUE
R090,H019,v3.41,5,CONTINUE
R090,H019,v3.41,25,CONTINUE
R090,H019,v3.41,50,CONTINUE
R090,H019,v3.41,100,CONTINUE
R090,H020,v3.41,5,CONTINUE
R090,H020,v3.41,25,CONTINUE
R090,H020,v3.41,50,CONTINUE
R090,H020,v3.41,100,CONTINUE
R090,H021,v3.41,5,CONTINUE
R090,H021,v3.41,25,CONTINUE
R090,H021,v3.41,50,CONTINUE
R090,H021,v3.41,100,CONTINUE
R090,H022,v3.41,5,CONTINUE
R090,H022,v3.41,25,CONTINUE
R090,H022,v3.41,50,CONTINUE
R090,H022,v3.41,100,CONTINUE
R090,H023,v3.41,5,STOP
R090,H024,v3.41,5,CONTINUE
R090,H024,v3.41,25,CONTINUE
R090,H024,v3.41,50,CONTINUE
R090,H024,v3.41,100,CONTINUE
R090,H025,v3.41,5,CONTINUE
R090,H025,v3.41,25,CONTINUE
R090,H025,v3.41,50,CONTINUE
R090,H025,v3.41,100,CONTINUE
R090,H026,v3.41,5,CONTINUE
R090,H026,v3.41,25,CONTINUE
R090,H026,v3.41,50,CONTINUE
R090,H026,v3.41,100,CONTINUE
R090,H027,v3.41,5,CONTINUE
R090,H027,v3.41,25,CONTINUE
R090,H027,v3.41,50,CONTINUE
R090,H027,v3.41,100,CONTINUE
R090,H028,v3.41,5,CONTINUE
R090,H028,v3.41,25,CONTINUE
R090,H028,v3.41,50,CONTINUE
R090,H028,v3.41,100,CONTINUE
R090,H029,v3.41,5,CONTINUE
R090,H029,v3.41,25,CONTINUE
R090,H029,v3.41,50,CONTINUE
R090,H029,v3.41,100,CONTINUE
R090,H030,v3.41,5,CONTINUE
R090,H030,v3.41,25,CONTINUE
R090,H030,v3.41,50,CONTINUE
R090,H030,v3.41,100,CONTINUE
R090,H031,v3.41,5,CONTINUE
R090,H031,v3.41,25,CONTINUE
R090,H031,v3.41,50,CONTINUE
R090,H031,v3.41,100,CONTINUE
R090,H032,v3.41,5,CONTINUE
R090,H032,v3.41,25,CONTINUE
R090,H032,v3.41,50,CONTINUE
R090,H032,v3.41,100,CONTINUE
R090,H033,v3.41,5,STOP
R090,H034,v3.41,5,CONTINUE
R090,H034,v3.41,25,CONTINUE
R090,H034,v3.41,50,CONTINUE
R090,H034,v3.41,100,CONTINUE
R090,H035,v3.41,5,CONTINUE
R090,H035,v3.41,25,CONTINUE
R090,H035,v3.41,50,CONTINUE
R090,H035,v3.41,100,CONTINUE
R090,H036,v3.41,5,CONTINUE
R090,H036,v3.41,25,CONTINUE
R090,H036,v3.41,50,CONTINUE
R090,H036,v3.41,100,CONTINUE
R090,H037,v3.41,5,CONTINUE
R090,H037,v3.41,25,CONTINUE
R090,H037,v3.41,50,CONTINUE
R090,H037,v3.41,100,CONTINUE
R090,H038,v3.41,5,STOP
R090,H039,v3.41,5,CONTINUE
R090,H039,v3.41,25,CONTINUE
R090,H039,v3.41,50,CONTINUE
R090,H039,v3.41,100,CONTINUE
R090,H040,v3.41,5,CONTINUE
R090,H040,v3.41,25,CONTINUE
R090,H040,v3.41,50,CONTINUE
R090,H040,v3.41,100,CONTINUE
R090,H041,v3.41,5,CONTINUE
R090,H041,v3.41,25,CONTINUE
R090,H041,v3.41,50,CONTINUE
R090,H041,v3.41,100,CONTINUE
R090,H042,v3.41,5,CONTINUE
R090,H042,v3.41,25,CONTINUE
R090,H042,v3.41,50,CONTINUE
R090,H042,v3.41,100,CONTINUE
R090,H043,v3.41,5,STOP
R090,H044,v3.41,5,CONTINUE
R090,H044,v3.41,25,CONTINUE
R090,H044,v3.41,50,CONTINUE
R090,H044,v3.41,100,CONTINUE
R090,H045,v3.41,5,HOLD
R090,H046,v3.41,5,CONTINUE
R090,H046,v3.41,25,CONTINUE
R090,H046,v3.41,50,CONTINUE
R090,H046,v3.41,100,CONTINUE
R090,H047,v3.41,5,CONTINUE
R090,H047,v3.41,25,CONTINUE
R090,H047,v3.41,50,CONTINUE
R090,H047,v3.41,100,CONTINUE
R090,H048,v3.41,5,CONTINUE
R090,H048,v3.41,25,CONTINUE
R090,H048,v3.41,50,CONTINUE
R090,H048,v3.41,100,CONTINUE
R090,H049,v3.41,5,CONTINUE
R090,H049,v3.41,25,CONTINUE
R090,H049,v3.41,50,CONTINUE
R090,H049,v3.41,100,CONTINUE
R090,H050,v3.41,5,CONTINUE
R090,H050,v3.41,25,CONTINUE
R090,H050,v3.41,50,CONTINUE
R090,H050,v3.41,100,CONTINUE
R091,H001,v3.42,5,CONTINUE
R091,H001,v3.42,25,CONTINUE
R091,H001,v3.42,50,CONTINUE
R091,H001,v3.42,100,CONTINUE
R091,H002,v3.42,5,CONTINUE
R091,H002,v3.42,25,CONTINUE
R091,H002,v3.42,50,CONTINUE
R091,H002,v3.42,100,CONTINUE
R091,H003,v3.42,5,HOLD
R091,H004,v3.42,5,CONTINUE
R091,H004,v3.42,25,CONTINUE
R091,H004,v3.42,50,CONTINUE
R091,H004,v3.42,100,CONTINUE
R091,H005,v3.42,5,HOLD
R091,H006,v3.42,5,STOP
R091,H007,v3.42,5,CONTINUE
R091,H007,v3.42,25,CONTINUE
R091,H007,v3.42,50,CONTINUE
R091,H007,v3.42,100,CONTINUE
R091,H008,v3.42,5,CONTINUE
R091,H008,v3.42,25,CONTINUE
R091,H008,v3.42,50,CONTINUE
R091,H008,v3.42,100,CONTINUE
R091,H009,v3.42,5,CONTINUE
R091,H009,v3.42,25,CONTINUE
R091,H009,v3.42,50,CONTINUE
R091,H009,v3.42,100,CONTINUE
R091,H010,v3.42,5,CONTINUE
R091,H010,v3.42,25,CONTINUE
R091,H010,v3.42,50,CONTINUE
R091,H010,v3.42,100,CONTINUE
R091,H011,v3.42,5,CONTINUE
R091,H011,v3.42,25,CONTINUE
R091,H011,v3.42,50,CONTINUE
R091,H011,v3.42,100,CONTINUE
R091,H012,v3.42,5,CONTINUE
R091,H012,v3.42,25,CONTINUE
R091,H012,v3.42,50,CONTINUE
R091,H012,v3.42,100,CONTINUE
R091,H013,v3.42,5,CONTINUE
R091,H013,v3.42,25,CONTINUE
R091,H013,v3.42,50,CONTINUE
R091,H013,v3.42,100,CONTINUE
R091,H014,v3.42,5,CONTINUE
R091,H014,v3.42,25,CONTINUE
R091,H014,v3.42,50,CONTINUE
R091,H014,v3.42,100,CONTINUE
R091,H015,v3.42,5,CONTINUE
R091,H015,v3.42,25,CONTINUE
R091,H015,v3.42,50,CONTINUE
R091,H015,v3.42,100,CONTINUE
R091,H016,v3.42,5,CONTINUE
R091,H016,v3.42,25,CONTINUE
R091,H016,v3.42,50,CONTINUE
R091,H016,v3.42,100,CONTINUE
R091,H017,v3.42,5,CONTINUE
R091,H017,v3.42,25,CONTINUE
R091,H017,v3.42,50,CONTINUE
R091,H017,v3.42,100,CONTINUE
R091,H018,v3.42,5,HOLD
R091,H019,v3.42,5,CONTINUE
R091,H019,v3.42,25,CONTINUE
R091,H019,v3.42,50,CONTINUE
R091,H019,v3.42,100,CONTINUE
R091,H020,v3.42,5,CONTINUE
R091,H020,v3.42,25,CONTINUE
R091,H020,v3.42,50,CONTINUE
R091,H020,v3.42,100,CONTINUE
R091,H021,v3.42,5,CONTINUE
R091,H021,v3.42,25,CONTINUE
R091,H021,v3.42,50,CONTINUE
R091,H021,v3.42,100,CONTINUE
R091,H022,v3.42,5,CONTINUE
R091,H022,v3.42,25,CONTINUE
R091,H022,v3.42,50,CONTINUE
R091,H022,v3.42,100,CONTINUE
R091,H023,v3.42,5,CONTINUE
R091,H023,v3.42,25,CONTINUE
R091,H023,v3.42,50,CONTINUE
R091,H023,v3.42,100,CONTINUE
R091,H024,v3.42,5,STOP
R091,H025,v3.42,5,CONTINUE
R091,H025,v3.42,25,CONTINUE
R091,H025,v3.42,50,CONTINUE
R091,H025,v3.42,100,CONTINUE
R091,H026,v3.42,5,CONTINUE
R091,H026,v3.42,25,CONTINUE
R091,H026,v3.42,50,CONTINUE
R091,H026,v3.42,100,CONTINUE
R091,H027,v3.42,5,CONTINUE
R091,H027,v3.42,25,CONTINUE
R091,H027,v3.42,50,CONTINUE
R091,H027,v3.42,100,CONTINUE
R091,H028,v3.42,5,CONTINUE
R091,H028,v3.42,25,CONTINUE
R091,H028,v3.42,50,CONTINUE
R091,H028,v3.42,100,CONTINUE
R091,H029,v3.42,5,CONTINUE
R091,H029,v3.42,25,CONTINUE
R091,H029,v3.42,50,CONTINUE
R091,H029,v3.42,100,CONTINUE
R091,H030,v3.42,5,CONTINUE
R091,H030,v3.42,25,CONTINUE
R091,H030,v3.42,50,CONTINUE
R091,H030,v3.42,100,CONTINUE
R091,H031,v3.42,5,CONTINUE
R091,H031,v3.42,25,CONTINUE
R091,H031,v3.42,50,CONTINUE
R091,H031,v3.42,100,CONTINUE
R091,H032,v3.42,5,CONTINUE
R091,H032,v3.42,25,CONTINUE
R091,H032,v3.42,50,CONTINUE
R091,H032,v3.42,100,CONTINUE
R091,H033,v3.42,5,CONTINUE
R091,H033,v3.42,25,CONTINUE
R091,H033,v3.42,50,CONTINUE
R091,H033,v3.42,100,CONTINUE
R091,H034,v3.42,5,CONTINUE
R091,H034,v3.42,25,CONTINUE
R091,H034,v3.42,50,CONTINUE
R091,H034,v3.42,100,CONTINUE
R091,H035,v3.42,5,CONTINUE
R091,H035,v3.42,25,CONTINUE
R091,H035,v3.42,50,CONTINUE
R091,H035,v3.42,100,CONTINUE
R091,H036,v3.42,5,STOP
R091,H037,v3.42,5,CONTINUE
R091,H037,v3.42,25,CONTINUE
R091,H037,v3.42,50,CONTINUE
R091,H037,v3.42,100,CONTINUE
R091,H038,v3.42,5,CONTINUE
R091,H038,v3.42,25,CONTINUE
R091,H038,v3.42,50,CONTINUE
R091,H038,v3.42,100,CONTINUE
R091,H039,v3.42,5,CONTINUE
R091,H039,v3.42,25,CONTINUE
R091,H039,v3.42,50,CONTINUE
R091,H039,v3.42,100,CONTINUE
R091,H040,v3.42,5,CONTINUE
R091,H040,v3.42,25,CONTINUE
R091,H040,v3.42,50,CONTINUE
R091,H040,v3.42,100,CONTINUE
R091,H041,v3.42,5,CONTINUE
R091,H041,v3.42,25,CONTINUE
R091,H041,v3.42,50,CONTINUE
R091,H041,v3.42,100,CONTINUE
R091,H042,v3.42,5,CONTINUE
R091,H042,v3.42,25,CONTINUE
R091,H042,v3.42,50,CONTINUE
R091,H042,v3.42,100,CONTINUE
R091,H043,v3.42,5,CONTINUE
R091,H043,v3.42,25,CONTINUE
R091,H043,v3.42,50,CONTINUE
R091,H043,v3.42,100,CONTINUE
R091,H044,v3.42,5,CONTINUE
R091,H044,v3.42,25,CONTINUE
R091,H044,v3.42,50,CONTINUE
R091,H044,v3.42,100,CONTINUE
R091,H045,v3.42,5,CONTINUE
R091,H045,v3.42,25,CONTINUE
R091,H045,v3.42,50,CONTINUE
R091,H045,v3.42,100,CONTINUE
R091,H046,v3.42,5,CONTINUE
R091,H046,v3.42,25,CONTINUE
R091,H046,v3.42,50,CONTINUE
R091,H046,v3.42,100,CONTINUE
R091,H047,v3.42,5,CONTINUE
R091,H047,v3.42,25,CONTINUE
R091,H047,v3.42,50,CONTINUE
R091,H047,v3.42,100,CONTINUE
R091,H048,v3.42,5,CONTINUE
R091,H048,v3.42,25,CONTINUE
R091,H048,v3.42,50,CONTINUE
R091,H048,v3.42,100,CONTINUE
R091,H049,v3.42,5,CONTINUE
R091,H049,v3.42,25,CONTINUE
R091,H049,v3.42,50,CONTINUE
R091,H049,v3.42,100,CONTINUE
R091,H050,v3.42,5,CONTINUE
R091,H050,v3.42,25,CONTINUE
R091,H050,v3.42,50,CONTINUE
R091,H050,v3.42,100,CONTINUE
R092,H001,v3.43,5,HOLD
R092,H002,v3.43,5,STOP
R092,H003,v3.43,5,STOP
R092,H004,v3.43,5,HOLD
R092,H005,v3.43,5,STOP
R092,H006,v3.43,5,STOP
R092,H007,v3.43,5,STOP
R092,H008,v3.43,5,STOP
R092,H009,v3.43,5,STOP
R092,H010,v3.43,5,STOP
R092,H011,v3.43,5,STOP
R092,H012,v3.43,5,STOP
R092,H013,v3.43,5,STOP
R092,H014,v3.43,5,STOP
R092,H015,v3.43,5,HOLD
R092,H016,v3.43,5,STOP
R092,H017,v3.43,5,STOP
R092,H018,v3.43,5,STOP
R092,H019,v3.43,5,STOP
R092,H020,v3.43,5,STOP
R092,H021,v3.43,5,STOP
R092,H022,v3.43,5,STOP
R092,H023,v3.43,5,HOLD
R092,H024,v3.43,5,HOLD
R092,H025,v3.43,5,STOP
R092,H026,v3.43,5,HOLD
R092,H027,v3.43,5,STOP
R092,H028,v3.43,5,STOP
R092,H029,v3.43,5,HOLD
R092,H030,v3.43,5,STOP
R092,H031,v3.43,5,STOP
R092,H032,v3.43,5,STOP
R092,H033,v3.43,5,STOP
R092,H034,v3.43,5,STOP
R092,H035,v3.43,5,STOP
R092,H036,v3.43,5,STOP
R092,H037,v3.43,5,STOP
R092,H038,v3.43,5,STOP
R092,H039,v3.43,5,STOP
R092,H040,v3.43,5,HOLD
R092,H041,v3.43,5,STOP
R092,H042,v3.43,5,STOP
R092,H043,v3.43,5,STOP
R092,H044,v3.43,5,STOP
R092,H045,v3.43,5,STOP
R092,H046,v3.43,5,STOP
R092,H047,v3.43,5,STOP
R092,H048,v3.43,5,STOP
R092,H049,v3.43,5,STOP
R092,H050,v3.43,5,STOP
R093,H001,v3.44,5,CONTINUE
R093,H001,v3.44,25,CONTINUE
R093,H001,v3.44,50,CONTINUE
R093,H001,v3.44,100,CONTINUE
R093,H002,v3.44,5,CONTINUE
R093,H002,v3.44,25,CONTINUE
R093,H002,v3.44,50,CONTINUE
R093,H002,v3.44,100,CONTINUE
R093,H003,v3.44,5,CONTINUE
R093,H003,v3.44,25,CONTINUE
R093,H003,v3.44,50,CONTINUE
R093,H003,v3.44,100,CONTINUE
R093,H004,v3.44,5,CONTINUE
R093,H004,v3.44,25,CONTINUE
R093,H004,v3.44,50,CONTINUE
R093,H004,v3.44,100,CONTINUE
R093,H005,v3.44,5,CONTINUE
R093,H005,v3.44,25,CONTINUE
R093,H005,v3.44,50,CONTINUE
R093,H005,v3.44,100,CONTINUE
R093,H006,v3.44,5,CONTINUE
R093,H006,v3.44,25,CONTINUE
R093,H006,v3.44,50,CONTINUE
R093,H006,v3.44,100,CONTINUE
R093,H007,v3.44,5,CONTINUE
R093,H007,v3.44,25,CONTINUE
R093,H007,v3.44,50,CONTINUE
R093,H007,v3.44,100,CONTINUE
R093,H008,v3.44,5,CONTINUE
R093,H008,v3.44,25,CONTINUE
R093,H008,v3.44,50,CONTINUE
R093,H008,v3.44,100,CONTINUE
R093,H009,v3.44,5,CONTINUE
R093,H009,v3.44,25,CONTINUE
R093,H009,v3.44,50,CONTINUE
R093,H009,v3.44,100,CONTINUE
R093,H010,v3.44,5,CONTINUE
R093,H010,v3.44,25,CONTINUE
R093,H010,v3.44,50,CONTINUE
R093,H010,v3.44,100,CONTINUE
R093,H011,v3.44,5,CONTINUE
R093,H011,v3.44,25,CONTINUE
R093,H011,v3.44,50,CONTINUE
R093,H011,v3.44,100,CONTINUE
R093,H012,v3.44,5,CONTINUE
R093,H012,v3.44,25,CONTINUE
R093,H012,v3.44,50,CONTINUE
R093,H012,v3.44,100,CONTINUE
R093,H013,v3.44,5,CONTINUE
R093,H013,v3.44,25,CONTINUE
R093,H013,v3.44,50,CONTINUE
R093,H013,v3.44,100,CONTINUE
R093,H014,v3.44,5,CONTINUE
R093,H014,v3.44,25,CONTINUE
R093,H014,v3.44,50,CONTINUE
R093,H014,v3.44,100,CONTINUE
R093,H015,v3.44,5,CONTINUE
R093,H015,v3.44,25,CONTINUE
R093,H015,v3.44,50,CONTINUE
R093,H015,v3.44,100,CONTINUE
R093,H016,v3.44,5,HOLD
R093,H017,v3.44,5,CONTINUE
R093,H017,v3.44,25,CONTINUE
R093,H017,v3.44,50,CONTINUE
R093,H017,v3.44,100,CONTINUE
R093,H018,v3.44,5,CONTINUE
R093,H018,v3.44,25,CONTINUE
R093,H018,v3.44,50,CONTINUE
R093,H018,v3.44,100,CONTINUE
R093,H019,v3.44,5,CONTINUE
R093,H019,v3.44,25,CONTINUE
R093,H019,v3.44,50,CONTINUE
R093,H019,v3.44,100,CONTINUE
R093,H020,v3.44,5,CONTINUE
R093,H020,v3.44,25,CONTINUE
R093,H020,v3.44,50,CONTINUE
R093,H020,v3.44,100,CONTINUE
R093,H021,v3.44,5,CONTINUE
R093,H021,v3.44,25,CONTINUE
R093,H021,v3.44,50,CONTINUE
R093,H021,v3.44,100,CONTINUE
R093,H022,v3.44,5,CONTINUE
R093,H022,v3.44,25,CONTINUE
R093,H022,v3.44,50,CONTINUE
R093,H022,v3.44,100,CONTINUE
R093,H023,v3.44,5,CONTINUE
R093,H023,v3.44,25,CONTINUE
R093,H023,v3.44,50,CONTINUE
R093,H023,v3.44,100,CONTINUE
R093,H024,v3.44,5,CONTINUE
R093,H024,v3.44,25,CONTINUE
R093,H024,v3.44,50,CONTINUE
R093,H024,v3.44,100,CONTINUE
R093,H025,v3.44,5,CONTINUE
R093,H025,v3.44,25,CONTINUE
R093,H025,v3.44,50,CONTINUE
R093,H025,v3.44,100,CONTINUE
R093,H026,v3.44,5,CONTINUE
R093,H026,v3.44,25,CONTINUE
R093,H026,v3.44,50,CONTINUE
R093,H026,v3.44,100,CONTINUE
R093,H027,v3.44,5,CONTINUE
R093,H027,v3.44,25,CONTINUE
R093,H027,v3.44,50,CONTINUE
R093,H027,v3.44,100,CONTINUE
R093,H028,v3.44,5,CONTINUE
R093,H028,v3.44,25,CONTINUE
R093,H028,v3.44,50,CONTINUE
R093,H028,v3.44,100,CONTINUE
R093,H029,v3.44,5,CONTINUE
R093,H029,v3.44,25,CONTINUE
R093,H029,v3.44,50,CONTINUE
R093,H029,v3.44,100,CONTINUE
R093,H030,v3.44,5,CONTINUE
R093,H030,v3.44,25,CONTINUE
R093,H030,v3.44,50,CONTINUE
R093,H030,v3.44,100,CONTINUE
R093,H031,v3.44,5,CONTINUE
R093,H031,v3.44,25,CONTINUE
R093,H031,v3.44,50,CONTINUE
R093,H031,v3.44,100,CONTINUE
R093,H032,v3.44,5,CONTINUE
R093,H032,v3.44,25,CONTINUE
R093,H032,v3.44,50,CONTINUE
R093,H032,v3.44,100,CONTINUE
R093,H033,v3.44,5,CONTINUE
R093,H033,v3.44,25,CONTINUE
R093,H033,v3.44,50,CONTINUE
R093,H033,v3.44,100,CONTINUE
R093,H034,v3.44,5,CONTINUE
R093,H034,v3.44,25,CONTINUE
R093,H034,v3.44,50,CONTINUE
R093,H034,v3.44,100,CONTINUE
R093,H035,v3.44,5,CONTINUE
R093,H035,v3.44,25,CONTINUE
R093,H035,v3.44,50,CONTINUE
R093,H035,v3.44,100,CONTINUE
R093,H036,v3.44,5,CONTINUE
R093,H036,v3.44,25,CONTINUE
R093,H036,v3.44,50,CONTINUE
R093,H036,v3.44,100,CONTINUE
R093,H037,v3.44,5,CONTINUE
R093,H037,v3.44,25,CONTINUE
R093,H037,v3.44,50,CONTINUE
R093,H037,v3.44,100,CONTINUE
R093,H038,v3.44,5,CONTINUE
R093,H038,v3.44,25,CONTINUE
R093,H038,v3.44,50,CONTINUE
R093,H038,v3.44,100,CONTINUE
R093,H039,v3.44,5,CONTINUE
R093,H039,v3.44,25,CONTINUE
R093,H039,v3.44,50,CONTINUE
R093,H039,v3.44,100,CONTINUE
R093,H040,v3.44,5,CONTINUE
R093,H040,v3.44,25,CONTINUE
R093,H040,v3.44,50,CONTINUE
R093,H040,v3.44,100,CONTINUE
R093,H041,v3.44,5,CONTINUE
R093,H041,v3.44,25,CONTINUE
R093,H041,v3.44,50,CONTINUE
R093,H041,v3.44,100,CONTINUE
R093,H042,v3.44,5,HOLD
R093,H043,v3.44,5,CONTINUE
R093,H043,v3.44,25,CONTINUE
R093,H043,v3.44,50,CONTINUE
R093,H043,v3.44,100,CONTINUE
R093,H044,v3.44,5,CONTINUE
R093,H044,v3.44,25,CONTINUE
R093,H044,v3.44,50,CONTINUE
R093,H044,v3.44,100,CONTINUE
R093,H045,v3.44,5,CONTINUE
R093,H045,v3.44,25,CONTINUE
R093,H045,v3.44,50,CONTINUE
R093,H045,v3.44,100,CONTINUE
R093,H046,v3.44,5,CONTINUE
R093,H046,v3.44,25,CONTINUE
R093,H046,v3.44,50,CONTINUE
R093,H046,v3.44,100,CONTINUE
R093,H047,v3.44,5,CONTINUE
R093,H047,v3.44,25,CONTINUE
R093,H047,v3.44,50,CONTINUE
R093,H047,v3.44,100,CONTINUE
R093,H048,v3.44,5,CONTINUE
R093,H048,v3.44,25,CONTINUE
R093,H048,v3.44,50,CONTINUE
R093,H048,v3.44,100,CONTINUE
R093,H049,v3.44,5,CONTINUE
R093,H049,v3.44,25,CONTINUE
R093,H049,v3.44,50,CONTINUE
R093,H049,v3.44,100,CONTINUE
R093,H050,v3.44,5,CONTINUE
R093,H050,v3.44,25,CONTINUE
R093,H050,v3.44,50,CONTINUE
R093,H050,v3.44,100,CONTINUE
R094,H001,v3.45,5,STOP
R094,H002,v3.45,5,STOP
R094,H003,v3.45,5,HOLD
R094,H004,v3.45,5,STOP
R094,H005,v3.45,5,STOP
R094,H006,v3.45,5,STOP
R094,H007,v3.45,5,HOLD
R094,H008,v3.45,5,STOP
R094,H009,v3.45,5,HOLD
R094,H010,v3.45,5,HOLD
R094,H011,v3.45,5,STOP
R094,H012,v3.45,5,STOP
R094,H013,v3.45,5,HOLD
R094,H014,v3.45,5,STOP
R094,H015,v3.45,5,STOP
R094,H016,v3.45,5,STOP
R094,H017,v3.45,5,STOP
R094,H018,v3.45,5,STOP
R094,H019,v3.45,5,STOP
R094,H020,v3.45,5,STOP
R094,H021,v3.45,5,STOP
R094,H022,v3.45,5,STOP
R094,H023,v3.45,5,STOP
R094,H024,v3.45,5,STOP
R094,H025,v3.45,5,STOP
R094,H026,v3.45,5,STOP
R094,H027,v3.45,5,STOP
R094,H028,v3.45,5,STOP
R094,H029,v3.45,5,STOP
R094,H030,v3.45,5,STOP
R094,H031,v3.45,5,STOP
R094,H032,v3.45,5,STOP
R094,H033,v3.45,5,STOP
R094,H034,v3.45,5,STOP
R094,H035,v3.45,5,STOP
R094,H036,v3.45,5,STOP
R094,H037,v3.45,5,STOP
R094,H038,v3.45,5,STOP
R094,H039,v3.45,5,HOLD
R094,H040,v3.45,5,STOP
R094,H041,v3.45,5,STOP
R094,H042,v3.45,5,STOP
R094,H043,v3.45,5,STOP
R094,H044,v3.45,5,STOP
R094,H045,v3.45,5,STOP
R094,H046,v3.45,5,STOP
R094,H047,v3.45,5,STOP
R094,H048,v3.45,5,STOP
R094,H049,v3.45,5,STOP
R094,H050,v3.45,5,STOP
R095,H001,v3.46,5,STOP
R095,H002,v3.46,5,STOP
R095,H003,v3.46,5,STOP
R095,H004,v3.46,5,STOP
R095,H005,v3.46,5,STOP
R095,H006,v3.46,5,STOP
R095,H007,v3.46,5,STOP
R095,H008,v3.46,5,STOP
R095,H009,v3.46,5,STOP
R095,H010,v3.46,5,STOP
R095,H011,v3.46,5,STOP
R095,H012,v3.46,5,STOP
R095,H013,v3.46,5,STOP
R095,H014,v3.46,5,STOP
R095,H015,v3.46,5,STOP
R095,H016,v3.46,5,HOLD
R095,H017,v3.46,5,STOP
R095,H018,v3.46,5,STOP
R095,H019,v3.46,5,STOP
R095,H020,v3.46,5,STOP
R095,H021,v3.46,5,STOP
R095,H022,v3.46,5,STOP
R095,H023,v3.46,5,STOP
R095,H024,v3.46,5,STOP
R095,H025,v3.46,5,STOP
R095,H026,v3.46,5,STOP
R095,H027,v3.46,5,STOP
R095,H028,v3.46,5,STOP
R095,H029,v3.46,5,STOP
R095,H030,v3.46,5,HOLD
R095,H031,v3.46,5,STOP
R095,H032,v3.46,5,HOLD
R095,H033,v3.46,5,STOP
R095,H034,v3.46,5,STOP
R095,H035,v3.46,5,STOP
R095,H036,v3.46,5,STOP
R095,H037,v3.46,5,STOP
R095,H038,v3.46,5,STOP
R095,H039,v3.46,5,STOP
R095,H040,v3.46,5,STOP
R095,H041,v3.46,5,STOP
R095,H042,v3.46,5,STOP
R095,H043,v3.46,5,STOP
R095,H044,v3.46,5,STOP
R095,H045,v3.46,5,STOP
R095,H046,v3.46,5,STOP
R095,H047,v3.46,5,STOP
R095,H048,v3.46,5,STOP
R095,H049,v3.46,5,STOP
R095,H050,v3.46,5,STOP
R096,H001,v3.47,5,HOLD
R096,H002,v3.47,5,HOLD
R096,H003,v3.47,5,STOP
R096,H004,v3.47,5,STOP
R096,H005,v3.47,5,STOP
R096,H006,v3.47,5,STOP
R096,H007,v3.47,5,STOP
R096,H008,v3.47,5,STOP
R096,H009,v3.47,5,STOP
R096,H010,v3.47,5,STOP
R096,H011,v3.47,5,STOP
R096,H012,v3.47,5,STOP
R096,H013,v3.47,5,STOP
R096,H014,v3.47,5,STOP
R096,H015,v3.47,5,STOP
R096,H016,v3.47,5,STOP
R096,H017,v3.47,5,HOLD
R096,H018,v3.47,5,STOP
R096,H019,v3.47,5,STOP
R096,H020,v3.47,5,STOP
R096,H021,v3.47,5,STOP
R096,H022,v3.47,5,STOP
R096,H023,v3.47,5,STOP
R096,H024,v3.47,5,STOP
R096,H025,v3.47,5,STOP
R096,H026,v3.47,5,STOP
R096,H027,v3.47,5,STOP
R096,H028,v3.47,5,STOP
R096,H029,v3.47,5,STOP
R096,H030,v3.47,5,STOP
R096,H031,v3.47,5,STOP
R096,H032,v3.47,5,STOP
R096,H033,v3.47,5,STOP
R096,H034,v3.47,5,HOLD
R096,H035,v3.47,5,STOP
R096,H036,v3.47,5,STOP
R096,H037,v3.47,5,STOP
R096,H038,v3.47,5,STOP
R096,H039,v3.47,5,STOP
R096,H040,v3.47,5,STOP
R096,H041,v3.47,5,STOP
R096,H042,v3.47,5,STOP
R096,H043,v3.47,5,STOP
R096,H044,v3.47,5,STOP
R096,H045,v3.47,5,STOP
R096,H046,v3.47,5,HOLD
R096,H047,v3.47,5,STOP
R096,H048,v3.47,5,STOP
R096,H049,v3.47,5,STOP
R096,H050,v3.47,5,HOLD
R097,H001,v3.48,5,STOP
R097,H002,v3.48,5,STOP
R097,H003,v3.48,5,STOP
R097,H004,v3.48,5,STOP
R097,H005,v3.48,5,STOP
R097,H006,v3.48,5,STOP
R097,H007,v3.48,5,STOP
R097,H008,v3.48,5,HOLD
R097,H009,v3.48,5,HOLD
R097,H010,v3.48,5,STOP
R097,H011,v3.48,5,STOP
R097,H012,v3.48,5,STOP
R097,H013,v3.48,5,HOLD
R097,H014,v3.48,5,STOP
R097,H015,v3.48,5,STOP
R097,H016,v3.48,5,STOP
R097,H017,v3.48,5,STOP
R097,H018,v3.48,5,STOP
R097,H019,v3.48,5,STOP
R097,H020,v3.48,5,STOP
R097,H021,v3.48,5,STOP
R097,H022,v3.48,5,STOP
R097,H023,v3.48,5,STOP
R097,H024,v3.48,5,STOP
R097,H025,v3.48,5,STOP
R097,H026,v3.48,5,STOP
R097,H027,v3.48,5,STOP
R097,H028,v3.48,5,STOP
R097,H029,v3.48,5,STOP
R097,H030,v3.48,5,STOP
R097,H031,v3.48,5,STOP
R097,H032,v3.48,5,STOP
R097,H033,v3.48,5,STOP
R097,H034,v3.48,5,STOP
R097,H035,v3.48,5,HOLD
R097,H036,v3.48,5,STOP
R097,H037,v3.48,5,STOP
R097,H038,v3.48,5,STOP
R097,H039,v3.48,5,STOP
R097,H040,v3.48,5,STOP
R097,H041,v3.48,5,STOP
R097,H042,v3.48,5,STOP
R097,H043,v3.48,5,STOP
R097,H044,v3.48,5,STOP
R097,H045,v3.48,5,STOP
R097,H046,v3.48,5,STOP
R097,H047,v3.48,5,STOP
R097,H048,v3.48,5,STOP
R097,H049,v3.48,5,STOP
R097,H050,v3.48,5,STOP
R098,H001,v3.49,5,CONTINUE
R098,H001,v3.49,25,CONTINUE
R098,H001,v3.49,50,CONTINUE
R098,H001,v3.49,100,CONTINUE
R098,H002,v3.49,5,CONTINUE
R098,H002,v3.49,25,CONTINUE
R098,H002,v3.49,50,CONTINUE
R098,H002,v3.49,100,CONTINUE
R098,H003,v3.49,5,CONTINUE
R098,H003,v3.49,25,CONTINUE
R098,H003,v3.49,50,CONTINUE
R098,H003,v3.49,100,CONTINUE
R098,H004,v3.49,5,CONTINUE
R098,H004,v3.49,25,CONTINUE
R098,H004,v3.49,50,CONTINUE
R098,H004,v3.49,100,CONTINUE
R098,H005,v3.49,5,CONTINUE
R098,H005,v3.49,25,CONTINUE
R098,H005,v3.49,50,CONTINUE
R098,H005,v3.49,100,CONTINUE
R098,H006,v3.49,5,CONTINUE
R098,H006,v3.49,25,CONTINUE
R098,H006,v3.49,50,CONTINUE
R098,H006,v3.49,100,CONTINUE
R098,H007,v3.49,5,CONTINUE
R098,H007,v3.49,25,CONTINUE
R098,H007,v3.49,50,CONTINUE
R098,H007,v3.49,100,CONTINUE
R098,H008,v3.49,5,CONTINUE
R098,H008,v3.49,25,CONTINUE
R098,H008,v3.49,50,CONTINUE
R098,H008,v3.49,100,CONTINUE
R098,H009,v3.49,5,CONTINUE
R098,H009,v3.49,25,CONTINUE
R098,H009,v3.49,50,CONTINUE
R098,H009,v3.49,100,CONTINUE
R098,H010,v3.49,5,CONTINUE
R098,H010,v3.49,25,CONTINUE
R098,H010,v3.49,50,CONTINUE
R098,H010,v3.49,100,CONTINUE
R098,H011,v3.49,5,CONTINUE
R098,H011,v3.49,25,CONTINUE
R098,H011,v3.49,50,CONTINUE
R098,H011,v3.49,100,CONTINUE
R098,H012,v3.49,5,CONTINUE
R098,H012,v3.49,25,CONTINUE
R098,H012,v3.49,50,CONTINUE
R098,H012,v3.49,100,CONTINUE
R098,H013,v3.49,5,CONTINUE
R098,H013,v3.49,25,CONTINUE
R098,H013,v3.49,50,CONTINUE
R098,H013,v3.49,100,CONTINUE
R098,H014,v3.49,5,CONTINUE
R098,H014,v3.49,25,CONTINUE
R098,H014,v3.49,50,CONTINUE
R098,H014,v3.49,100,CONTINUE
R098,H015,v3.49,5,CONTINUE
R098,H015,v3.49,25,CONTINUE
R098,H015,v3.49,50,CONTINUE
R098,H015,v3.49,100,CONTINUE
R098,H016,v3.49,5,CONTINUE
R098,H016,v3.49,25,CONTINUE
R098,H016,v3.49,50,CONTINUE
R098,H016,v3.49,100,CONTINUE
R098,H017,v3.49,5,STOP
R098,H018,v3.49,5,CONTINUE
R098,H018,v3.49,25,CONTINUE
R098,H018,v3.49,50,CONTINUE
R098,H018,v3.49,100,CONTINUE
R098,H019,v3.49,5,CONTINUE
R098,H019,v3.49,25,CONTINUE
R098,H019,v3.49,50,CONTINUE
R098,H019,v3.49,100,CONTINUE
R098,H020,v3.49,5,CONTINUE
R098,H020,v3.49,25,CONTINUE
R098,H020,v3.49,50,CONTINUE
R098,H020,v3.49,100,CONTINUE
R098,H021,v3.49,5,CONTINUE
R098,H021,v3.49,25,CONTINUE
R098,H021,v3.49,50,CONTINUE
R098,H021,v3.49,100,CONTINUE
R098,H022,v3.49,5,CONTINUE
R098,H022,v3.49,25,CONTINUE
R098,H022,v3.49,50,CONTINUE
R098,H022,v3.49,100,CONTINUE
R098,H023,v3.49,5,CONTINUE
R098,H023,v3.49,25,CONTINUE
R098,H023,v3.49,50,CONTINUE
R098,H023,v3.49,100,CONTINUE
R098,H024,v3.49,5,CONTINUE
R098,H024,v3.49,25,CONTINUE
R098,H024,v3.49,50,CONTINUE
R098,H024,v3.49,100,CONTINUE
R098,H025,v3.49,5,CONTINUE
R098,H025,v3.49,25,CONTINUE
R098,H025,v3.49,50,CONTINUE
R098,H025,v3.49,100,CONTINUE
R098,H026,v3.49,5,STOP
R098,H027,v3.49,5,CONTINUE
R098,H027,v3.49,25,CONTINUE
R098,H027,v3.49,50,CONTINUE
R098,H027,v3.49,100,CONTINUE
R098,H028,v3.49,5,CONTINUE
R098,H028,v3.49,25,CONTINUE
R098,H028,v3.49,50,CONTINUE
R098,H028,v3.49,100,CONTINUE
R098,H029,v3.49,5,CONTINUE
R098,H029,v3.49,25,CONTINUE
R098,H029,v3.49,50,CONTINUE
R098,H029,v3.49,100,CONTINUE
R098,H030,v3.49,5,CONTINUE
R098,H030,v3.49,25,CONTINUE
R098,H030,v3.49,50,CONTINUE
R098,H030,v3.49,100,CONTINUE
R098,H031,v3.49,5,CONTINUE
R098,H031,v3.49,25,CONTINUE
R098,H031,v3.49,50,CONTINUE
R098,H031,v3.49,100,CONTINUE
R098,H032,v3.49,5,CONTINUE
R098,H032,v3.49,25,CONTINUE
R098,H032,v3.49,50,CONTINUE
R098,H032,v3.49,100,CONTINUE
R098,H033,v3.49,5,CONTINUE
R098,H033,v3.49,25,CONTINUE
R098,H033,v3.49,50,CONTINUE
R098,H033,v3.49,100,CONTINUE
R098,H034,v3.49,5,CONTINUE
R098,H034,v3.49,25,CONTINUE
R098,H034,v3.49,50,CONTINUE
R098,H034,v3.49,100,CONTINUE
R098,H035,v3.49,5,CONTINUE
R098,H035,v3.49,25,CONTINUE
R098,H035,v3.49,50,CONTINUE
R098,H035,v3.49,100,CONTINUE
R098,H036,v3.49,5,CONTINUE
R098,H036,v3.49,25,CONTINUE
R098,H036,v3.49,50,CONTINUE
R098,H036,v3.49,100,CONTINUE
R098,H037,v3.49,5,CONTINUE
R098,H037,v3.49,25,CONTINUE
R098,H037,v3.49,50,CONTINUE
R098,H037,v3.49,100,CONTINUE
R098,H038,v3.49,5,STOP
R098,H039,v3.49,5,HOLD
R098,H040,v3.49,5,CONTINUE
R098,H040,v3.49,25,CONTINUE
R098,H040,v3.49,50,CONTINUE
R098,H040,v3.49,100,CONTINUE
R098,H041,v3.49,5,CONTINUE
R098,H041,v3.49,25,CONTINUE
R098,H041,v3.49,50,CONTINUE
R098,H041,v3.49,100,CONTINUE
R098,H042,v3.49,5,STOP
R098,H043,v3.49,5,CONTINUE
R098,H043,v3.49,25,CONTINUE
R098,H043,v3.49,50,CONTINUE
R098,H043,v3.49,100,CONTINUE
R098,H044,v3.49,5,CONTINUE
R098,H044,v3.49,25,CONTINUE
R098,H044,v3.49,50,CONTINUE
R098,H044,v3.49,100,CONTINUE
R098,H045,v3.49,5,CONTINUE
R098,H045,v3.49,25,CONTINUE
R098,H045,v3.49,50,CONTINUE
R098,H045,v3.49,100,CONTINUE
R098,H046,v3.49,5,CONTINUE
R098,H046,v3.49,25,CONTINUE
R098,H046,v3.49,50,CONTINUE
R098,H046,v3.49,100,CONTINUE
R098,H047,v3.49,5,CONTINUE
R098,H047,v3.49,25,CONTINUE
R098,H047,v3.49,50,CONTINUE
R098,H047,v3.49,100,CONTINUE
R098,H048,v3.49,5,CONTINUE
R098,H048,v3.49,25,CONTINUE
R098,H048,v3.49,50,CONTINUE
R098,H048,v3.49,100,CONTINUE
R098,H049,v3.49,5,CONTINUE
R098,H049,v3.49,25,CONTINUE
R098,H049,v3.49,50,CONTINUE
R098,H049,v3.49,100,CONTINUE
R098,H050,v3.49,5,HOLD
R099,H001,v3.50,5,STOP
R099,H002,v3.50,5,STOP
R099,H003,v3.50,5,STOP
R099,H004,v3.50,5,STOP
R099,H005,v3.50,5,STOP
R099,H006,v3.50,5,STOP
R099,H007,v3.50,5,STOP
R099,H008,v3.50,5,STOP
R099,H009,v3.50,5,STOP
R099,H010,v3.50,5,STOP
R099,H011,v3.50,5,STOP
R099,H012,v3.50,5,STOP
R099,H013,v3.50,5,STOP
R099,H014,v3.50,5,HOLD
R099,H015,v3.50,5,STOP
R099,H016,v3.50,5,STOP
R099,H017,v3.50,5,HOLD
R099,H018,v3.50,5,STOP
R099,H019,v3.50,5,STOP
R099,H020,v3.50,5,STOP
R099,H021,v3.50,5,STOP
R099,H022,v3.50,5,STOP
R099,H023,v3.50,5,STOP
R099,H024,v3.50,5,HOLD
R099,H025,v3.50,5,STOP
R099,H026,v3.50,5,STOP
R099,H027,v3.50,5,STOP
R099,H028,v3.50,5,STOP
R099,H029,v3.50,5,STOP
R099,H030,v3.50,5,STOP
R099,H031,v3.50,5,STOP
R099,H032,v3.50,5,STOP
R099,H033,v3.50,5,STOP
R099,H034,v3.50,5,STOP
R099,H035,v3.50,5,STOP
R099,H036,v3.50,5,STOP
R099,H037,v3.50,5,STOP
R099,H038,v3.50,5,STOP
R099,H039,v3.50,5,STOP
R099,H040,v3.50,5,STOP
R099,H041,v3.50,5,STOP
R099,H042,v3.50,5,STOP
R099,H043,v3.50,5,STOP
R099,H044,v3.50,5,STOP
R099,H045,v3.50,5,HOLD
R099,H046,v3.50,5,STOP
R099,H047,v3.50,5,STOP
R099,H048,v3.50,5,STOP
R099,H049,v3.50,5,STOP
R099,H050,v3.50,5,STOP
R100,H001,v4.1,5,STOP
R100,H002,v4.1,5,STOP
R100,H003,v4.1,5,HOLD
R100,H004,v4.1,5,STOP
R100,H005,v4.1,5,STOP
R100,H006,v4.1,5,STOP
R100,H007,v4.1,5,STOP
R100,H008,v4.1,5,STOP
R100,H009,v4.1,5,STOP
R100,H010,v4.1,5,STOP
R100,H011,v4.1,5,STOP
R100,H012,v4.1,5,STOP
R100,H013,v4.1,5,STOP
R100,H014,v4.1,5,STOP
R100,H015,v4.1,5,STOP
R100,H016,v4.1,5,STOP
R100,H017,v4.1,5,STOP
R100,H018,v4.1,5,STOP
R100,H019,v4.1,5,STOP
R100,H020,v4.1,5,STOP
R100,H021,v4.1,5,STOP
R100,H022,v4.1,5,HOLD
R100,H023,v4.1,5,STOP
R100,H024,v4.1,5,STOP
R100,H025,v4.1,5,STOP
R100,H026,v4.1,5,STOP
R100,H027,v4.1,5,STOP
R100,H028,v4.1,5,STOP
R100,H029,v4.1,5,STOP
R100,H030,v4.1,5,STOP
R100,H031,v4.1,5,STOP
R100,H032,v4.1,5,STOP
R100,H033,v4.1,5,STOP
R100,H034,v4.1,5,STOP
R100,H035,v4.1,5,STOP
R100,H036,v4.1,5,HOLD
R100,H037,v4.1,5,STOP
R100,H038,v4.1,5,STOP
R100,H039,v4.1,5,STOP
R100,H040,v4.1,5,STOP
R100,H041,v4.1,5,STOP
R100,H042,v4.1,5,STOP
R100,H043,v4.1,5,STOP
R100,H044,v4.1,5,STOP
R100,H045,v4.1,5,STOP
R100,H046,v4.1,5,STOP
R100,H047,v4.1,5,STOP
R100,H048,v4.1,5,STOP
R100,H049,v4.1,5,STOP
R100,H050,v4.1,5,STOP
