release_id,hospital_id,version,rollout_stage,cpu_usage,memory_usage,error_rate,latency_ms,error_budget_remaining,stable_error_rate,stable_latency_ms,canary_error_rate,deployment_status,harmful
R001,H001,v2.2,100,47.66,53.13,0.65,273.24,85.4,1.6,189.8,2.0,SUCCESS,False
R001,H002,v2.2,5,52.42,39.69,1.58,158.25,56.97,0.77,127.51,2.03,SUCCESS,False
R001,H003,v2.2,50,44.56,55.89,2.02,134.1,97.44,0.8,177.14,0.66,IN_PROGRESS,False
R001,H004,v2.2,5,49.87,46.54,0.59,281.86,83.13,1.53,166.02,1.15,SUCCESS,False
R001,H005,v2.2,5,57.38,56.37,0.72,139.2,66.27,1.95,216.27,0.61,SUCCESS,False
R001,H006,v2.2,10,53.24,51.92,0.69,297.38,59.94,0.92,181.4,2.43,SUCCESS,False
R001,H007,v2.2,25,41.61,52.53,2.66,224.66,53.18,1.66,111.11,1.33,SUCCESS,False
R001,H008,v2.2,25,53.62,49.84,2.4,212.26,74.69,1.83,170.83,2.43,SUCCESS,False
R001,H009,v2.2,5,50.92,39.1,2.77,149.86,87.78,0.55,195.46,1.53,SUCCESS,False
R001,H010,v2.2,5,59.15,57.63,2.51,137.31,76.97,1.89,221.22,2.73,SUCCESS,False
R001,H011,v2.2,5,52.96,57.09,0.52,202.15,61.11,0.84,164.07,1.54,SUCCESS,False
R001,H012,v2.2,10,52.58,54.4,2.91,150.36,65.04,1.28,205.45,1.74,SUCCESS,False
R001,H013,v2.2,10,48.08,57.41,0.86,197.89,62.1,0.58,141.8,2.96,SUCCESS,False
R001,H014,v2.2,25,55.87,72.52,0.73,267.06,59.33,1.05,194.85,1.3,SUCCESS,False
R001,H015,v2.2,5,39.38,58.79,2.23,177.35,56.88,1.27,133.97,2.84,SUCCESS,False
R001,H016,v2.2,50,52.27,65.46,1.82,148.37,94.86,0.89,199.0,0.73,IN_PROGRESS,False
R001,H017,v2.2,10,52.5,,2.11,116.83,94.93,1.59,234.57,0.9,SUCCESS,False
R001,H018,v2.2,100,21.21,48.57,2.99,135.19,74.69,0.93,145.8,0.55,SUCCESS,False
R001,H019,v2.2,25,72.73,56.18,1.13,217.97,74.34,0.96,181.38,2.95,IN_PROGRESS,False
R001,H020,v2.2,25,49.95,42.43,1.93,253.71,99.73,1.5,229.63,0.61,SUCCESS,False
R001,H021,v2.2,25,71.19,67.37,2.95,115.07,59.55,1.93,149.61,1.26,SUCCESS,False
R001,H022,v2.2,10,38.52,66.12,1.14,159.06,92.43,1.77,239.5,1.31,SUCCESS,False
R001,H023,v2.2,5,42.67,56.56,0.51,225.58,53.55,1.13,138.43,0.99,SUCCESS,False
R001,H024,v2.2,5,38.0,64.61,0.89,296.37,93.02,1.37,165.77,2.6,SUCCESS,False
R001,H025,v2.2,10,62.1,53.79,0.99,182.27,56.92,0.99,224.18,2.25,SUCCESS,False
R001,H026,v2.2,5,41.42,61.72,0.96,116.17,84.42,1.1,165.03,1.57,SUCCESS,False
R001,H027,v2.2,5,51.84,59.62,1.79,231.42,86.5,0.64,127.43,1.59,SUCCESS,False
R001,H028,v2.2,5,47.19,50.17,2.95,135.07,88.17,1.01,113.77,0.54,SUCCESS,False
R001,H029,v2.2,25,46.76,59.2,0.54,286.69,76.97,0.57,242.37,1.75,SUCCESS,False
R001,H030,v2.2,100,56.08,63.26,1.93,125.7,91.03,1.8,195.46,2.53,SUCCESS,False
R001,H031,v2.2,5,45.81,54.11,2.05,167.31,69.27,0.91,132.19,2.14,SUCCESS,False
R001,H032,v2.2,10,54.49,54.37,1.87,184.69,78.8,1.54,152.25,1.92,SUCCESS,False
R001,H033,v2.2,25,57.64,46.11,2.35,147.65,76.72,1.8,184.28,1.44,SUCCESS,False
R001,H034,v2.2,5,45.89,62.87,2.89,235.35,74.65,0.58,243.78,1.71,SUCCESS,False
R001,H035,v2.2,25,46.57,56.99,2.83,294.85,52.79,0.82,241.93,2.99,SUCCESS,False
R001,H036,v2.2,100,50.56,55.48,1.57,144.52,94.59,1.53,225.54,1.49,SUCCESS,False
R001,H037,v2.2,25,52.9,53.5,1.98,170.04,74.08,1.79,232.05,2.27,SUCCESS,False
R001,H038,v2.2,10,64.44,39.68,2.35,253.44,87.21,1.15,138.05,2.56,SUCCESS,False
R001,H039,v2.2,10,63.59,52.71,2.94,211.2,52.17,0.62,179.26,1.31,IN_PROGRESS,False
R001,H040,v2.2,25,42.98,47.26,2.99,239.39,86.86,0.61,124.93,1.46,IN_PROGRESS,False
R001,H041,v2.2,10,54.63,46.67,1.47,145.88,68.02,0.66,150.35,1.16,SUCCESS,False
R001,H042,v2.2,5,43.54,51.77,0.69,288.11,79.06,1.12,190.42,1.54,IN_PROGRESS,False
R001,H043,v2.2,25,48.92,67.22,2.96,175.35,69.65,0.75,161.69,2.37,SUCCESS,False
R001,H044,v2.2,5,52.19,51.12,1.84,249.98,79.26,0.7,102.05,2.78,SUCCESS,False
R001,H045,v2.2,5,41.28,49.63,2.7,251.4,63.43,0.81,137.72,0.62,SUCCESS,False
R001,H046,v2.2,50,54.14,65.74,1.7,184.11,81.97,0.96,222.46,2.46,SUCCESS,False
R001,H047,v2.2,100,41.31,55.93,2.32,209.49,95.52,1.41,195.5,1.63,SUCCESS,False
R001,H048,v2.2,50,51.28,51.15,1.37,141.83,67.08,1.19,226.31,1.95,SUCCESS,False
R001,H049,v2.2,10,42.48,68.39,2.69,203.05,80.1,1.55,127.01,2.93,SUCCESS,False
R001,H050,v2.2,10,28.54,59.1,2.74,125.75,66.08,0.55,182.31,1.33,SUCCESS,False
R002,H001,v2.3,5,51.78,55.29,1.84,284.81,88.0,1.07,100.39,1.09,SUCCESS,False
R002,H002,v2.3,5,54.72,60.21,0.58,273.44,69.86,0.7,203.07,1.39,SUCCESS,False
R002,H003,v2.3,25,34.39,56.65,1.36,194.79,82.44,1.76,113.38,1.39,SUCCESS,False
R002,H004,v2.3,25,100.0,45.91,2.75,221.51,74.91,1.38,184.67,1.11,SUCCESS,False
R002,H005,v2.3,5,44.08,48.09,0.93,279.35,76.23,0.87,124.1,0.7,SUCCESS,False
R002,H006,v2.3,10,44.23,61.04,0.93,233.73,77.84,1.95,229.83,2.82,SUCCESS,False
R002,H007,v2.3,5,33.72,55.38,0.79,222.12,79.06,0.99,163.82,1.22,SUCCESS,False
R002,H008,v2.3,5,60.06,50.38,1.14,236.3,79.78,1.0,120.16,2.4,SUCCESS,False
R002,H009,v2.3,100,53.71,50.17,2.85,136.25,87.06,1.75,244.75,0.67,SUCCESS,False
R002,H010,v2.3,50,53.94,51.63,2.16,204.61,93.86,0.8,124.55,1.4,SUCCESS,False
R002,H011,v2.3,10,50.18,68.41,1.08,279.91,77.18,1.19,145.21,1.46,IN_PROGRESS,False
R002,H012,v2.3,100,53.38,51.68,2.05,206.69,89.43,1.44,150.24,2.73,SUCCESS,False
R002,H013,v2.3,25,54.79,57.67,1.36,264.25,92.32,0.55,185.48,0.78,SUCCESS,False
R002,H014,v2.3,5,58.7,65.85,2.23,208.54,67.28,0.84,208.34,1.13,SUCCESS,False
R002,H015,v2.3,10,52.8,46.0,1.76,222.29,93.61,1.19,242.09,0.55,IN_PROGRESS,False
R002,H016,v2.3,100,68.82,65.76,1.56,247.29,96.28,1.56,122.88,2.84,SUCCESS,False
R002,H017,v2.3,50,,63.75,1.98,179.8,66.76,0.69,238.13,0.64,SUCCESS,False
R002,H018,v2.3,10,34.44,32.72,2.8,217.41,95.64,1.8,238.44,0.58,SUCCESS,False
R002,H019,v2.3,5,40.93,49.23,1.03,203.03,72.95,0.97,217.07,2.94,SUCCESS,False
R002,H020,v2.3,5,36.37,39.71,2.5,169.88,81.25,0.95,146.49,1.67,SUCCESS,False
R002,H021,v2.3,5,34.65,77.37,1.74,253.07,66.72,1.57,179.15,0.76,SUCCESS,False
R002,H022,v2.3,50,47.43,63.19,1.88,150.78,75.28,1.29,220.11,0.99,SUCCESS,False
R002,H023,v2.3,50,62.5,58.36,2.91,288.88,70.32,1.34,208.12,0.85,SUCCESS,False
R002,H024,v2.3,25,53.3,61.96,2.26,282.12,66.79,1.77,118.42,2.06,SUCCESS,False
R002,H025,v2.3,50,59.5,52.11,1.05,294.91,55.71,1.02,216.08,2.45,SUCCESS,False
R002,H026,v2.3,5,58.7,63.46,1.51,143.6,71.09,1.23,176.87,2.11,SUCCESS,False
R002,H027,v2.3,25,49.92,65.87,0.67,181.05,86.01,1.73,179.45,1.74,SUCCESS,False
R002,H028,v2.3,5,49.01,73.38,1.93,267.62,88.55,1.6,137.61,1.51,SUCCESS,False
R002,H029,v2.3,5,58.24,54.0,2.3,222.08,69.83,0.64,215.65,2.87,IN_PROGRESS,False
R002,H030,v2.3,5,52.36,56.86,2.89,130.93,73.71,1.31,124.3,2.06,SUCCESS,False
R002,H031,v2.3,25,59.86,50.24,2.91,258.0,76.07,1.4,168.95,2.23,SUCCESS,False
R002,H032,v2.3,25,50.4,55.09,2.76,229.33,52.58,1.64,208.62,2.23,SUCCESS,False
R002,H033,v2.3,100,42.67,52.11,2.33,138.52,71.09,1.33,170.98,0.79,SUCCESS,False
R002,H034,v2.3,10,37.26,66.31,1.9,196.21,76.51,1.28,196.68,2.71,SUCCESS,False
R002,H035,v2.3,50,,68.71,1.57,275.33,73.1,1.31,199.25,1.54,IN_PROGRESS,False
R002,H036,v2.3,100,62.23,49.53,1.5,195.98,93.68,1.7,249.69,2.07,IN_PROGRESS,False
R002,H037,v2.3,10,47.0,48.56,1.22,159.26,52.1,1.61,135.82,1.08,SUCCESS,False
R002,H038,v2.3,10,48.34,48.4,2.7,288.95,80.67,1.52,132.74,1.67,SUCCESS,False
R002,H039,v2.3,100,34.3,55.59,0.94,144.1,88.98,1.47,191.16,0.97,SUCCESS,False
R002,H040,v2.3,50,46.27,45.61,2.4,239.2,90.79,1.89,249.24,0.88,SUCCESS,False
R002,H041,v2.3,25,46.37,59.67,0.82,277.75,93.11,1.37,113.72,2.89,SUCCESS,False
R002,H042,v2.3,5,58.84,47.39,1.74,116.21,84.16,1.11,155.9,1.05,SUCCESS,False
R002,H043,v2.3,10,63.24,45.95,1.91,153.41,89.87,1.39,223.7,2.7,SUCCESS,False
R002,H044,v2.3,25,60.09,67.25,2.38,131.72,93.59,1.76,204.62,2.7,SUCCESS,False
R002,H045,v2.3,10,54.18,58.2,1.77,101.28,80.85,1.62,124.11,1.22,IN_PROGRESS,False
R002,H046,v2.3,25,52.67,51.79,1.85,292.6,81.63,1.31,216.98,1.35,IN_PROGRESS,False
R002,H047,v2.3,25,46.37,56.4,1.96,169.18,52.29,0.6,145.14,2.05,SUCCESS,False
R002,H048,v2.3,25,48.69,38.72,2.43,236.66,63.68,0.7,213.74,1.61,IN_PROGRESS,False
R002,H049,v2.3,5,61.22,65.48,1.18,290.17,71.62,1.69,204.05,0.88,IN_PROGRESS,False
R002,H050,v2.3,10,58.98,53.35,1.07,142.62,82.58,0.91,247.6,0.58,SUCCESS,False
R003,H001,v2.4,5,55.7,58.58,2.4,225.24,51.63,1.8,216.49,0.83,IN_PROGRESS,False
R003,H002,v2.4,10,43.24,69.41,1.0,198.32,79.1,0.68,118.78,0.66,SUCCESS,False
R003,H003,v2.4,10,45.48,35.61,2.0,158.33,93.01,0.52,110.87,2.24,SUCCESS,False
R003,H004,v2.4,5,49.96,45.73,2.05,240.49,50.49,0.86,248.0,1.9,SUCCESS,False
R003,H005,v2.4,10,39.98,52.75,1.92,237.89,60.01,0.55,111.79,2.5,SUCCESS,False
R003,H006,v2.4,25,50.6,49.82,2.27,274.19,90.09,0.55,240.43,2.29,SUCCESS,False
R003,H007,v2.4,50,70.75,49.49,1.82,246.32,53.02,1.32,222.59,0.7,SUCCESS,False
R003,H008,v2.4,5,55.23,50.41,2.15,199.64,85.96,1.96,150.53,1.89,SUCCESS,False
R003,H009,v2.4,25,47.43,41.65,2.67,245.43,71.27,0.8,202.03,2.36,SUCCESS,False
R003,H010,v2.4,5,66.84,51.33,1.72,274.68,71.09,1.8,186.8,2.75,SUCCESS,False
R003,H011,v2.4,5,43.74,58.17,2.29,281.81,61.88,1.43,194.73,0.95,IN_PROGRESS,False
R003,H012,v2.4,10,57.72,32.21,1.4,218.59,69.55,0.87,230.61,0.91,IN_PROGRESS,False
R003,H013,v2.4,10,49.53,58.82,1.09,114.7,75.99,1.66,119.63,0.92,SUCCESS,False
R003,H014,v2.4,5,46.51,52.21,0.59,247.28,73.73,1.43,206.02,2.16,SUCCESS,False
R003,H015,v2.4,50,49.28,54.7,1.83,287.32,56.11,0.81,116.79,0.6,SUCCESS,False
R003,H016,v2.4,10,,57.77,1.64,203.12,83.34,0.56,122.25,1.72,SUCCESS,False
R003,H017,v2.4,100,56.0,48.52,0.89,146.91,62.77,1.6,124.36,2.91,SUCCESS,False
R003,H018,v2.4,5,53.73,59.06,0.78,259.1,80.03,0.87,224.63,2.8,IN_PROGRESS,False
R003,H019,v2.4,25,33.87,62.45,2.67,298.67,54.52,1.02,123.89,2.38,SUCCESS,False
R003,H020,v2.4,50,57.9,51.87,1.44,159.37,66.42,1.89,165.73,2.12,SUCCESS,False
R003,H021,v2.4,10,28.49,69.15,0.54,217.41,82.13,1.32,189.47,0.92,SUCCESS,False
R003,H022,v2.4,100,50.9,45.55,1.12,195.34,77.47,1.77,237.14,1.49,SUCCESS,False
R003,H023,v2.4,50,38.13,67.25,0.99,195.84,58.32,1.15,234.51,0.99,SUCCESS,False
R003,H024,v2.4,100,52.54,51.16,1.5,295.35,76.12,1.3,187.14,2.56,SUCCESS,False
R003,H025,v2.4,5,41.77,53.8,2.54,174.7,55.62,0.94,219.01,1.82,SUCCESS,False
R003,H026,v2.4,25,45.37,46.35,2.76,253.99,62.78,1.69,196.99,1.89,SUCCESS,False
R003,H027,v2.4,25,47.55,45.98,0.88,147.05,73.64,1.71,215.0,2.67,SUCCESS,False
R003,H028,v2.4,5,57.34,44.18,0.65,128.35,79.85,0.81,195.69,1.19,SUCCESS,False
R003,H029,v2.4,25,53.9,64.63,1.34,281.1,63.24,0.52,151.16,2.43,SUCCESS,False
R003,H030,v2.4,10,62.39,53.28,2.17,113.99,63.56,1.02,192.57,2.1,SUCCESS,False
R003,H031,v2.4,10,35.0,44.36,2.99,189.27,79.02,0.79,107.85,1.33,SUCCESS,False
R003,H032,v2.4,50,62.49,52.6,0.5,160.17,73.74,0.76,161.42,2.95,SUCCESS,False
R003,H033,v2.4,5,57.73,45.76,0.73,151.41,93.23,1.61,215.29,2.47,SUCCESS,False
R003,H034,v2.4,5,38.43,42.7,1.37,147.81,91.26,0.68,134.1,1.77,SUCCESS,False
R003,H035,v2.4,5,30.06,64.75,1.75,179.44,81.4,1.68,186.19,1.85,SUCCESS,False
R003,H036,v2.4,5,45.66,50.65,2.89,214.61,78.76,0.82,222.81,2.83,SUCCESS,False
R003,H037,v2.4,5,52.87,54.08,2.56,233.26,73.91,1.85,224.4,0.8,SUCCESS,False
R003,H038,v2.4,50,57.26,51.33,0.5,103.54,68.24,0.68,189.14,2.01,SUCCESS,False
R003,H039,v2.4,5,35.04,62.06,1.58,134.13,89.13,1.23,213.14,0.69,SUCCESS,False
R003,H040,v2.4,25,42.67,49.39,0.93,231.14,86.22,1.45,134.33,2.62,SUCCESS,False
R003,H041,v2.4,10,45.94,45.7,2.91,149.72,70.93,1.29,172.25,0.83,SUCCESS,False
R003,H042,v2.4,5,54.16,63.61,1.0,112.92,68.57,1.43,148.53,0.61,SUCCESS,False
R003,H043,v2.4,5,46.1,59.43,2.13,262.14,92.98,0.72,119.08,2.04,SUCCESS,False
R003,H044,v2.4,5,53.25,53.67,1.13,256.23,74.77,1.49,241.42,2.56,SUCCESS,False
R003,H045,v2.4,50,43.96,54.39,0.6,249.24,90.11,1.18,232.37,2.15,SUCCESS,False
R003,H046,v2.4,10,43.89,64.56,1.53,209.92,53.44,1.19,248.74,2.58,SUCCESS,False
R003,H047,v2.4,50,47.89,54.06,2.9,195.65,66.11,1.67,134.18,2.74,SUCCESS,False
R003,H048,v2.4,10,39.26,57.91,0.61,122.16,54.75,1.88,178.12,2.0,SUCCESS,False
R003,H049,v2.4,5,49.54,71.34,0.53,298.48,65.85,0.91,239.25,2.18,SUCCESS,False
R003,H050,v2.4,25,53.72,67.79,0.95,110.77,87.66,0.83,246.76,1.3,SUCCESS,False
R004,H001,v2.5,25,60.65,74.6,7.4,565.37,22.3,0.64,244.77,10.31,FAILED,True
R004,H002,v2.5,5,60.68,72.67,8.91,724.7,26.44,1.37,231.57,10.19,SUCCESS,True
R004,H003,v2.5,25,80.2,86.87,9.82,550.1,15.72,0.97,211.35,8.77,FAILED,True
R004,H004,v2.5,5,88.52,82.84,10.89,588.13,3.74,1.62,213.8,8.51,SUCCESS,True
R004,H005,v2.5,5,70.01,63.19,7.82,749.7,21.7,0.71,199.46,8.57,SUCCESS,True
R004,H006,v2.5,5,71.32,75.66,7.25,654.6,20.86,1.23,189.91,6.04,FAILED,True
R004,H007,v2.5,50,79.33,69.21,6.65,548.57,24.04,1.28,156.02,5.44,FAILED,True
R004,H008,v2.5,5,81.54,65.57,11.94,698.89,28.51,1.46,174.42,10.18,SUCCESS,True
R004,H009,v2.5,5,95.16,82.35,11.51,713.03,25.58,1.55,187.87,5.39,SUCCESS,True
R004,H010,v2.5,10,85.91,89.28,5.35,761.57,23.41,1.15,240.6,11.37,SUCCESS,True
R004,H011,v2.5,5,71.17,74.82,6.98,417.84,8.27,1.1,238.39,5.25,SUCCESS,True
R004,H012,v2.5,10,66.39,70.16,10.97,418.6,16.86,1.14,226.72,9.34,SUCCESS,True
R004,H013,v2.5,5,62.24,76.38,11.17,557.38,23.63,0.86,209.87,10.8,FAILED,True
R004,H014,v2.5,5,59.76,64.27,11.63,786.94,0.66,1.59,128.68,6.28,FAILED,True
R004,H015,v2.5,25,69.1,61.03,8.8,716.68,18.39,1.32,247.08,8.84,SUCCESS,True
R004,H016,v2.5,5,94.59,72.39,7.03,714.79,10.68,1.5,132.41,5.78,ROLLED_BACK,True
R004,H017,v2.5,10,84.55,83.09,5.13,450.5,4.85,1.81,181.73,9.62,SUCCESS,True
R004,H018,v2.5,50,71.78,68.03,6.98,556.29,11.16,1.34,182.88,10.59,SUCCESS,True
R004,H019,v2.5,10,71.91,67.71,10.3,510.58,19.28,0.79,128.01,7.19,SUCCESS,True
R004,H020,v2.5,10,56.21,87.98,11.28,467.54,17.94,1.34,124.91,8.55,SUCCESS,True
R004,H021,v2.5,50,79.08,69.58,7.24,795.37,3.67,0.97,219.79,8.4,FAILED,True
R004,H022,v2.5,100,67.76,77.77,5.21,729.18,11.37,1.48,119.47,6.47,ROLLED_BACK,True
R004,H023,v2.5,100,59.06,85.83,6.78,727.7,15.76,0.67,213.94,11.16,SUCCESS,True
R004,H024,v2.5,25,65.59,81.09,9.3,574.2,22.14,1.13,235.8,9.04,FAILED,True
R004,H025,v2.5,5,63.92,80.04,9.59,796.7,2.31,1.61,115.95,5.51,SUCCESS,True
R004,H026,v2.5,10,92.5,69.84,11.33,493.11,1.77,0.6,214.47,10.65,ROLLED_BACK,True
R004,H027,v2.5,5,59.24,69.21,7.67,,24.07,0.75,158.46,7.89,SUCCESS,True
R004,H028,v2.5,100,81.16,72.4,10.28,721.96,28.88,0.92,228.75,5.13,FAILED,True
R004,H029,v2.5,5,79.41,93.38,5.68,496.76,14.06,1.81,116.89,5.09,SUCCESS,True
R004,H030,v2.5,5,86.4,92.11,11.25,474.13,7.19,1.61,107.22,5.55,FAILED,True
R004,H031,v2.5,100,63.87,77.38,5.66,763.85,24.88,1.78,178.22,9.68,ROLLED_BACK,True
R004,H032,v2.5,10,81.13,88.74,11.25,577.35,18.94,0.98,165.19,9.25,FAILED,True
R004,H033,v2.5,10,100.0,73.24,11.65,640.26,15.19,0.66,157.68,10.21,FAILED,True
R004,H034,v2.5,10,69.85,68.08,11.8,532.54,5.88,1.21,106.85,8.37,FAILED,True
R004,H035,v2.5,10,71.29,67.48,10.62,628.82,8.8,0.51,101.15,8.59,ROLLED_BACK,True
R004,H036,v2.5,25,87.91,75.21,8.45,680.9,3.94,0.67,151.78,11.95,SUCCESS,True
R004,H037,v2.5,10,56.03,83.95,10.77,782.02,0.05,1.86,207.1,10.75,FAILED,True
R004,H038,v2.5,5,71.78,66.09,8.19,547.62,12.57,1.41,202.99,5.85,FAILED,True
R004,H039,v2.5,10,61.92,89.11,9.16,404.05,27.4,1.91,200.29,9.45,FAILED,True
R004,H040,v2.5,5,61.28,76.09,5.08,568.81,14.58,1.85,109.97,7.07,FAILED,True
R004,H041,v2.5,25,86.63,79.27,9.85,571.97,8.26,1.01,209.38,9.71,SUCCESS,True
R004,H042,v2.5,50,73.39,83.11,7.23,632.88,18.03,1.73,228.63,7.6,FAILED,True
R004,H043,v2.5,5,71.3,82.8,6.08,410.18,19.11,1.15,121.39,9.52,SUCCESS,True
R004,H044,v2.5,10,60.19,69.08,,581.6,4.22,1.52,190.87,9.82,SUCCESS,True
R004,H045,v2.5,5,73.22,82.36,7.77,525.28,14.64,0.65,131.33,6.03,SUCCESS,True
R004,H046,v2.5,10,75.17,76.56,5.62,642.75,0.93,1.21,166.62,6.06,ROLLED_BACK,True
R004,H047,v2.5,10,82.88,70.09,7.49,730.73,5.32,1.3,125.25,9.96,SUCCESS,True
R004,H048,v2.5,50,78.89,71.42,6.45,712.96,9.01,1.32,124.79,10.14,SUCCESS,True
R004,H049,v2.5,25,81.29,77.71,5.93,637.21,10.6,0.72,227.88,9.19,SUCCESS,True
R004,H050,v2.5,10,68.72,74.63,11.79,779.64,2.81,0.59,202.11,8.59,FAILED,True
R005,H001,v2.6,10,57.42,56.5,1.41,245.14,72.8,1.34,166.18,2.74,SUCCESS,False
R005,H002,v2.6,50,36.15,62.7,1.1,162.38,51.54,1.21,249.42,1.14,IN_PROGRESS,False
R005,H003,v2.6,50,50.79,63.64,2.08,228.89,66.67,1.89,104.58,2.55,SUCCESS,False
R005,H004,v2.6,100,48.76,52.15,2.08,113.81,96.85,0.8,249.2,0.51,SUCCESS,False
R005,H005,v2.6,25,40.4,62.8,2.22,104.9,77.46,0.66,159.87,1.27,SUCCESS,False
R005,H006,v2.6,5,42.84,57.69,2.61,148.45,57.26,0.65,230.34,1.7,SUCCESS,False
R005,H007,v2.6,50,45.31,49.42,0.56,216.65,77.45,1.1,143.88,2.61,SUCCESS,False
R005,H008,v2.6,10,56.78,58.25,1.63,264.29,81.85,1.64,128.18,1.89,SUCCESS,False
R005,H009,v2.6,10,43.05,67.46,0.9,276.4,86.09,0.93,184.49,2.56,SUCCESS,False
R005,H010,v2.6,5,58.85,56.67,1.96,193.39,97.02,1.67,207.26,1.35,SUCCESS,False
R005,H011,v2.6,5,58.59,56.21,2.86,184.48,96.82,1.35,229.98,1.44,SUCCESS,False
R005,H012,v2.6,25,41.58,58.28,1.14,275.1,63.92,1.9,226.64,0.96,SUCCESS,False
R005,H013,v2.6,5,25.75,54.76,,195.19,81.72,1.21,195.15,0.78,SUCCESS,False
R005,H014,v2.6,10,56.22,45.89,1.68,276.03,83.89,1.73,227.55,1.04,SUCCESS,False
R005,H015,v2.6,25,38.11,68.14,2.28,139.84,64.37,1.61,147.34,2.73,SUCCESS,False
R005,H016,v2.6,10,47.71,47.05,1.73,180.86,79.76,0.9,225.32,1.83,SUCCESS,False
R005,H017,v2.6,10,57.15,60.75,1.8,295.2,50.85,1.52,146.78,0.81,SUCCESS,False
R005,H018,v2.6,5,51.02,67.39,1.37,174.35,64.99,0.53,144.0,0.5,SUCCESS,False
R005,H019,v2.6,5,47.77,66.92,1.5,160.58,61.41,1.85,217.48,0.66,SUCCESS,False
R005,H020,v2.6,10,50.21,56.85,2.91,115.12,61.27,0.59,243.67,1.41,SUCCESS,False
R005,H021,v2.6,50,54.98,64.12,1.47,234.83,67.26,1.37,122.04,1.15,IN_PROGRESS,False
R005,H022,v2.6,50,41.65,71.72,0.84,291.59,62.09,1.56,109.33,1.82,SUCCESS,False
R005,H023,v2.6,5,27.88,67.27,0.61,133.15,60.46,1.71,168.95,1.61,SUCCESS,False
R005,H024,v2.6,50,34.02,58.7,1.59,218.71,81.12,1.78,136.3,0.68,IN_PROGRESS,False
R005,H025,v2.6,100,54.26,55.15,2.39,132.33,85.92,1.92,244.02,1.69,SUCCESS,False
R005,H026,v2.6,5,46.87,54.99,0.52,171.41,61.43,1.35,215.74,2.82,SUCCESS,False
R005,H027,v2.6,50,45.63,54.47,1.7,232.49,64.44,1.59,114.31,0.8,SUCCESS,False
R005,H028,v2.6,5,64.2,50.2,2.8,290.19,67.86,1.64,155.76,1.94,SUCCESS,False
R005,H029,v2.6,10,50.14,47.37,1.05,107.79,58.76,1.48,136.06,0.59,SUCCESS,False
R005,H030,v2.6,25,66.17,55.83,1.21,170.61,97.32,1.15,187.01,2.74,SUCCESS,False
R005,H031,v2.6,10,37.48,57.91,1.33,271.01,53.56,1.25,130.7,1.02,SUCCESS,False
R005,H032,v2.6,10,62.36,46.43,2.43,230.93,93.79,1.72,225.37,0.88,SUCCESS,False
R005,H033,v2.6,5,43.24,55.27,,145.23,65.2,0.69,214.83,1.26,SUCCESS,False
R005,H034,v2.6,10,64.83,51.15,2.02,279.21,62.64,1.6,196.1,2.55,SUCCESS,False
R005,H035,v2.6,100,52.54,67.55,0.87,176.14,87.69,1.11,133.07,1.54,SUCCESS,False
R005,H036,v2.6,5,54.75,53.83,2.08,125.99,89.04,1.44,172.28,1.9,SUCCESS,False
R005,H037,v2.6,10,45.82,62.54,0.58,110.38,60.67,0.74,127.03,0.86,SUCCESS,False
R005,H038,v2.6,50,31.2,58.95,1.71,201.33,95.33,1.51,165.3,1.47,SUCCESS,False
R005,H039,v2.6,50,51.32,47.81,1.75,241.24,77.04,1.42,226.49,1.84,SUCCESS,False
R005,H040,v2.6,5,51.87,56.84,2.19,225.01,90.82,1.94,207.16,1.29,SUCCESS,False
R005,H041,v2.6,100,36.55,60.46,0.91,137.38,69.53,1.78,247.29,0.55,SUCCESS,False
R005,H042,v2.6,10,42.71,44.78,0.71,166.69,53.61,1.82,190.83,2.19,SUCCESS,False
R005,H043,v2.6,50,56.71,,2.0,298.07,97.06,1.6,117.43,1.31,IN_PROGRESS,False
R005,H044,v2.6,5,65.14,50.09,2.26,184.55,69.88,1.96,117.0,1.37,SUCCESS,False
R005,H045,v2.6,5,50.88,58.17,0.69,115.12,64.86,0.93,198.51,2.88,SUCCESS,False
R005,H046,v2.6,25,61.9,63.11,2.03,162.58,79.88,0.9,102.27,1.18,SUCCESS,False
R005,H047,v2.6,5,47.85,57.21,1.97,240.23,70.41,1.92,210.48,2.2,SUCCESS,False
R005,H048,v2.6,10,46.15,58.36,2.18,295.4,50.42,1.94,159.86,0.75,SUCCESS,False
R005,H049,v2.6,100,66.77,51.06,0.52,217.89,81.88,1.15,138.81,2.03,SUCCESS,False
R005,H050,v2.6,5,43.01,48.04,1.12,112.51,86.64,1.82,210.81,1.65,SUCCESS,False
R006,H001,v2.7,50,50.76,60.94,1.0,223.36,86.9,1.71,223.45,2.36,SUCCESS,False
R006,H002,v2.7,100,42.14,43.95,2.74,233.29,72.72,1.38,180.75,2.47,SUCCESS,False
R006,H003,v2.7,10,44.5,61.88,1.61,104.38,75.13,1.16,197.4,1.25,SUCCESS,False
R006,H004,v2.7,5,37.43,61.51,0.9,132.09,59.28,1.65,161.45,0.68,SUCCESS,False
R006,H005,v2.7,25,39.15,48.4,1.79,207.11,67.69,0.67,143.38,1.39,SUCCESS,False
R006,H006,v2.7,100,50.86,37.25,2.85,275.26,69.64,1.93,149.01,0.76,SUCCESS,False
R006,H007,v2.7,50,54.2,59.85,1.6,222.11,83.68,1.52,225.69,0.9,SUCCESS,False
R006,H008,v2.7,5,59.76,62.35,1.79,132.27,50.96,0.75,100.3,0.71,SUCCESS,False
R006,H009,v2.7,10,74.27,58.46,1.11,111.55,61.71,0.66,133.35,1.48,SUCCESS,False
R006,H010,v2.7,25,68.71,58.12,2.26,134.34,70.6,1.12,164.34,1.75,SUCCESS,False
R006,H011,v2.7,5,41.05,51.74,2.23,141.25,94.78,1.41,117.58,1.48,SUCCESS,False
R006,H012,v2.7,5,76.21,46.1,2.07,237.73,50.5,1.69,110.36,1.13,SUCCESS,False
R006,H013,v2.7,50,60.96,49.99,1.63,136.69,94.13,1.76,172.76,2.64,SUCCESS,False
R006,H014,v2.7,50,58.48,37.02,2.92,113.31,53.71,1.85,130.52,2.12,SUCCESS,False
R006,H015,v2.7,100,43.65,45.48,1.43,113.74,73.21,1.34,148.17,1.42,SUCCESS,False
R006,H016,v2.7,5,47.99,54.95,2.51,254.56,53.32,0.83,199.25,1.87,SUCCESS,False
R006,H017,v2.7,50,54.1,48.11,2.05,248.45,59.75,1.7,177.7,0.92,SUCCESS,False
R006,H018,v2.7,50,51.91,62.53,2.08,131.3,85.82,1.4,198.12,1.68,SUCCESS,False
R006,H019,v2.7,5,50.16,62.22,0.97,115.39,69.14,0.82,163.73,2.24,SUCCESS,False
R006,H020,v2.7,5,51.72,59.43,1.31,153.9,84.73,1.54,139.61,0.98,SUCCESS,False
R006,H021,v2.7,25,43.03,59.66,0.72,239.79,71.62,1.72,216.7,1.42,SUCCESS,False
R006,H022,v2.7,50,50.95,52.89,1.31,279.58,66.26,0.87,183.6,2.72,IN_PROGRESS,False
R006,H023,v2.7,50,57.57,59.9,2.65,299.53,52.02,0.87,186.51,1.1,SUCCESS,False
R006,H024,v2.7,10,60.82,44.5,1.08,102.88,81.19,1.68,184.93,2.41,SUCCESS,False
R006,H025,v2.7,25,52.49,63.36,1.95,298.14,72.11,1.35,193.69,2.39,SUCCESS,False
R006,H026,v2.7,25,53.68,38.2,1.03,299.13,82.48,1.89,239.37,2.95,SUCCESS,False
R006,H027,v2.7,5,39.41,66.85,2.85,133.47,84.54,1.18,201.22,1.75,SUCCESS,False
R006,H028,v2.7,5,55.63,47.96,1.64,233.55,58.49,1.45,189.9,2.59,SUCCESS,False
R006,H029,v2.7,25,50.44,59.47,1.72,180.38,78.63,1.76,220.42,0.88,SUCCESS,False
R006,H030,v2.7,25,49.26,51.39,0.71,221.37,94.15,1.03,107.8,2.7,SUCCESS,False
R006,H031,v2.7,50,58.95,49.95,2.99,106.01,81.13,0.79,210.61,2.74,IN_PROGRESS,False
R006,H032,v2.7,5,47.94,49.03,0.68,142.16,73.46,1.0,110.05,1.07,SUCCESS,False
R006,H033,v2.7,5,49.38,58.84,1.2,259.66,64.97,1.96,213.89,1.32,SUCCESS,False
R006,H034,v2.7,10,55.95,50.54,0.87,168.53,57.75,1.51,109.38,2.66,SUCCESS,False
R006,H035,v2.7,25,51.84,76.54,0.86,224.8,74.39,1.71,120.57,1.18,SUCCESS,False
R006,H036,v2.7,50,67.39,52.43,1.94,233.44,93.11,0.59,162.79,2.44,SUCCESS,False
R006,H037,v2.7,100,49.51,43.76,2.35,198.51,91.91,1.83,155.72,1.71,SUCCESS,False
R006,H038,v2.7,10,47.57,52.6,2.88,135.1,78.97,1.18,214.37,1.92,SUCCESS,False
R006,H039,v2.7,25,52.17,46.22,0.96,155.73,59.14,1.06,199.25,1.05,SUCCESS,False
R006,H040,v2.7,100,62.18,50.89,1.42,117.4,92.26,1.36,121.45,1.89,SUCCESS,False
R006,H041,v2.7,5,41.61,47.91,0.5,274.13,81.37,0.83,231.11,2.48,SUCCESS,False
R006,H042,v2.7,10,40.63,49.66,1.1,281.69,73.31,0.64,172.92,1.67,SUCCESS,False
R006,H043,v2.7,10,44.74,66.11,2.57,134.14,60.22,1.4,249.93,0.58,SUCCESS,False
R006,H044,v2.7,100,29.16,68.8,2.6,132.14,72.45,1.26,175.19,0.56,SUCCESS,False
R006,H045,v2.7,5,45.84,45.96,2.5,178.42,56.27,1.41,142.16,2.38,SUCCESS,False
R006,H046,v2.7,25,50.98,65.37,2.44,146.89,51.51,1.89,158.1,1.36,IN_PROGRESS,False
R006,H047,v2.7,5,58.69,51.36,2.87,1107.88,63.87,1.42,201.77,2.35,SUCCESS,False
R006,H048,v2.7,10,43.36,62.05,0.86,162.63,54.45,1.02,165.35,2.62,IN_PROGRESS,False
R006,H049,v2.7,100,45.03,100.0,2.28,154.59,72.44,1.18,129.77,1.35,IN_PROGRESS,False
R006,H050,v2.7,25,58.65,56.33,2.54,251.41,50.34,1.63,213.08,0.64,SUCCESS,False
R007,H001,v2.8,50,61.36,46.15,1.18,138.12,67.11,1.84,236.38,0.96,SUCCESS,False
R007,H002,v2.8,25,30.88,54.45,1.99,186.77,55.83,1.3,143.19,0.91,SUCCESS,False
R007,H003,v2.8,25,52.64,65.18,2.14,279.68,66.34,1.49,239.73,1.5,SUCCESS,False
R007,H004,v2.8,5,65.16,59.82,0.58,231.74,55.16,1.37,169.6,1.83,SUCCESS,False
R007,H005,v2.8,100,30.92,48.12,0.63,110.55,72.9,1.73,247.54,2.23,SUCCESS,False
R007,H006,v2.8,25,49.06,65.61,1.38,172.51,66.41,1.04,223.53,2.51,SUCCESS,False
R007,H007,v2.8,10,62.0,51.29,2.56,176.92,65.16,1.76,133.19,1.65,IN_PROGRESS,False
R007,H008,v2.8,25,25.12,49.73,0.9,231.28,78.11,1.3,104.9,2.93,SUCCESS,False
R007,H009,v2.8,5,44.13,56.79,1.39,210.13,91.68,1.42,240.77,1.51,SUCCESS,False
R007,H010,v2.8,5,67.35,48.15,2.15,114.02,59.09,0.66,153.23,1.49,SUCCESS,False
R007,H011,v2.8,10,34.86,57.57,1.76,246.3,61.02,0.75,231.9,2.9,SUCCESS,False
R007,H012,v2.8,25,52.02,68.05,2.19,185.69,91.22,1.44,160.48,2.33,SUCCESS,False
R007,H013,v2.8,50,48.14,57.48,2.61,196.8,65.42,1.15,156.86,1.79,SUCCESS,False
R007,H014,v2.8,5,49.06,58.36,2.32,169.16,90.27,0.51,246.75,2.18,IN_PROGRESS,False
R007,H015,v2.8,5,66.49,63.56,2.22,124.08,59.06,1.99,103.87,2.85,SUCCESS,False
R007,H016,v2.8,10,46.99,,2.39,279.59,69.66,1.13,124.03,0.71,SUCCESS,False
R007,H017,v2.8,10,39.21,47.84,4.8,155.54,96.35,0.62,135.25,0.59,SUCCESS,False
R007,H018,v2.8,5,43.23,63.04,0.6,217.67,98.69,1.37,101.7,1.49,SUCCESS,False
R007,H019,v2.8,5,43.7,55.56,1.57,266.47,61.22,1.86,156.21,2.51,SUCCESS,False
R007,H020,v2.8,5,56.77,48.8,0.63,198.51,66.72,1.18,150.62,1.61,SUCCESS,False
R007,H021,v2.8,25,48.28,53.64,1.17,172.21,83.98,1.71,214.02,1.52,SUCCESS,False
R007,H022,v2.8,25,55.23,52.4,2.74,159.46,70.57,0.79,196.23,1.07,SUCCESS,False
R007,H023,v2.8,25,54.82,49.43,1.4,234.25,54.06,1.74,159.55,1.18,IN_PROGRESS,False
R007,H024,v2.8,100,60.53,56.79,1.22,193.54,70.56,1.69,198.91,2.05,SUCCESS,False
R007,H025,v2.8,50,59.28,59.34,1.89,255.9,90.92,0.8,240.16,0.54,SUCCESS,False
R007,H026,v2.8,5,55.86,51.83,0.76,125.19,83.69,0.82,214.8,2.95,SUCCESS,False
R007,H027,v2.8,25,32.8,69.62,1.19,253.72,84.62,1.4,202.38,1.07,SUCCESS,False
R007,H028,v2.8,5,60.73,57.6,0.61,246.83,73.93,0.59,119.65,1.35,IN_PROGRESS,False
R007,H029,v2.8,5,50.76,52.82,1.57,209.63,64.8,0.62,138.79,0.94,SUCCESS,False
R007,H030,v2.8,50,42.27,55.0,0.72,220.18,95.86,1.37,184.59,1.35,SUCCESS,False
R007,H031,v2.8,5,51.11,56.22,2.19,235.93,64.79,1.29,204.67,2.86,SUCCESS,False
R007,H032,v2.8,25,61.65,45.04,1.89,168.55,54.72,1.45,189.02,0.84,SUCCESS,False
R007,H033,v2.8,5,46.22,57.21,0.5,242.43,62.72,1.1,209.34,1.39,SUCCESS,False
R007,H034,v2.8,100,50.99,48.27,1.45,221.43,62.01,1.35,177.17,1.47,SUCCESS,False
R007,H035,v2.8,5,60.69,55.73,2.99,216.54,66.35,1.98,166.62,2.53,SUCCESS,False
R007,H036,v2.8,25,40.83,57.61,1.95,238.68,87.67,0.97,119.98,2.25,SUCCESS,False
R007,H037,v2.8,25,45.4,41.1,2.04,269.99,56.28,0.78,103.85,0.99,IN_PROGRESS,False
R007,H038,v2.8,25,61.8,73.23,1.08,227.55,52.08,1.31,112.9,2.55,SUCCESS,False
R007,H039,v2.8,10,53.45,65.29,2.33,172.96,73.31,1.42,234.69,2.1,SUCCESS,False
R007,H040,v2.8,10,46.26,53.76,2.42,240.42,83.78,1.87,103.14,1.33,SUCCESS,False
R007,H041,v2.8,10,52.18,47.17,2.92,175.57,66.97,1.9,137.63,0.66,SUCCESS,False
R007,H042,v2.8,100,40.72,53.08,2.71,182.97,82.98,1.18,153.21,1.47,SUCCESS,False
R007,H043,v2.8,50,74.45,50.66,1.95,180.29,56.34,1.91,197.31,1.35,SUCCESS,False
R007,H044,v2.8,5,59.96,57.04,1.94,169.1,77.01,0.59,182.85,2.51,SUCCESS,False
R007,H045,v2.8,10,47.78,45.81,1.99,116.12,87.76,0.94,121.52,2.85,SUCCESS,False
R007,H046,v2.8,10,42.93,62.19,2.85,124.87,98.55,1.45,224.3,2.69,SUCCESS,False
R007,H047,v2.8,10,51.87,58.78,1.7,261.94,51.1,1.27,187.1,2.88,IN_PROGRESS,False
R007,H048,v2.8,5,37.35,67.23,0.64,219.89,69.16,0.7,165.98,2.76,SUCCESS,False
R007,H049,v2.8,50,61.41,50.53,1.89,265.19,89.22,1.74,188.2,2.08,SUCCESS,False
R007,H050,v2.8,10,61.03,70.48,0.96,111.92,88.18,1.41,133.07,2.01,SUCCESS,False
R008,H001,v2.9,10,69.27,62.45,5.36,559.12,14.5,0.75,127.67,8.58,SUCCESS,True
R008,H002,v2.9,10,95.35,93.97,11.15,623.15,1.46,0.59,110.67,11.72,SUCCESS,True
R008,H003,v2.9,10,69.55,72.81,6.19,450.78,15.56,1.47,106.84,5.86,SUCCESS,True
R008,H004,v2.9,25,86.73,53.94,5.54,401.67,19.25,1.92,121.38,9.69,SUCCESS,True
R008,H005,v2.9,5,93.36,81.65,7.21,557.26,2.91,1.0,126.56,6.66,SUCCESS,True
R008,H006,v2.9,10,72.8,71.43,7.45,712.97,7.22,1.21,238.37,11.95,ROLLED_BACK,True
R008,H007,v2.9,10,81.0,69.66,7.34,692.35,17.35,1.11,246.73,7.94,FAILED,True
R008,H008,v2.9,5,90.35,52.83,7.82,607.84,4.06,1.54,121.0,11.98,FAILED,True
R008,H009,v2.9,5,68.02,63.26,9.68,593.52,10.73,1.92,231.94,7.93,FAILED,True
R008,H010,v2.9,10,83.15,66.88,5.18,541.93,16.92,1.33,185.54,10.46,SUCCESS,True
R008,H011,v2.9,50,61.66,,6.83,567.64,15.41,1.6,191.52,9.2,SUCCESS,True
R008,H012,v2.9,5,66.94,76.13,5.22,685.77,3.76,0.64,147.8,7.53,SUCCESS,True
R008,H013,v2.9,10,87.24,60.23,10.66,644.66,7.67,0.68,188.21,7.07,SUCCESS,True
R008,H014,v2.9,50,94.22,91.8,5.47,732.62,21.69,1.08,165.4,6.24,FAILED,True
R008,H015,v2.9,5,86.98,71.91,7.16,517.41,9.98,1.04,190.73,6.86,FAILED,True
R008,H016,v2.9,50,70.23,71.84,9.47,527.9,4.13,1.83,222.41,5.4,SUCCESS,True
R008,H017,v2.9,5,99.14,76.36,11.52,648.15,2.51,1.12,153.49,10.63,SUCCESS,True
R008,H018,v2.9,5,74.1,79.86,9.42,690.44,4.42,0.73,149.28,7.57,SUCCESS,True
R008,H019,v2.9,10,,80.34,7.27,706.08,19.73,0.51,178.51,6.0,FAILED,True
R008,H020,v2.9,10,86.88,69.13,11.13,520.99,25.72,0.66,137.28,11.01,FAILED,True
R008,H021,v2.9,100,100.0,75.09,8.57,447.98,24.07,1.52,149.74,7.18,ROLLED_BACK,True
R008,H022,v2.9,10,84.8,70.74,5.92,682.02,20.33,1.49,212.77,10.19,SUCCESS,True
R008,H023,v2.9,5,70.79,85.5,6.18,734.58,5.68,1.58,171.32,8.84,FAILED,True
R008,H024,v2.9,10,67.88,78.15,10.87,668.41,10.89,1.74,224.43,9.88,ROLLED_BACK,True
R008,H025,v2.9,10,75.87,76.87,9.42,508.22,28.26,1.83,107.08,6.74,SUCCESS,True
R008,H026,v2.9,5,74.27,77.21,7.5,537.64,13.22,0.52,181.64,8.64,ROLLED_BACK,True
R008,H027,v2.9,5,77.58,69.38,9.17,566.06,23.55,1.97,137.5,7.96,SUCCESS,True
R008,H028,v2.9,10,76.01,91.51,7.25,638.42,13.06,1.19,138.5,11.97,ROLLED_BACK,True
R008,H029,v2.9,5,80.75,81.8,6.17,448.15,21.72,1.13,132.95,5.47,ROLLED_BACK,True
R008,H030,v2.9,10,92.47,83.07,5.77,414.24,6.98,1.02,156.22,11.96,SUCCESS,True
R008,H031,v2.9,10,97.85,68.95,8.56,744.58,0.3,1.7,151.19,11.06,FAILED,True
R008,H032,v2.9,10,77.98,58.74,11.94,,21.19,1.98,213.19,5.68,SUCCESS,True
R008,H033,v2.9,5,58.93,76.6,8.0,424.57,10.9,0.53,235.62,6.57,SUCCESS,True
R008,H034,v2.9,25,90.22,65.24,11.96,525.85,25.33,1.31,226.0,9.72,ROLLED_BACK,True
R008,H035,v2.9,10,95.52,73.31,5.97,576.03,6.37,0.53,214.13,8.38,SUCCESS,True
R008,H036,v2.9,5,76.05,99.89,11.15,781.01,13.36,1.7,247.12,10.28,FAILED,True
R008,H037,v2.9,10,95.97,65.5,5.83,560.6,6.62,1.74,198.21,10.55,SUCCESS,True
R008,H038,v2.9,5,84.56,79.51,5.81,682.38,24.87,1.95,210.21,8.53,SUCCESS,True
R008,H039,v2.9,10,65.59,96.01,8.72,698.29,20.9,1.65,194.28,10.78,ROLLED_BACK,True
R008,H040,v2.9,25,81.45,84.24,8.86,496.74,29.03,1.89,192.88,7.98,FAILED,True
R008,H041,v2.9,25,64.34,81.16,8.3,589.01,15.52,1.29,213.9,7.65,SUCCESS,True
R008,H042,v2.9,5,64.93,88.54,5.61,480.86,6.21,1.36,228.05,8.82,SUCCESS,True
R008,H043,v2.9,10,65.65,71.85,8.99,632.63,7.21,0.87,221.85,10.0,SUCCESS,True
R008,H044,v2.9,50,59.51,79.29,11.23,445.96,15.06,1.59,145.22,5.03,FAILED,True
R008,H045,v2.9,10,98.44,73.71,6.83,649.7,5.71,1.25,132.49,10.81,ROLLED_BACK,True
R008,H046,v2.9,10,81.08,79.51,11.9,716.51,10.18,0.97,208.77,9.21,SUCCESS,True
R008,H047,v2.9,10,91.12,56.88,8.25,647.68,19.85,0.53,109.38,8.36,SUCCESS,True
R008,H048,v2.9,10,75.92,65.33,7.77,645.26,8.99,0.54,157.07,10.64,ROLLED_BACK,True
R008,H049,v2.9,25,67.46,74.0,5.15,543.18,11.63,1.5,176.65,7.34,SUCCESS,True
R008,H050,v2.9,100,71.98,85.94,7.17,774.69,14.92,1.24,205.13,8.61,SUCCESS,True
R009,H001,v2.10,10,36.47,58.1,2.63,116.85,84.02,0.79,183.32,1.39,SUCCESS,False
R009,H002,v2.10,50,51.55,40.32,2.37,267.31,96.43,0.68,121.08,2.26,SUCCESS,False
R009,H003,v2.10,25,63.14,56.05,0.75,258.38,74.11,0.79,113.91,2.53,SUCCESS,False
R009,H004,v2.10,25,41.66,59.67,1.32,197.44,62.44,1.85,187.4,0.56,SUCCESS,False
R009,H005,v2.10,25,44.45,65.65,1.77,271.2,90.26,1.72,138.62,2.37,SUCCESS,False
R009,H006,v2.10,10,51.54,56.14,1.29,270.44,52.48,0.93,208.7,0.6,SUCCESS,False
R009,H007,v2.10,25,46.57,40.88,1.69,256.6,72.84,1.01,126.94,2.38,SUCCESS,False
R009,H008,v2.10,50,64.48,53.66,1.51,184.99,85.95,1.07,247.18,1.46,SUCCESS,False
R009,H009,v2.10,5,46.14,62.25,2.13,170.04,94.24,1.09,192.51,2.04,SUCCESS,False
R009,H010,v2.10,50,51.46,40.39,2.62,237.03,60.07,1.35,177.49,1.23,SUCCESS,False
R009,H011,v2.10,10,37.64,56.4,0.66,163.48,75.77,0.67,125.79,1.05,SUCCESS,False
R009,H012,v2.10,25,60.67,52.42,1.36,107.04,90.1,1.3,229.1,2.37,SUCCESS,False
R009,H013,v2.10,25,49.17,64.69,2.17,180.47,81.27,0.91,147.43,1.25,SUCCESS,False
R009,H014,v2.10,25,33.79,52.39,1.61,269.45,97.6,1.92,249.33,1.02,SUCCESS,False
R009,H015,v2.10,50,34.88,47.81,0.59,201.07,81.73,0.98,101.32,1.51,SUCCESS,False
R009,H016,v2.10,5,69.35,46.41,1.04,225.49,99.88,1.17,173.22,2.81,SUCCESS,False
R009,H017,v2.10,10,48.67,52.02,1.51,147.8,82.02,0.86,130.52,2.07,SUCCESS,False
R009,H018,v2.10,25,38.87,54.74,1.11,158.34,61.52,0.91,188.96,2.81,SUCCESS,False
R009,H019,v2.10,5,67.96,61.38,0.54,167.79,53.87,1.93,229.84,2.49,SUCCESS,False
R009,H020,v2.10,100,66.62,55.42,1.28,202.9,73.34,0.7,219.61,2.64,SUCCESS,False
R009,H021,v2.10,10,66.19,53.76,2.22,272.73,71.34,1.91,144.24,2.99,SUCCESS,False
R009,H022,v2.10,50,41.45,41.88,1.76,267.89,80.75,0.83,123.77,2.13,SUCCESS,False
R009,H023,v2.10,100,48.04,49.63,2.55,101.43,66.46,0.8,101.43,1.64,SUCCESS,False
R009,H024,v2.10,10,62.79,60.23,0.7,109.41,59.44,1.56,178.23,0.55,SUCCESS,False
R009,H025,v2.10,5,62.33,70.79,2.48,297.34,75.48,1.34,116.79,1.13,IN_PROGRESS,False
R009,H026,v2.10,100,50.67,49.94,2.73,152.54,66.22,0.59,239.65,1.68,IN_PROGRESS,False
R009,H027,v2.10,25,66.9,51.92,1.39,112.78,55.77,1.73,158.84,0.69,SUCCESS,False
R009,H028,v2.10,10,55.24,64.84,2.84,235.94,80.51,0.89,152.08,1.93,IN_PROGRESS,False
R009,H029,v2.10,10,54.19,52.38,2.89,147.34,54.85,1.53,212.3,2.71,SUCCESS,False
R009,H030,v2.10,50,,50.19,0.73,233.6,92.59,0.59,140.75,0.83,SUCCESS,False
R009,H031,v2.10,10,53.55,100.0,1.36,262.0,61.22,1.67,172.63,1.1,SUCCESS,False
R009,H032,v2.10,5,52.25,51.34,2.14,274.5,72.51,1.27,226.72,1.11,IN_PROGRESS,False
R009,H033,v2.10,5,43.51,58.02,2.0,210.07,84.51,0.89,187.18,1.78,SUCCESS,False
R009,H034,v2.10,5,46.95,51.55,0.77,264.35,87.36,0.76,140.02,0.85,SUCCESS,False
R009,H035,v2.10,5,51.22,67.13,2.1,257.27,50.14,1.65,177.11,1.51,SUCCESS,False
R009,H036,v2.10,5,42.8,42.78,2.22,262.96,65.48,1.24,247.97,1.54,IN_PROGRESS,False
R009,H037,v2.10,5,,52.19,0.72,243.07,88.02,1.23,133.01,1.18,SUCCESS,False
R009,H038,v2.10,10,43.7,60.86,0.67,163.38,75.3,1.96,243.2,1.17,SUCCESS,False
R009,H039,v2.10,10,51.54,52.31,0.52,181.84,84.67,1.53,146.93,1.32,SUCCESS,False
R009,H040,v2.10,5,56.81,45.77,2.02,283.02,87.59,1.17,209.05,0.89,SUCCESS,False
R009,H041,v2.10,10,69.48,63.2,1.8,110.23,74.6,1.37,233.35,1.08,SUCCESS,False
R009,H042,v2.10,10,54.04,60.73,0.77,255.18,88.39,0.89,169.6,2.52,SUCCESS,False
R009,H043,v2.10,25,44.74,55.26,2.1,116.29,64.63,1.47,168.75,1.59,SUCCESS,False
R009,H044,v2.10,50,26.28,71.34,0.77,229.91,91.41,0.75,115.65,2.67,SUCCESS,False
R009,H045,v2.10,5,43.14,43.54,2.86,222.08,85.52,0.89,120.35,2.59,SUCCESS,False
R009,H046,v2.10,25,40.99,47.29,2.83,104.93,86.27,1.01,249.65,2.24,SUCCESS,False
R009,H047,v2.10,5,41.21,57.79,2.13,296.5,71.96,1.73,196.95,2.78,SUCCESS,False
R009,H048,v2.10,25,39.42,35.02,2.82,228.22,76.27,1.19,108.27,1.28,SUCCESS,False
R009,H049,v2.10,10,62.55,62.57,1.17,163.13,82.78,1.03,202.38,0.81,SUCCESS,False
R009,H050,v2.10,50,52.27,50.51,2.55,148.93,91.94,1.17,168.9,1.55,SUCCESS,False
R010,H001,v2.11,5,72.45,86.79,7.4,618.59,22.7,1.87,223.08,5.64,FAILED,True
R010,H002,v2.11,5,76.15,69.07,,530.7,17.89,0.59,188.17,7.45,SUCCESS,True
R010,H003,v2.11,50,78.84,81.65,6.99,677.55,22.78,1.57,203.04,7.14,FAILED,True
R010,H004,v2.11,10,88.07,68.01,5.5,664.16,20.18,0.99,190.34,10.66,SUCCESS,True
R010,H005,v2.11,5,82.87,81.9,6.52,648.49,14.51,1.15,104.95,5.34,SUCCESS,True
R010,H006,v2.11,5,80.42,72.18,9.02,540.31,14.8,0.81,213.06,10.83,ROLLED_BACK,True
R010,H007,v2.11,5,55.02,72.08,11.15,478.67,6.17,1.98,235.92,11.63,FAILED,True
R010,H008,v2.11,25,65.71,74.44,10.73,534.27,15.44,0.79,178.13,9.02,SUCCESS,True
R010,H009,v2.11,10,64.74,75.93,6.66,465.97,10.98,1.6,226.0,5.87,SUCCESS,True
R010,H010,v2.11,5,80.07,47.26,5.98,569.91,5.5,0.65,125.83,7.39,SUCCESS,True
R010,H011,v2.11,5,64.17,67.65,11.0,726.84,14.68,0.7,233.06,8.14,SUCCESS,True
R010,H012,v2.11,5,69.25,97.93,11.13,508.57,4.88,1.17,241.07,5.03,SUCCESS,True
R010,H013,v2.11,25,72.99,76.89,5.32,631.84,5.32,0.95,168.66,11.39,SUCCESS,True
R010,H014,v2.11,10,76.17,73.49,9.41,795.4,1.85,1.52,135.52,7.41,FAILED,True
R010,H015,v2.11,50,72.59,100.0,7.93,605.82,27.18,0.81,139.1,9.96,SUCCESS,True
R010,H016,v2.11,5,74.93,82.84,10.9,578.35,21.96,0.68,187.12,9.96,SUCCESS,True
R010,H017,v2.11,5,74.9,76.58,10.71,572.83,17.86,1.04,180.22,10.57,ROLLED_BACK,True
R010,H018,v2.11,25,70.86,79.89,6.48,694.41,15.18,1.13,121.65,7.24,SUCCESS,True
R010,H019,v2.11,50,75.67,71.9,8.19,607.21,12.68,1.11,214.35,5.05,FAILED,True
R010,H020,v2.11,5,66.99,67.67,9.4,731.98,7.75,1.72,188.26,7.91,ROLLED_BACK,True
R010,H021,v2.11,10,50.79,46.68,8.96,766.7,13.53,0.81,194.02,10.61,FAILED,True
R010,H022,v2.11,5,72.02,81.27,11.67,613.22,16.29,1.2,136.87,9.42,SUCCESS,True
R010,H023,v2.11,25,68.21,70.29,7.84,770.63,12.57,1.17,216.7,9.97,SUCCESS,True
R010,H024,v2.11,25,80.76,64.45,6.72,687.02,20.2,0.93,187.87,10.44,FAILED,True
R010,H025,v2.11,10,92.65,100.0,9.79,484.83,8.44,0.87,248.2,6.67,SUCCESS,True
R010,H026,v2.11,5,71.72,85.64,11.86,660.05,0.95,1.55,144.92,10.19,SUCCESS,True
R010,H027,v2.11,25,74.07,75.74,8.64,414.85,20.17,0.7,117.36,5.56,FAILED,True
R010,H028,v2.11,50,51.28,85.84,11.75,509.42,29.49,0.83,181.3,7.8,SUCCESS,True
R010,H029,v2.11,25,54.84,85.55,11.67,761.28,24.54,0.52,107.43,10.0,FAILED,True
R010,H030,v2.11,5,88.58,76.15,6.49,643.11,19.29,0.99,222.89,5.59,FAILED,True
R010,H031,v2.11,5,,79.02,8.65,667.71,7.82,0.68,193.35,10.71,SUCCESS,True
R010,H032,v2.11,5,79.7,68.39,5.71,649.26,23.67,0.89,231.21,7.49,SUCCESS,True
R010,H033,v2.11,25,78.13,85.23,5.89,571.02,21.01,1.81,119.02,6.13,FAILED,True
R010,H034,v2.11,50,75.6,81.36,7.76,739.28,14.16,1.9,177.03,8.45,SUCCESS,True
R010,H035,v2.11,10,56.94,79.19,10.56,594.59,3.2,1.0,173.79,7.34,SUCCESS,True
R010,H036,v2.11,5,74.38,73.64,8.81,620.68,13.42,1.19,146.06,7.5,ROLLED_BACK,True
R010,H037,v2.11,5,82.95,65.7,5.15,567.57,10.16,1.19,213.93,10.43,FAILED,True
R010,H038,v2.11,5,70.9,83.67,10.06,527.69,3.8,1.78,129.73,11.34,SUCCESS,True
R010,H039,v2.11,5,83.16,73.01,8.81,507.9,19.77,1.92,246.47,9.92,ROLLED_BACK,True
R010,H040,v2.11,5,75.61,89.9,7.1,460.51,11.28,0.67,100.59,6.99,FAILED,True
R010,H041,v2.11,5,77.24,80.89,10.61,586.55,3.25,0.65,161.57,7.53,ROLLED_BACK,True
R010,H042,v2.11,10,76.32,81.17,8.78,420.13,5.62,1.23,193.76,5.44,SUCCESS,True
R010,H043,v2.11,5,62.44,66.71,7.61,501.87,12.22,1.75,123.22,8.42,ROLLED_BACK,True
R010,H044,v2.11,5,75.54,87.57,8.69,624.64,5.93,1.44,108.18,6.2,SUCCESS,True
R010,H045,v2.11,5,82.01,81.14,7.08,454.25,20.92,1.96,103.3,6.02,FAILED,True
R010,H046,v2.11,25,69.9,80.0,5.51,681.31,27.6,0.73,136.52,7.82,FAILED,True
R010,H047,v2.11,5,74.94,68.43,5.86,560.39,23.19,1.01,160.34,7.45,FAILED,True
R010,H048,v2.11,10,64.18,81.03,7.57,442.32,3.64,0.73,219.77,9.4,ROLLED_BACK,True
R010,H049,v2.11,25,69.94,63.69,10.9,657.69,26.0,1.87,183.11,9.56,ROLLED_BACK,True
R010,H050,v2.11,10,61.34,78.64,42.32,688.04,13.91,1.61,213.54,5.6,SUCCESS,True
R011,H001,v2.12,5,69.38,33.73,0.98,192.41,52.54,1.88,200.97,2.76,SUCCESS,False
R011,H002,v2.12,100,62.35,53.61,2.9,255.02,80.34,1.51,199.66,2.05,SUCCESS,False
R011,H003,v2.12,10,38.8,53.61,0.76,207.09,65.15,0.59,157.59,0.71,SUCCESS,False
R011,H004,v2.12,100,62.12,63.25,1.43,103.54,51.09,1.55,144.07,2.26,SUCCESS,False
R011,H005,v2.12,10,60.87,57.52,2.72,196.77,65.82,0.52,154.43,2.32,SUCCESS,False
R011,H006,v2.12,10,40.71,66.03,0.69,185.26,83.43,0.63,202.75,1.61,SUCCESS,False
R011,H007,v2.12,5,44.61,42.22,0.74,125.14,88.12,1.97,157.96,1.54,IN_PROGRESS,False
R011,H008,v2.12,25,51.99,56.4,,239.57,99.97,1.45,220.86,1.17,SUCCESS,False
R011,H009,v2.12,100,56.67,54.5,2.18,112.98,62.01,1.95,181.08,1.66,SUCCESS,False
R011,H010,v2.12,10,54.91,62.91,1.35,287.1,60.47,0.75,175.56,2.78,SUCCESS,False
R011,H011,v2.12,100,45.31,55.24,1.12,191.92,77.86,1.83,190.08,2.07,SUCCESS,False
R011,H012,v2.12,5,49.85,40.59,1.32,188.12,84.21,1.12,212.52,2.64,SUCCESS,False
R011,H013,v2.12,5,51.29,39.11,2.85,109.56,92.83,1.83,149.36,1.38,SUCCESS,False
R011,H014,v2.12,10,53.06,55.03,1.66,111.65,71.8,1.87,214.29,1.16,SUCCESS,False
R011,H015,v2.12,5,65.44,55.68,1.91,210.54,56.31,1.39,208.22,0.79,SUCCESS,False
R011,H016,v2.12,25,54.92,55.33,1.71,112.72,92.05,0.55,189.29,1.88,IN_PROGRESS,False
R011,H017,v2.12,100,45.0,54.18,1.37,153.05,97.44,0.79,192.31,2.22,SUCCESS,False
R011,H018,v2.12,10,57.06,64.53,2.56,229.5,85.7,0.61,240.1,2.92,IN_PROGRESS,False
R011,H019,v2.12,10,73.39,52.33,0.53,138.97,97.53,0.69,188.87,1.73,SUCCESS,False
R011,H020,v2.12,25,46.75,47.5,0.56,577.44,60.06,0.95,161.62,2.45,SUCCESS,False
R011,H021,v2.12,25,41.06,44.56,2.81,141.33,51.52,0.93,183.94,2.69,SUCCESS,False
R011,H022,v2.12,25,57.44,66.09,1.68,291.96,95.39,0.81,180.56,2.19,SUCCESS,False
R011,H023,v2.12,10,46.61,49.0,1.05,285.06,74.98,1.79,134.89,2.67,SUCCESS,False
R011,H024,v2.12,100,54.07,55.13,2.24,234.4,87.18,1.34,150.46,1.1,SUCCESS,False
R011,H025,v2.12,5,54.4,41.0,0.5,156.64,79.68,0.89,103.88,2.7,SUCCESS,False
R011,H026,v2.12,5,37.17,65.08,2.37,209.95,58.47,1.73,117.5,1.63,SUCCESS,False
R011,H027,v2.12,5,71.22,55.32,2.78,274.76,71.88,1.06,238.84,1.75,SUCCESS,False
R011,H028,v2.12,5,59.09,67.21,1.71,178.07,51.46,1.03,126.58,2.77,SUCCESS,False
R011,H029,v2.12,25,24.11,71.5,1.15,263.72,89.1,1.92,131.84,2.75,SUCCESS,False
R011,H030,v2.12,5,59.63,68.91,1.56,140.18,76.23,1.51,179.56,1.26,SUCCESS,False
R011,H031,v2.12,100,62.54,48.64,1.6,263.56,96.49,0.93,110.67,1.87,IN_PROGRESS,False
R011,H032,v2.12,25,39.03,60.71,2.0,239.49,74.88,0.88,161.06,0.73,SUCCESS,False
R011,H033,v2.12,50,29.66,43.95,1.57,217.11,57.49,1.15,129.7,1.8,SUCCESS,False
R011,H034,v2.12,10,43.55,62.86,0.68,286.53,89.63,1.71,158.21,1.49,SUCCESS,False
R011,H035,v2.12,5,,74.25,2.69,108.69,93.79,1.75,185.7,1.15,SUCCESS,False
R011,H036,v2.12,5,42.24,55.63,2.48,143.56,90.16,1.06,152.76,2.19,SUCCESS,False
R011,H037,v2.12,10,65.74,58.65,1.45,160.55,90.9,1.71,144.21,1.65,IN_PROGRESS,False
R011,H038,v2.12,100,58.58,59.43,2.64,183.02,71.89,0.65,134.81,0.72,SUCCESS,False
R011,H039,v2.12,5,41.95,56.51,1.34,117.94,90.36,1.74,164.15,2.9,SUCCESS,False
R011,H040,v2.12,10,60.84,56.68,1.69,298.91,53.7,0.74,184.47,2.2,IN_PROGRESS,False
R011,H041,v2.12,25,52.56,64.55,3.0,157.37,57.99,0.96,112.97,1.2,SUCCESS,False
R011,H042,v2.12,100,46.53,61.17,0.78,274.0,58.24,1.96,134.84,2.09,SUCCESS,False
R011,H043,v2.12,10,47.25,37.39,1.76,163.19,93.74,1.98,108.21,2.32,IN_PROGRESS,False
R011,H044,v2.12,25,33.68,47.76,1.67,157.12,65.64,1.74,145.53,2.9,SUCCESS,False
R011,H045,v2.12,5,63.63,52.57,2.35,741.04,65.82,0.83,169.65,1.33,SUCCESS,False
R011,H046,v2.12,50,57.3,55.48,1.99,261.89,96.61,1.26,108.21,2.5,SUCCESS,False
R011,H047,v2.12,5,46.68,63.35,1.31,287.03,69.51,1.28,118.67,1.41,SUCCESS,False
R011,H048,v2.12,25,50.99,68.46,1.33,267.49,75.38,1.39,207.88,1.27,SUCCESS,False
R011,H049,v2.12,10,50.2,47.14,2.34,298.41,68.51,1.53,190.37,2.07,SUCCESS,False
R011,H050,v2.12,5,38.58,46.26,0.88,152.8,86.64,0.8,207.27,1.57,SUCCESS,False
R012,H001,v2.13,5,50.67,48.64,2.64,100.98,55.31,1.23,205.63,2.84,SUCCESS,False
R012,H002,v2.13,10,48.94,68.05,0.78,123.08,76.47,1.22,225.23,2.5,SUCCESS,False
R012,H003,v2.13,25,36.67,48.21,2.5,175.44,53.48,1.64,214.79,2.76,SUCCESS,False
R012,H004,v2.13,10,40.7,55.58,2.53,273.2,92.53,1.63,200.85,0.93,SUCCESS,False
R012,H005,v2.13,10,53.84,62.21,1.78,131.78,72.28,0.92,208.3,0.63,SUCCESS,False
R012,H006,v2.13,50,48.38,55.1,0.68,158.07,57.35,0.96,188.95,2.71,SUCCESS,False
R012,H007,v2.13,5,59.99,54.34,2.1,182.73,68.75,1.86,113.97,1.23,SUCCESS,False
R012,H008,v2.13,100,56.11,57.32,2.63,182.87,53.78,1.81,163.27,0.78,SUCCESS,False
R012,H009,v2.13,5,41.01,52.13,2.18,201.74,67.63,0.75,156.85,2.3,SUCCESS,False
R012,H010,v2.13,5,53.45,58.24,1.37,238.78,94.81,1.71,155.35,0.9,SUCCESS,False
R012,H011,v2.13,50,33.96,44.44,2.23,177.44,91.79,0.85,199.2,1.37,SUCCESS,False
R012,H012,v2.13,5,57.5,48.2,1.27,271.75,70.09,0.75,191.0,2.25,SUCCESS,False
R012,H013,v2.13,5,57.58,44.28,1.64,272.69,99.84,0.51,221.32,2.79,SUCCESS,False
R012,H014,v2.13,25,60.3,60.44,2.49,127.1,91.47,1.26,102.7,1.62,SUCCESS,False
R012,H015,v2.13,10,28.8,64.87,1.65,103.03,71.83,1.83,168.27,1.21,SUCCESS,False
R012,H016,v2.13,10,46.77,55.12,0.55,294.59,90.28,0.86,238.67,1.05,SUCCESS,False
R012,H017,v2.13,25,40.05,36.42,1.24,106.59,76.21,0.51,138.67,1.98,SUCCESS,False
R012,H018,v2.13,10,49.22,53.51,1.3,267.67,63.77,1.63,167.85,2.14,IN_PROGRESS,False
R012,H019,v2.13,100,71.0,53.57,1.82,293.89,60.6,0.79,146.91,2.31,SUCCESS,False
R012,H020,v2.13,50,52.7,51.94,1.73,256.86,54.12,0.97,149.03,1.96,SUCCESS,False
R012,H021,v2.13,5,63.03,75.78,2.41,101.02,59.87,1.63,236.74,2.79,IN_PROGRESS,False
R012,H022,v2.13,25,51.31,51.18,2.07,278.24,53.86,1.21,185.74,1.76,SUCCESS,False
R012,H023,v2.13,5,29.9,55.76,2.33,157.54,53.51,1.73,187.65,2.34,SUCCESS,False
R012,H024,v2.13,25,41.84,62.47,2.76,263.57,90.39,1.44,119.81,1.37,SUCCESS,False
R012,H025,v2.13,25,45.96,48.62,1.71,195.6,58.79,1.18,159.67,1.68,SUCCESS,False
R012,H026,v2.13,5,51.5,55.96,1.16,144.91,63.25,1.64,213.63,1.66,SUCCESS,False
R012,H027,v2.13,5,21.44,51.54,2.4,184.07,95.13,1.87,144.0,2.86,SUCCESS,False
R012,H028,v2.13,50,54.42,55.36,1.6,208.15,62.76,0.66,116.11,2.92,SUCCESS,False
R012,H029,v2.13,10,42.2,62.67,2.72,173.57,84.79,1.34,110.97,0.86,SUCCESS,False
R012,H030,v2.13,50,59.0,59.32,0.64,196.02,58.46,0.53,189.98,1.84,SUCCESS,False
R012,H031,v2.13,100,43.4,63.66,2.54,181.76,87.24,1.44,159.24,1.32,SUCCESS,False
R012,H032,v2.13,10,41.91,70.12,2.41,298.52,52.52,1.84,118.92,2.15,SUCCESS,False
R012,H033,v2.13,50,50.76,59.98,1.35,292.37,53.21,1.78,239.15,1.87,SUCCESS,False
R012,H034,v2.13,25,55.14,64.51,1.23,174.71,53.6,1.02,244.93,2.17,SUCCESS,False
R012,H035,v2.13,10,42.44,61.94,0.51,233.7,80.34,0.73,166.28,2.93,SUCCESS,False
R012,H036,v2.13,5,55.75,50.71,2.36,232.32,54.89,1.41,160.4,1.09,SUCCESS,False
R012,H037,v2.13,5,50.29,45.73,2.57,169.96,56.41,0.62,248.92,1.56,SUCCESS,False
R012,H038,v2.13,50,40.39,59.24,2.29,241.2,63.48,1.34,196.86,1.09,SUCCESS,False
R012,H039,v2.13,25,40.27,55.29,2.24,203.83,71.13,0.73,228.35,1.25,SUCCESS,False
R012,H040,v2.13,10,50.2,71.0,2.44,268.27,80.95,0.88,202.52,1.95,SUCCESS,False
R012,H041,v2.13,10,53.51,45.04,1.9,247.79,56.43,1.58,112.01,2.53,SUCCESS,False
R012,H042,v2.13,25,76.57,56.11,1.78,199.14,53.56,0.73,170.36,1.33,SUCCESS,False
R012,H043,v2.13,10,45.85,61.01,0.98,123.24,72.19,0.96,203.19,2.04,SUCCESS,False
R012,H044,v2.13,25,40.24,60.58,0.96,745.32,92.15,1.29,210.13,2.54,SUCCESS,False
R012,H045,v2.13,5,53.6,47.71,1.35,241.59,62.8,1.46,111.27,1.89,SUCCESS,False
R012,H046,v2.13,10,35.21,68.38,1.06,151.42,68.36,0.9,190.6,1.7,IN_PROGRESS,False
R012,H047,v2.13,10,34.29,63.65,2.54,107.67,75.64,1.75,197.62,2.68,SUCCESS,False
R012,H048,v2.13,5,41.06,51.9,1.6,199.26,83.93,1.81,167.01,1.51,SUCCESS,False
R012,H049,v2.13,50,57.98,40.01,2.65,115.67,92.52,0.66,159.59,0.68,SUCCESS,False
R012,H050,v2.13,50,56.44,55.66,1.54,165.39,96.52,0.69,119.47,2.02,SUCCESS,False
R013,H001,v2.14,25,83.95,68.22,5.39,547.75,16.81,1.73,142.79,8.54,FAILED,True
R013,H002,v2.14,25,70.8,72.97,5.83,489.83,25.21,1.32,196.07,8.5,FAILED,True
R013,H003,v2.14,10,76.61,68.52,11.92,466.73,23.39,1.09,128.78,5.33,SUCCESS,True
R013,H004,v2.14,100,100.0,69.06,8.15,475.45,15.86,1.11,199.3,8.56,FAILED,True
R013,H005,v2.14,5,73.7,71.22,8.8,459.24,0.25,1.58,175.05,10.22,SUCCESS,True
R013,H006,v2.14,100,76.13,64.64,9.73,566.98,15.66,1.56,200.77,10.11,SUCCESS,True
R013,H007,v2.14,25,86.26,62.77,6.24,632.09,9.61,1.84,117.63,11.33,FAILED,True
R013,H008,v2.14,10,57.78,69.21,8.14,528.21,29.14,0.82,146.98,10.21,SUCCESS,True
R013,H009,v2.14,5,84.49,78.06,8.08,760.47,14.66,1.54,177.02,10.25,FAILED,True
R013,H010,v2.14,25,68.37,76.54,5.17,580.01,13.15,0.57,148.99,7.33,SUCCESS,True
R013,H011,v2.14,10,66.43,76.53,6.03,429.3,22.57,0.8,147.94,10.69,FAILED,True
R013,H012,v2.14,10,90.55,80.66,8.5,543.01,19.28,1.46,105.75,6.94,FAILED,True
R013,H013,v2.14,50,96.19,100.0,9.05,699.73,2.21,1.34,232.43,11.75,SUCCESS,True
R013,H014,v2.14,25,84.14,83.26,7.18,522.5,2.17,1.22,114.05,10.86,ROLLED_BACK,True
R013,H015,v2.14,100,62.14,88.02,6.94,798.67,19.34,1.52,162.16,10.26,SUCCESS,True
R013,H016,v2.14,25,59.44,68.43,8.13,428.95,6.7,1.64,180.61,11.68,ROLLED_BACK,True
R013,H017,v2.14,25,79.78,77.45,5.98,438.45,28.01,1.9,100.8,7.97,SUCCESS,True
R013,H018,v2.14,5,83.47,77.28,6.46,666.11,18.11,1.72,113.14,5.55,SUCCESS,True
R013,H019,v2.14,10,64.57,85.64,9.64,463.31,3.85,1.4,125.69,9.82,SUCCESS,True
R013,H020,v2.14,5,80.55,62.67,5.61,556.61,19.78,1.82,233.77,9.99,FAILED,True
R013,H021,v2.14,5,62.95,83.35,7.27,533.69,10.23,1.58,175.58,5.18,FAILED,True
R013,H022,v2.14,10,49.33,73.54,11.47,409.76,16.47,0.55,231.88,9.07,SUCCESS,True
R013,H023,v2.14,25,69.13,68.84,6.84,415.13,29.59,0.5,240.53,5.86,SUCCESS,True
R013,H024,v2.14,25,57.21,71.24,8.61,501.4,27.18,1.78,138.54,11.58,FAILED,True
R013,H025,v2.14,10,83.53,55.78,5.67,480.19,6.19,1.59,167.75,7.89,ROLLED_BACK,True
R013,H026,v2.14,25,77.34,85.53,8.08,426.9,24.62,1.54,157.46,8.25,FAILED,True
R013,H027,v2.14,5,86.78,81.69,7.07,598.26,12.32,0.52,145.48,7.95,SUCCESS,True
R013,H028,v2.14,5,57.3,85.23,11.81,477.49,10.74,0.8,101.38,7.42,SUCCESS,True
R013,H029,v2.14,100,99.66,80.83,7.71,658.89,1.62,1.84,180.33,5.31,SUCCESS,True
R013,H030,v2.14,5,55.74,65.73,7.8,460.2,24.05,1.73,131.51,8.52,SUCCESS,True
R013,H031,v2.14,25,77.32,84.65,6.55,507.65,1.32,1.24,138.65,10.62,ROLLED_BACK,True
R013,H032,v2.14,10,87.24,51.31,5.35,400.94,20.42,1.24,232.1,6.71,SUCCESS,True
R013,H033,v2.14,25,82.91,70.54,11.04,709.01,24.65,1.57,126.77,6.18,FAILED,True
R013,H034,v2.14,5,53.36,85.93,8.33,545.41,27.04,0.68,176.46,9.49,SUCCESS,True
R013,H035,v2.14,25,76.81,68.6,5.4,757.51,20.08,1.59,239.79,8.71,FAILED,True
R013,H036,v2.14,50,100.0,67.33,5.22,509.96,12.61,0.97,119.35,5.23,ROLLED_BACK,True
R013,H037,v2.14,5,84.73,84.01,9.96,480.14,20.65,1.86,177.44,6.48,SUCCESS,True
R013,H038,v2.14,50,80.42,84.88,6.6,509.6,3.5,1.18,218.83,7.2,SUCCESS,True
R013,H039,v2.14,100,67.6,77.86,11.46,627.39,22.7,0.66,208.04,7.55,SUCCESS,True
R013,H040,v2.14,50,83.29,64.13,10.41,589.29,13.69,1.17,195.5,9.32,ROLLED_BACK,True
R013,H041,v2.14,50,89.35,71.56,6.59,609.77,10.6,1.12,134.51,10.64,FAILED,True
R013,H042,v2.14,50,70.18,84.3,11.81,791.89,1.23,0.65,140.71,6.88,FAILED,True
R013,H043,v2.14,25,86.68,81.24,7.78,534.53,14.42,0.55,230.53,6.64,FAILED,True
R013,H044,v2.14,100,74.84,71.57,7.33,579.65,13.07,0.75,244.85,8.99,SUCCESS,True
R013,H045,v2.14,50,53.3,86.83,8.4,525.51,6.41,0.87,191.43,5.99,SUCCESS,True
R013,H046,v2.14,100,100.0,61.15,11.83,612.92,2.49,1.59,107.81,11.34,SUCCESS,True
R013,H047,v2.14,50,59.8,79.39,8.46,696.92,14.99,1.98,158.33,10.39,SUCCESS,True
R013,H048,v2.14,10,100.0,69.75,8.71,515.99,3.54,0.92,209.67,9.4,FAILED,True
R013,H049,v2.14,5,100.0,83.07,8.93,590.12,4.01,1.76,104.85,10.53,SUCCESS,True
R013,H050,v2.14,10,69.56,74.05,8.86,683.47,9.16,1.81,162.32,5.8,FAILED,True
R014,H001,v2.15,5,49.96,70.04,2.67,125.24,78.6,1.84,115.84,2.19,SUCCESS,False
R014,H002,v2.15,100,48.77,55.77,2.97,223.87,59.94,0.64,102.93,2.13,SUCCESS,False
R014,H003,v2.15,100,43.29,,2.98,204.71,66.74,0.8,120.12,1.01,SUCCESS,False
R014,H004,v2.15,10,61.41,45.56,1.22,215.44,59.56,0.81,156.67,0.66,SUCCESS,False
R014,H005,v2.15,25,48.47,52.23,0.89,134.8,50.79,0.88,119.06,2.4,SUCCESS,False
R014,H006,v2.15,25,56.13,58.08,0.98,119.52,67.49,0.97,144.27,2.74,SUCCESS,False
R014,H007,v2.15,25,64.07,53.18,1.98,119.38,85.14,1.29,130.45,1.87,SUCCESS,False
R014,H008,v2.15,25,32.55,47.63,2.17,143.23,95.66,1.52,103.66,1.98,SUCCESS,False
R014,H009,v2.15,5,45.84,59.83,2.95,222.74,54.28,1.43,161.93,2.48,SUCCESS,False
R014,H010,v2.15,50,63.05,42.36,2.24,168.5,53.48,0.52,198.57,0.77,SUCCESS,False
R014,H011,v2.15,10,58.96,41.08,2.62,188.25,53.73,1.13,159.71,0.54,SUCCESS,False
R014,H012,v2.15,5,53.72,63.63,2.11,105.67,89.41,0.78,215.7,2.57,SUCCESS,False
R014,H013,v2.15,5,40.96,40.61,1.77,195.35,51.46,0.8,126.79,1.18,SUCCESS,False
R014,H014,v2.15,50,38.98,54.88,2.24,141.21,53.25,1.62,228.66,1.6,SUCCESS,False
R014,H015,v2.15,50,62.18,58.84,1.58,257.16,97.05,1.2,211.66,1.66,SUCCESS,False
R014,H016,v2.15,50,55.03,54.72,2.38,262.23,73.39,1.33,126.97,0.58,SUCCESS,False
R014,H017,v2.15,50,38.49,47.28,1.83,110.34,90.63,1.32,129.6,0.9,SUCCESS,False
R014,H018,v2.15,10,55.17,65.13,0.78,131.27,69.84,1.65,167.1,1.59,SUCCESS,False
R014,H019,v2.15,5,55.22,33.59,0.93,232.58,62.9,0.84,186.33,2.63,SUCCESS,False
R014,H020,v2.15,25,59.18,60.5,2.26,217.95,92.92,0.64,190.9,1.62,IN_PROGRESS,False
R014,H021,v2.15,25,50.61,42.02,1.45,189.7,67.51,1.31,168.17,2.95,SUCCESS,False
R014,H022,v2.15,50,52.33,45.92,1.13,145.61,56.52,1.36,214.11,0.53,SUCCESS,False
R014,H023,v2.15,10,43.29,56.08,2.66,292.3,72.5,0.7,129.86,1.12,SUCCESS,False
R014,H024,v2.15,5,37.58,52.4,2.22,213.01,55.87,0.81,198.1,2.65,SUCCESS,False
R014,H025,v2.15,25,53.77,47.43,1.45,291.36,98.11,1.16,241.75,1.32,IN_PROGRESS,False
R014,H026,v2.15,100,31.26,56.48,0.54,144.03,72.18,0.88,165.52,1.2,SUCCESS,False
R014,H027,v2.15,5,51.44,54.32,2.83,244.12,54.57,1.48,198.05,2.41,SUCCESS,False
R014,H028,v2.15,50,37.5,56.69,1.29,184.9,64.03,0.7,170.3,1.27,IN_PROGRESS,False
R014,H029,v2.15,5,41.28,50.3,2.13,242.52,65.97,1.39,237.39,2.22,SUCCESS,False
R014,H030,v2.15,10,38.4,52.96,1.57,207.48,72.21,1.77,167.85,0.56,SUCCESS,False
R014,H031,v2.15,100,52.1,66.68,1.31,127.25,73.54,0.53,183.56,2.72,SUCCESS,False
R014,H032,v2.15,50,64.12,55.51,1.43,177.62,95.73,1.49,159.71,0.74,SUCCESS,False
R014,H033,v2.15,10,64.06,58.87,2.57,134.11,82.81,1.52,110.06,2.74,SUCCESS,False
R014,H034,v2.15,100,42.87,42.95,1.47,157.37,93.05,1.85,167.22,1.17,SUCCESS,False
R014,H035,v2.15,10,54.13,57.3,1.05,192.71,93.68,0.59,140.5,1.68,SUCCESS,False
R014,H036,v2.15,50,52.4,58.26,1.86,205.93,76.03,0.51,160.43,1.37,SUCCESS,False
R014,H037,v2.15,50,66.78,48.41,1.12,228.05,70.91,0.73,167.73,2.69,IN_PROGRESS,False
R014,H038,v2.15,5,50.11,44.31,2.62,104.08,63.85,1.93,243.75,2.01,SUCCESS,False
R014,H039,v2.15,25,33.79,49.42,2.52,260.07,80.33,0.83,105.22,1.64,SUCCESS,False
R014,H040,v2.15,5,29.26,40.91,0.73,243.72,59.85,0.9,180.43,1.03,SUCCESS,False
R014,H041,v2.15,10,45.31,51.77,2.7,186.74,51.78,1.17,180.58,1.53,SUCCESS,False
R014,H042,v2.15,25,49.93,45.99,1.04,112.01,57.18,0.77,137.83,1.31,SUCCESS,False
R014,H043,v2.15,5,33.72,63.48,1.96,163.13,61.15,1.71,126.43,0.72,SUCCESS,False
R014,H044,v2.15,5,54.43,55.81,1.97,194.23,96.4,0.52,177.84,1.93,SUCCESS,False
R014,H045,v2.15,5,42.37,55.05,2.31,261.19,83.21,1.26,211.61,1.22,SUCCESS,False
R014,H046,v2.15,10,30.16,54.64,2.38,144.01,93.29,1.54,232.5,1.47,SUCCESS,False
R014,H047,v2.15,10,41.39,61.76,1.64,177.17,69.55,0.93,126.41,2.96,SUCCESS,False
R014,H048,v2.15,25,50.25,49.61,1.76,129.91,56.18,1.13,164.78,0.76,SUCCESS,False
R014,H049,v2.15,5,45.89,59.33,1.32,141.98,50.98,0.76,243.68,1.73,SUCCESS,False
R014,H050,v2.15,5,47.33,47.16,0.93,150.94,77.81,1.71,218.79,1.16,SUCCESS,False
R015,H001,v2.16,5,60.69,44.71,1.92,194.35,86.61,1.66,150.85,1.74,SUCCESS,False
R015,H002,v2.16,5,29.68,44.43,0.84,201.35,73.83,0.71,207.49,0.82,SUCCESS,False
R015,H003,v2.16,100,64.47,51.32,0.6,124.58,70.1,1.53,226.2,1.01,SUCCESS,False
R015,H004,v2.16,25,31.61,62.18,0.71,298.56,53.62,1.38,153.59,0.82,SUCCESS,False
R015,H005,v2.16,10,40.02,40.97,2.3,202.31,52.09,1.09,139.32,2.86,SUCCESS,False
R015,H006,v2.16,5,54.99,52.26,0.55,246.49,82.86,1.36,228.04,2.83,SUCCESS,False
R015,H007,v2.16,10,39.34,54.59,1.04,112.9,81.1,0.54,203.47,1.94,SUCCESS,False
R015,H008,v2.16,25,65.6,39.39,,170.05,56.7,0.52,204.28,2.79,SUCCESS,False
R015,H009,v2.16,5,54.09,,2.83,287.67,77.32,1.69,237.24,2.79,SUCCESS,False
R015,H010,v2.16,10,47.21,54.97,0.85,164.42,53.75,0.65,140.87,1.95,IN_PROGRESS,False
R015,H011,v2.16,50,64.59,65.72,2.07,210.75,86.61,1.63,191.01,2.97,SUCCESS,False
R015,H012,v2.16,5,47.86,65.02,1.93,205.41,80.76,1.22,177.11,0.6,SUCCESS,False
R015,H013,v2.16,25,49.44,57.02,1.07,134.26,80.47,0.75,118.52,2.17,SUCCESS,False
R015,H014,v2.16,10,60.04,52.57,2.82,160.69,89.08,0.97,169.35,2.66,IN_PROGRESS,False
R015,H015,v2.16,5,30.91,61.16,1.31,228.98,80.46,1.74,100.8,2.63,SUCCESS,False
R015,H016,v2.16,10,59.84,68.83,2.34,214.27,55.82,0.52,183.52,0.67,SUCCESS,False
R015,H017,v2.16,10,58.75,65.74,1.33,,81.87,1.33,149.31,2.12,SUCCESS,False
R015,H018,v2.16,50,71.18,50.08,2.2,211.75,54.83,1.53,176.89,2.06,IN_PROGRESS,False
R015,H019,v2.16,25,58.29,46.29,2.63,211.84,70.12,0.57,106.18,1.83,SUCCESS,False
R015,H020,v2.16,100,55.77,65.68,2.0,158.51,89.74,1.19,198.92,2.21,SUCCESS,False
R015,H021,v2.16,50,40.96,52.46,0.6,156.3,78.02,1.26,221.19,1.11,SUCCESS,False
R015,H022,v2.16,25,31.63,41.26,1.54,232.76,75.87,1.55,195.11,1.72,SUCCESS,False
R015,H023,v2.16,10,55.21,53.66,2.28,159.13,97.21,0.67,225.96,1.95,SUCCESS,False
R015,H024,v2.16,5,48.08,59.89,2.64,153.25,55.34,1.74,141.42,1.79,SUCCESS,False
R015,H025,v2.16,10,60.24,61.84,2.49,249.55,86.68,0.57,240.02,1.6,SUCCESS,False
R015,H026,v2.16,5,52.19,48.12,2.68,123.96,95.54,1.07,105.21,1.63,SUCCESS,False
R015,H027,v2.16,10,44.75,46.22,2.83,259.94,74.65,0.74,118.71,1.58,SUCCESS,False
R015,H028,v2.16,5,29.63,65.41,2.11,210.12,69.89,0.56,193.58,1.13,SUCCESS,False
R015,H029,v2.16,50,53.88,56.34,1.12,207.02,83.96,1.58,187.75,2.22,SUCCESS,False
R015,H030,v2.16,10,50.55,60.7,1.99,106.27,81.65,1.69,153.98,0.93,SUCCESS,False
R015,H031,v2.16,50,61.2,58.78,2.1,162.08,60.52,1.68,127.8,2.14,SUCCESS,False
R015,H032,v2.16,5,49.81,42.86,1.19,206.98,56.6,1.9,150.03,1.37,SUCCESS,False
R015,H033,v2.16,50,72.51,64.18,2.84,101.71,59.57,1.43,190.2,0.62,SUCCESS,False
R015,H034,v2.16,10,48.84,65.15,1.89,268.64,60.3,1.99,134.03,1.7,SUCCESS,False
R015,H035,v2.16,10,24.55,57.6,0.9,240.16,68.77,1.12,231.53,2.82,SUCCESS,False
R015,H036,v2.16,5,44.9,39.72,1.12,257.98,76.64,1.45,189.48,2.09,SUCCESS,False
R015,H037,v2.16,10,33.68,52.24,0.8,119.71,61.18,1.25,178.12,2.39,SUCCESS,False
R015,H038,v2.16,25,47.61,54.66,2.6,202.7,61.85,1.01,118.97,0.85,SUCCESS,False
R015,H039,v2.16,10,56.48,57.99,1.04,261.44,67.85,1.75,160.28,2.39,IN_PROGRESS,False
R015,H040,v2.16,50,55.44,49.73,2.47,213.31,65.91,1.15,149.62,2.89,SUCCESS,False
R015,H041,v2.16,5,50.37,55.97,1.19,299.33,75.67,0.61,221.58,2.73,SUCCESS,False
R015,H042,v2.16,50,72.44,50.37,2.49,293.81,78.68,1.47,191.4,1.67,SUCCESS,False
R015,H043,v2.16,5,41.85,45.12,0.66,135.9,74.68,1.31,113.27,2.41,SUCCESS,False
R015,H044,v2.16,10,52.09,61.61,1.73,257.15,67.79,1.57,183.25,2.87,SUCCESS,False
R015,H045,v2.16,100,38.35,42.91,2.77,206.02,68.45,1.19,111.15,0.84,SUCCESS,False
R015,H046,v2.16,25,49.26,63.15,1.46,150.23,93.99,1.02,204.08,2.01,SUCCESS,False
R015,H047,v2.16,25,60.47,46.66,1.78,217.18,86.75,0.84,223.33,0.95,SUCCESS,False
R015,H048,v2.16,25,55.44,59.26,1.11,223.05,81.63,0.58,110.41,1.61,SUCCESS,False
R015,H049,v2.16,10,44.95,56.02,2.7,262.55,66.96,1.35,198.09,2.16,SUCCESS,False
R015,H050,v2.16,5,52.35,67.53,,205.3,59.02,1.45,142.95,1.49,SUCCESS,False
R016,H001,v2.17,5,37.71,55.24,2.18,250.79,73.39,1.3,129.82,0.78,SUCCESS,False
R016,H002,v2.17,10,72.09,65.45,1.5,289.82,64.27,1.28,238.65,2.44,SUCCESS,False
R016,H003,v2.17,50,39.78,46.55,1.24,245.11,50.05,0.78,205.17,1.07,SUCCESS,False
R016,H004,v2.17,5,40.33,64.45,1.3,189.71,57.32,1.07,171.39,2.07,SUCCESS,False
R016,H005,v2.17,10,62.89,46.12,0.55,247.13,90.66,1.81,199.47,1.72,IN_PROGRESS,False
R016,H006,v2.17,10,57.05,57.79,1.02,283.64,98.94,1.04,169.76,2.54,SUCCESS,False
R016,H007,v2.17,5,50.23,36.78,0.61,169.7,82.35,0.94,192.13,0.95,SUCCESS,False
R016,H008,v2.17,100,53.98,68.22,2.82,175.59,54.43,0.82,177.5,1.66,SUCCESS,False
R016,H009,v2.17,10,59.24,66.84,0.97,193.89,76.47,1.3,111.38,2.3,SUCCESS,False
R016,H010,v2.17,100,59.78,54.21,0.74,297.78,53.91,1.51,111.21,2.87,IN_PROGRESS,False
R016,H011,v2.17,10,37.5,57.97,1.36,169.59,66.71,1.16,195.14,1.67,SUCCESS,False
R016,H012,v2.17,10,63.9,65.53,2.57,121.38,84.85,1.93,117.35,1.76,SUCCESS,False
R016,H013,v2.17,25,61.54,42.8,2.73,199.24,70.11,1.3,156.87,2.56,SUCCESS,False
R016,H014,v2.17,10,42.75,47.84,1.87,128.9,97.19,1.01,207.69,0.83,SUCCESS,False
R016,H015,v2.17,10,53.79,50.28,1.49,152.58,74.89,1.69,176.53,1.44,SUCCESS,False
R016,H016,v2.17,5,51.25,52.04,2.43,262.77,60.27,1.66,125.64,1.73,SUCCESS,False
R016,H017,v2.17,100,54.21,61.46,2.85,244.46,72.11,0.66,247.4,0.98,SUCCESS,False
R016,H018,v2.17,10,39.15,52.09,8.96,121.14,64.31,1.0,189.3,2.16,SUCCESS,False
R016,H019,v2.17,50,43.38,57.19,1.77,132.45,91.65,1.69,128.97,1.54,IN_PROGRESS,False
R016,H020,v2.17,10,54.77,56.8,1.43,280.42,96.53,1.93,171.79,2.79,SUCCESS,False
R016,H021,v2.17,10,48.77,50.03,1.95,178.54,75.75,1.4,117.71,1.94,SUCCESS,False
R016,H022,v2.17,10,43.19,75.21,1.31,244.33,95.72,0.71,176.99,0.69,SUCCESS,False
R016,H023,v2.17,10,44.43,52.43,2.15,163.81,60.35,0.88,101.51,2.42,IN_PROGRESS,False
R016,H024,v2.17,10,70.65,55.61,2.78,200.43,97.08,0.81,129.95,2.91,SUCCESS,False
R016,H025,v2.17,5,49.3,45.61,0.54,246.78,81.46,1.47,163.26,0.68,SUCCESS,False
R016,H026,v2.17,50,56.56,39.33,1.94,126.18,63.41,0.89,124.44,1.64,SUCCESS,False
R016,H027,v2.17,10,36.13,67.94,2.42,185.04,75.88,1.59,176.51,1.64,SUCCESS,False
R016,H028,v2.17,25,54.31,62.99,1.35,255.92,99.26,1.46,239.65,1.94,SUCCESS,False
R016,H029,v2.17,25,58.83,65.15,2.33,171.08,52.24,1.91,100.29,2.55,SUCCESS,False
R016,H030,v2.17,50,53.62,70.72,1.79,151.35,70.51,0.91,127.78,0.59,SUCCESS,False
R016,H031,v2.17,10,62.43,65.74,0.58,100.23,88.15,0.58,114.33,0.7,SUCCESS,False
R016,H032,v2.17,25,41.61,51.82,1.09,255.23,73.32,1.8,240.11,2.93,SUCCESS,False
R016,H033,v2.17,5,58.24,,0.58,116.64,93.89,1.39,102.36,1.23,SUCCESS,False
R016,H034,v2.17,10,39.74,59.86,1.73,258.33,76.83,1.45,212.69,1.69,SUCCESS,False
R016,H035,v2.17,50,47.1,58.55,2.32,262.2,99.58,0.74,249.33,2.65,SUCCESS,False
R016,H036,v2.17,10,51.08,75.85,2.11,294.58,78.7,1.77,155.15,0.64,SUCCESS,False
R016,H037,v2.17,25,50.74,64.55,2.83,261.2,50.25,1.0,123.24,2.23,SUCCESS,False
R016,H038,v2.17,5,41.66,49.56,2.0,117.79,68.61,0.93,177.53,0.65,SUCCESS,False
R016,H039,v2.17,25,51.55,51.81,2.73,260.78,64.8,1.05,240.42,0.96,SUCCESS,False
R016,H040,v2.17,25,59.63,64.32,2.58,108.32,68.65,1.59,115.04,0.56,SUCCESS,False
R016,H041,v2.17,10,56.42,52.84,0.74,221.28,96.92,1.77,100.04,1.63,SUCCESS,False
R016,H042,v2.17,10,65.93,66.72,1.83,118.37,99.98,0.92,230.49,1.61,SUCCESS,False
R016,H043,v2.17,5,43.49,52.39,1.68,941.72,87.46,0.84,100.47,2.69,IN_PROGRESS,False
R016,H044,v2.17,5,75.29,46.31,2.82,206.05,89.86,0.64,164.11,1.38,SUCCESS,False
R016,H045,v2.17,50,56.7,60.69,2.64,100.04,86.88,1.69,246.65,1.41,SUCCESS,False
R016,H046,v2.17,10,50.28,55.39,2.61,194.02,69.64,1.35,224.74,1.47,SUCCESS,False
R016,H047,v2.17,25,36.67,59.12,1.7,235.08,53.98,1.16,242.98,1.31,SUCCESS,False
R016,H048,v2.17,100,44.6,68.93,1.13,237.39,58.99,1.75,122.11,2.36,IN_PROGRESS,False
R016,H049,v2.17,10,57.73,67.85,1.72,106.43,70.84,1.91,155.28,2.06,SUCCESS,False
R016,H050,v2.17,25,48.34,55.25,0.59,240.47,78.97,1.62,240.45,1.2,SUCCESS,False
R017,H001,v2.18,25,43.45,46.9,2.42,273.35,99.66,1.9,243.91,1.8,SUCCESS,False
R017,H002,v2.18,10,50.54,53.55,2.73,276.97,73.29,0.67,155.17,2.25,SUCCESS,False
R017,H003,v2.18,5,67.36,57.25,0.8,221.71,72.64,1.73,237.21,2.26,SUCCESS,False
R017,H004,v2.18,50,41.61,52.05,1.81,,62.96,1.73,248.56,1.95,IN_PROGRESS,False
R017,H005,v2.18,10,43.7,68.1,2.39,145.4,58.07,0.55,191.85,1.05,SUCCESS,False
R017,H006,v2.18,10,43.45,50.92,2.93,223.51,66.89,1.38,208.12,2.95,SUCCESS,False
R017,H007,v2.18,10,49.27,70.11,0.74,134.34,80.63,0.98,125.14,0.76,SUCCESS,False
R017,H008,v2.18,5,62.09,54.81,2.0,236.37,61.62,1.84,207.78,2.98,SUCCESS,False
R017,H009,v2.18,5,66.53,71.62,0.58,193.86,69.88,0.68,197.36,2.81,SUCCESS,False
R017,H010,v2.18,10,47.12,58.45,1.2,110.62,70.85,1.79,158.71,2.49,SUCCESS,False
R017,H011,v2.18,50,26.15,50.48,2.79,125.12,67.23,1.33,192.42,1.55,SUCCESS,False
R017,H012,v2.18,5,45.85,67.02,2.07,245.52,73.53,1.27,136.36,2.2,SUCCESS,False
R017,H013,v2.18,10,47.98,53.53,2.08,160.25,94.43,1.77,231.21,0.55,SUCCESS,False
R017,H014,v2.18,50,37.07,55.67,1.26,164.29,60.26,0.8,135.13,0.9,SUCCESS,False
R017,H015,v2.18,25,51.83,47.07,2.77,256.81,65.75,1.96,149.68,2.06,SUCCESS,False
R017,H016,v2.18,25,50.34,52.1,2.27,258.08,63.09,1.95,139.06,0.98,SUCCESS,False
R017,H017,v2.18,10,43.03,64.11,2.58,154.91,60.7,1.7,187.09,1.87,SUCCESS,False
R017,H018,v2.18,100,39.5,61.77,0.6,180.58,50.59,0.74,218.1,2.84,SUCCESS,False
R017,H019,v2.18,5,54.36,56.33,2.56,108.39,69.9,1.52,202.02,1.68,SUCCESS,False
R017,H020,v2.18,10,49.62,61.55,2.06,266.04,71.52,1.97,113.29,1.4,SUCCESS,False
R017,H021,v2.18,50,41.11,53.72,2.05,128.74,50.36,0.66,116.22,1.81,SUCCESS,False
R017,H022,v2.18,100,58.79,47.43,2.77,147.14,65.47,1.81,153.86,2.77,IN_PROGRESS,False
R017,H023,v2.18,5,34.7,,2.26,138.16,62.66,1.56,179.82,1.88,IN_PROGRESS,False
R017,H024,v2.18,5,32.19,58.44,2.03,170.76,51.9,1.72,145.1,1.33,SUCCESS,False
R017,H025,v2.18,50,62.66,53.63,2.94,274.69,50.4,0.93,160.37,1.07,SUCCESS,False
R017,H026,v2.18,5,60.1,42.96,2.13,253.88,87.08,1.65,170.55,0.89,SUCCESS,False
R017,H027,v2.18,10,36.99,45.1,2.52,124.9,77.75,1.0,167.21,2.93,SUCCESS,False
R017,H028,v2.18,25,54.08,62.33,1.59,169.29,91.26,0.58,136.45,0.55,SUCCESS,False
R017,H029,v2.18,5,56.48,54.66,2.62,166.61,71.17,1.25,221.4,1.5,SUCCESS,False
R017,H030,v2.18,25,62.04,51.83,1.92,108.39,93.25,1.1,196.75,0.94,SUCCESS,False
R017,H031,v2.18,5,39.26,52.06,2.11,207.26,73.99,0.79,183.08,1.19,SUCCESS,False
R017,H032,v2.18,10,35.27,47.84,2.72,299.87,99.5,1.62,227.04,2.18,SUCCESS,False
R017,H033,v2.18,10,51.82,60.08,1.36,130.8,62.77,0.72,223.41,1.16,SUCCESS,False
R017,H034,v2.18,5,46.5,61.17,1.22,153.9,79.08,1.4,142.61,0.86,SUCCESS,False
R017,H035,v2.18,5,53.33,56.18,0.95,120.65,71.8,0.53,178.03,0.63,SUCCESS,False
R017,H036,v2.18,5,49.85,38.53,2.9,246.94,62.62,1.19,236.55,2.37,SUCCESS,False
R017,H037,v2.18,5,38.61,55.85,0.56,259.34,85.55,1.75,222.18,2.0,SUCCESS,False
R017,H038,v2.18,10,42.81,55.42,2.42,243.84,81.98,1.4,218.46,2.7,SUCCESS,False
R017,H039,v2.18,5,37.82,45.68,1.89,272.26,97.06,1.55,217.04,1.06,SUCCESS,False
R017,H040,v2.18,5,67.52,51.43,2.67,108.63,92.67,1.74,229.71,1.93,SUCCESS,False
R017,H041,v2.18,10,62.27,57.83,2.56,113.28,65.56,0.5,243.94,0.93,SUCCESS,False
R017,H042,v2.18,10,32.35,74.23,,229.9,68.91,0.82,157.3,0.68,SUCCESS,False
R017,H043,v2.18,5,57.88,58.69,1.59,285.7,81.5,1.94,113.65,1.98,SUCCESS,False
R017,H044,v2.18,100,46.62,64.72,2.98,194.46,76.49,1.85,246.47,1.88,SUCCESS,False
R017,H045,v2.18,50,37.34,69.03,1.14,271.95,77.39,0.71,216.52,2.25,SUCCESS,False
R017,H046,v2.18,5,48.13,61.4,1.02,229.75,87.42,0.81,199.2,2.68,SUCCESS,False
R017,H047,v2.18,5,57.81,55.16,2.69,126.91,67.88,1.02,158.43,0.93,SUCCESS,False
R017,H048,v2.18,100,35.42,56.01,1.81,211.02,60.99,1.48,225.72,2.36,SUCCESS,False
R017,H049,v2.18,10,54.95,42.09,2.74,195.04,60.72,1.63,212.62,2.86,SUCCESS,False
R017,H050,v2.18,100,53.29,57.5,1.92,176.47,71.61,1.52,240.5,2.84,SUCCESS,False
R018,H001,v2.19,5,39.42,57.09,0.51,149.06,54.96,1.82,166.66,2.26,IN_PROGRESS,False
R018,H002,v2.19,5,52.87,62.55,0.97,157.06,97.72,0.52,215.77,1.69,SUCCESS,False
R018,H003,v2.19,5,43.63,60.93,2.31,113.67,59.65,1.18,110.68,2.89,SUCCESS,False
R018,H004,v2.19,10,47.63,44.51,0.91,296.41,79.46,1.59,155.61,0.74,SUCCESS,False
R018,H005,v2.19,5,41.14,50.0,0.53,148.47,61.55,1.33,143.08,2.2,SUCCESS,False
R018,H006,v2.19,10,54.58,46.16,1.41,270.47,80.53,1.06,168.36,2.39,SUCCESS,False
R018,H007,v2.19,10,54.78,50.38,1.07,205.33,78.98,0.84,129.28,1.63,SUCCESS,False
R018,H008,v2.19,5,69.84,61.06,0.89,229.31,87.53,1.14,190.93,0.96,SUCCESS,False
R018,H009,v2.19,10,55.35,64.67,1.97,170.71,79.87,1.56,134.03,1.71,SUCCESS,False
R018,H010,v2.19,5,60.48,48.29,2.49,140.49,75.12,0.82,100.87,2.9,IN_PROGRESS,False
R018,H011,v2.19,5,40.73,65.31,2.47,167.79,56.53,0.83,101.32,2.55,SUCCESS,False
R018,H012,v2.19,10,60.1,51.43,0.67,288.47,54.43,1.65,114.54,2.97,SUCCESS,False
R018,H013,v2.19,25,56.39,68.58,2.72,240.06,71.49,1.47,213.63,1.0,SUCCESS,False
R018,H014,v2.19,5,50.81,64.43,1.07,124.32,62.77,1.55,175.93,1.41,SUCCESS,False
R018,H015,v2.19,50,49.06,64.3,2.67,158.32,92.77,1.48,171.29,0.82,SUCCESS,False
R018,H016,v2.19,5,62.3,59.22,1.2,211.36,56.72,1.25,156.24,2.27,SUCCESS,False
R018,H017,v2.19,10,27.44,58.45,0.66,224.43,64.04,0.66,175.98,1.96,IN_PROGRESS,False
R018,H018,v2.19,10,43.0,53.32,1.47,220.04,84.73,0.65,239.82,1.78,SUCCESS,False
R018,H019,v2.19,5,45.64,63.38,2.03,130.58,60.8,1.78,113.78,0.67,SUCCESS,False
R018,H020,v2.19,25,35.79,69.02,1.68,182.9,61.5,1.68,198.44,2.61,SUCCESS,False
R018,H021,v2.19,50,,47.18,2.02,154.98,79.75,1.79,111.51,2.29,SUCCESS,False
R018,H022,v2.19,5,42.44,48.31,0.58,159.34,71.04,1.88,220.75,1.96,IN_PROGRESS,False
R018,H023,v2.19,50,42.23,45.93,2.91,282.35,91.29,1.22,100.44,2.87,SUCCESS,False
R018,H024,v2.19,10,46.85,45.77,2.58,232.2,87.21,0.89,182.04,1.49,SUCCESS,False
R018,H025,v2.19,5,43.01,58.45,1.47,182.31,96.13,1.87,113.88,0.9,SUCCESS,False
R018,H026,v2.19,10,53.65,67.37,1.25,180.05,95.3,1.56,137.92,2.22,SUCCESS,False
R018,H027,v2.19,50,53.54,45.44,2.59,251.02,75.89,0.61,203.34,2.38,SUCCESS,False
R018,H028,v2.19,10,38.73,56.12,2.67,235.18,54.6,1.26,133.35,2.98,SUCCESS,False
R018,H029,v2.19,10,51.08,54.32,0.58,279.08,83.29,1.79,178.27,0.63,SUCCESS,False
R018,H030,v2.19,50,49.03,70.0,0.98,103.13,54.28,1.2,114.02,1.54,SUCCESS,False
R018,H031,v2.19,10,46.79,59.13,0.81,288.48,65.56,0.6,245.26,1.65,SUCCESS,False
R018,H032,v2.19,50,38.4,72.49,1.56,150.51,55.41,1.62,180.9,1.43,SUCCESS,False
R018,H033,v2.19,5,47.62,51.0,1.06,210.41,98.3,1.48,133.21,1.39,IN_PROGRESS,False
R018,H034,v2.19,5,48.0,45.54,1.77,176.18,73.51,1.32,211.49,1.6,SUCCESS,False
R018,H035,v2.19,25,35.32,53.8,1.84,291.6,50.55,1.61,210.17,1.97,SUCCESS,False
R018,H036,v2.19,5,41.54,41.38,2.09,104.82,75.97,1.03,245.4,2.74,SUCCESS,False
R018,H037,v2.19,10,56.59,53.83,2.87,122.97,68.41,0.76,222.36,2.89,SUCCESS,False
R018,H038,v2.19,25,23.91,56.95,2.67,248.48,97.01,1.47,235.33,2.87,SUCCESS,False
R018,H039,v2.19,25,39.73,57.8,0.9,102.85,90.61,1.05,217.92,2.46,SUCCESS,False
R018,H040,v2.19,5,58.74,56.38,0.53,199.7,79.02,1.43,126.77,1.38,SUCCESS,False
R018,H041,v2.19,10,57.37,39.59,1.98,174.46,63.69,1.43,131.58,1.2,SUCCESS,False
R018,H042,v2.19,25,38.67,48.98,1.84,283.78,87.22,1.35,157.39,2.21,SUCCESS,False
R018,H043,v2.19,25,58.34,100.0,1.25,202.49,90.97,0.78,185.36,2.05,SUCCESS,False
R018,H044,v2.19,50,39.88,52.38,2.28,232.23,91.83,0.84,103.72,0.61,SUCCESS,False
R018,H045,v2.19,10,64.16,50.78,2.79,182.7,85.13,1.16,109.84,1.56,IN_PROGRESS,False
R018,H046,v2.19,50,38.42,58.78,1.78,205.82,73.12,1.41,116.59,2.69,SUCCESS,False
R018,H047,v2.19,5,48.55,67.34,1.38,172.22,77.69,1.14,128.08,2.63,SUCCESS,False
R018,H048,v2.19,10,58.27,52.94,1.19,154.62,80.62,1.93,103.73,1.26,SUCCESS,False
R018,H049,v2.19,25,43.16,51.32,0.72,212.68,56.94,0.81,239.9,0.78,SUCCESS,False
R018,H050,v2.19,50,100.0,39.4,2.27,217.53,77.69,1.64,139.37,1.29,SUCCESS,False
R019,H001,v2.20,10,58.59,65.63,1.21,159.12,99.38,1.12,152.15,2.86,SUCCESS,False
R019,H002,v2.20,5,55.03,60.89,2.16,,88.61,0.59,121.38,2.1,SUCCESS,False
R019,H003,v2.20,100,42.49,59.12,1.91,162.53,92.96,0.97,166.39,0.95,SUCCESS,False
R019,H004,v2.20,10,47.27,52.6,2.66,178.55,63.69,1.81,154.47,0.51,SUCCESS,False
R019,H005,v2.20,5,64.28,58.81,1.57,251.69,62.2,1.88,212.67,1.43,SUCCESS,False
R019,H006,v2.20,10,57.36,49.9,1.58,283.5,87.22,1.88,239.94,1.63,SUCCESS,False
R019,H007,v2.20,10,38.78,62.78,1.7,,99.49,1.63,190.76,2.54,SUCCESS,False
R019,H008,v2.20,100,53.79,50.15,1.17,189.72,98.53,1.17,195.12,2.71,SUCCESS,False
R019,H009,v2.20,50,59.59,49.65,0.75,264.55,54.39,1.44,173.31,2.19,SUCCESS,False
R019,H010,v2.20,5,46.4,41.96,2.24,115.92,79.47,0.9,214.38,1.99,SUCCESS,False
R019,H011,v2.20,10,51.07,57.93,2.72,185.25,95.04,1.71,119.59,1.33,SUCCESS,False
R019,H012,v2.20,100,43.27,68.4,2.4,178.65,63.36,1.45,183.13,2.57,SUCCESS,False
R019,H013,v2.20,25,75.31,44.97,0.86,211.34,69.62,1.05,134.58,1.3,SUCCESS,False
R019,H014,v2.20,5,61.71,52.21,0.89,264.56,61.15,1.47,227.29,1.85,SUCCESS,False
R019,H015,v2.20,25,47.52,53.91,1.86,277.84,62.48,0.67,162.67,2.19,SUCCESS,False
R019,H016,v2.20,25,46.23,47.8,2.91,197.94,72.93,1.95,219.83,0.78,SUCCESS,False
R019,H017,v2.20,10,59.05,24.92,2.05,100.71,68.07,1.82,153.29,2.83,SUCCESS,False
R019,H018,v2.20,50,65.99,49.07,1.77,260.8,68.4,1.7,240.37,2.28,SUCCESS,False
R019,H019,v2.20,100,52.74,52.05,1.38,144.87,82.27,0.8,114.29,1.38,SUCCESS,False
R019,H020,v2.20,10,31.29,52.15,2.03,108.6,93.26,0.65,110.96,0.8,SUCCESS,False
R019,H021,v2.20,10,43.28,45.82,1.73,163.38,66.87,1.64,178.69,1.34,SUCCESS,False
R019,H022,v2.20,5,51.04,54.33,2.52,204.11,68.32,1.02,189.08,2.31,SUCCESS,False
R019,H023,v2.20,100,64.76,22.57,0.56,171.09,75.5,1.36,145.83,2.35,SUCCESS,False
R019,H024,v2.20,10,47.71,38.94,2.53,251.78,57.55,1.29,244.22,1.16,SUCCESS,False
R019,H025,v2.20,5,56.29,57.62,2.09,287.55,54.39,0.98,108.22,0.82,SUCCESS,False
R019,H026,v2.20,50,47.97,58.61,1.5,239.91,90.96,1.04,132.62,1.23,SUCCESS,False
R019,H027,v2.20,25,,41.48,1.96,156.31,57.25,1.19,141.56,0.69,SUCCESS,False
R019,H028,v2.20,25,66.64,51.19,1.17,120.03,70.15,1.22,160.1,1.38,SUCCESS,False
R019,H029,v2.20,25,52.47,62.09,2.88,299.75,64.94,0.61,126.25,1.43,SUCCESS,False
R019,H030,v2.20,50,62.07,57.15,2.22,104.23,57.22,1.67,153.3,1.34,SUCCESS,False
R019,H031,v2.20,5,35.06,56.45,0.91,147.36,63.56,0.96,192.53,1.76,IN_PROGRESS,False
R019,H032,v2.20,25,55.36,41.63,2.43,285.6,66.74,0.99,198.02,1.15,SUCCESS,False
R019,H033,v2.20,5,47.0,48.89,0.87,227.21,99.84,0.7,174.33,2.87,SUCCESS,False
R019,H034,v2.20,5,45.65,44.48,0.69,239.08,65.57,1.53,161.33,1.13,SUCCESS,False
R019,H035,v2.20,25,56.11,48.87,0.82,120.77,60.44,1.35,161.57,2.28,SUCCESS,False
R019,H036,v2.20,25,39.99,100.0,1.31,187.6,99.25,1.44,196.66,1.27,SUCCESS,False
R019,H037,v2.20,5,49.23,50.98,2.39,216.62,93.38,1.83,207.28,2.84,SUCCESS,False
R019,H038,v2.20,10,53.45,62.3,1.62,232.43,94.65,0.61,222.49,2.27,IN_PROGRESS,False
R019,H039,v2.20,100,47.33,57.58,0.61,132.02,60.96,0.73,102.74,1.46,SUCCESS,False
R019,H040,v2.20,25,58.25,64.89,1.07,184.61,83.51,0.64,209.81,2.62,SUCCESS,False
R019,H041,v2.20,50,39.78,47.29,2.17,279.17,76.37,0.6,200.97,1.94,SUCCESS,False
R019,H042,v2.20,100,67.48,39.23,2.54,144.4,88.67,0.95,213.47,1.36,SUCCESS,False
R019,H043,v2.20,25,46.86,57.08,1.11,148.67,59.95,1.86,128.27,2.69,SUCCESS,False
R019,H044,v2.20,50,60.28,58.21,1.15,119.54,71.73,1.61,230.61,2.04,SUCCESS,False
R019,H045,v2.20,25,55.21,37.37,2.89,280.47,70.37,0.55,245.48,2.48,SUCCESS,False
R019,H046,v2.20,25,75.7,50.01,2.97,220.4,86.33,1.74,206.12,2.46,SUCCESS,False
R019,H047,v2.20,10,43.87,51.32,10.88,,55.99,1.2,104.99,0.85,SUCCESS,False
R019,H048,v2.20,50,70.04,48.56,2.0,170.01,53.22,1.94,243.81,1.61,SUCCESS,False
R019,H049,v2.20,10,60.73,65.1,1.82,119.19,97.87,1.34,222.68,1.51,IN_PROGRESS,False
R019,H050,v2.20,5,56.0,57.78,2.04,126.07,52.4,1.12,228.49,0.79,SUCCESS,False
R020,H001,v2.21,10,46.52,68.33,1.31,271.33,75.9,0.77,115.36,1.98,SUCCESS,False
R020,H002,v2.21,10,68.8,56.32,2.73,283.18,59.39,1.07,215.75,1.19,SUCCESS,False
R020,H003,v2.21,5,45.46,62.34,0.72,240.99,52.27,0.65,149.1,1.4,SUCCESS,False
R020,H004,v2.21,50,68.77,45.15,1.61,149.22,93.66,1.69,181.98,2.2,SUCCESS,False
R020,H005,v2.21,10,55.65,63.49,0.88,120.66,70.08,0.54,204.29,1.93,SUCCESS,False
R020,H006,v2.21,10,58.97,58.93,2.27,181.18,98.37,0.53,105.11,0.58,IN_PROGRESS,False
R020,H007,v2.21,10,45.58,56.87,0.77,125.47,76.29,1.84,202.0,2.76,SUCCESS,False
R020,H008,v2.21,50,41.75,49.7,1.16,281.99,66.45,0.84,231.13,2.79,SUCCESS,False
R020,H009,v2.21,5,49.27,52.75,2.24,150.52,51.51,1.27,200.15,2.89,IN_PROGRESS,False
R020,H010,v2.21,5,43.99,50.38,2.11,191.62,51.21,1.68,212.87,2.48,SUCCESS,False
R020,H011,v2.21,25,53.63,100.0,2.75,245.32,70.18,0.85,116.23,1.77,SUCCESS,False
R020,H012,v2.21,100,55.82,56.59,1.57,166.28,93.17,1.69,186.81,2.94,SUCCESS,False
R020,H013,v2.21,5,47.95,56.98,1.87,104.79,79.05,1.94,160.65,2.41,SUCCESS,False
R020,H014,v2.21,5,69.98,64.43,1.87,154.61,56.85,0.93,194.12,1.11,SUCCESS,False
R020,H015,v2.21,5,39.93,68.79,1.15,295.89,65.09,1.81,211.41,2.49,SUCCESS,False
R020,H016,v2.21,10,40.42,62.34,2.55,299.12,73.65,0.78,116.66,0.69,SUCCESS,False
R020,H017,v2.21,10,48.16,57.7,2.97,234.05,80.67,1.18,189.25,1.66,SUCCESS,False
R020,H018,v2.21,5,41.5,56.85,2.63,220.27,83.51,1.02,214.43,2.9,SUCCESS,False
R020,H019,v2.21,5,45.56,42.48,,127.61,79.81,0.52,119.41,2.18,SUCCESS,False
R020,H020,v2.21,50,54.58,64.92,1.44,100.27,63.84,1.38,160.46,1.62,SUCCESS,False
R020,H021,v2.21,25,31.05,44.43,1.78,261.92,92.33,1.76,127.53,1.88,SUCCESS,False
R020,H022,v2.21,50,58.08,54.69,2.92,200.51,82.93,1.89,195.87,0.94,IN_PROGRESS,False
R020,H023,v2.21,100,40.24,,2.05,204.3,74.59,1.84,216.44,2.65,SUCCESS,False
R020,H024,v2.21,10,49.32,43.75,2.46,197.1,54.12,0.61,111.0,1.34,SUCCESS,False
R020,H025,v2.21,100,55.02,54.77,2.43,279.65,99.6,0.67,131.82,1.33,SUCCESS,False
R020,H026,v2.21,100,61.23,60.42,2.44,207.01,79.79,0.64,117.01,2.49,SUCCESS,False
R020,H027,v2.21,50,46.55,56.82,2.44,174.28,68.16,1.97,161.66,0.6,SUCCESS,False
R020,H028,v2.21,5,39.73,42.19,2.35,220.29,69.46,1.9,206.07,2.18,SUCCESS,False
R020,H029,v2.21,10,42.2,62.94,0.7,102.29,70.52,0.94,214.77,1.57,IN_PROGRESS,False
R020,H030,v2.21,50,47.69,48.62,2.86,217.9,81.28,1.24,189.88,1.36,IN_PROGRESS,False
R020,H031,v2.21,100,65.58,62.94,5.52,162.78,60.78,0.76,207.95,2.21,SUCCESS,False
R020,H032,v2.21,50,48.55,52.79,1.95,240.12,52.45,1.95,232.77,2.14,SUCCESS,False
R020,H033,v2.21,5,66.69,48.68,1.0,294.66,92.29,1.53,224.63,1.37,IN_PROGRESS,False
R020,H034,v2.21,25,48.58,56.69,1.87,291.01,69.68,0.68,100.85,1.74,SUCCESS,False
R020,H035,v2.21,50,44.42,53.16,1.74,129.62,71.03,1.15,137.8,2.53,SUCCESS,False
R020,H036,v2.21,100,54.11,61.2,2.06,102.94,54.58,1.35,124.8,2.37,SUCCESS,False
R020,H037,v2.21,5,54.38,70.5,2.9,123.99,56.42,1.74,231.82,2.34,SUCCESS,False
R020,H038,v2.21,5,71.86,59.18,1.26,208.11,59.34,0.89,180.73,0.97,SUCCESS,False
R020,H039,v2.21,5,34.97,41.97,0.95,100.26,85.75,1.35,140.51,2.63,SUCCESS,False
R020,H040,v2.21,100,33.49,71.16,1.89,203.52,82.59,1.5,139.76,2.65,SUCCESS,False
R020,H041,v2.21,5,51.89,54.61,1.26,153.05,75.55,0.98,155.2,0.82,SUCCESS,False
R020,H042,v2.21,25,38.53,36.1,2.48,193.58,89.56,1.74,106.38,1.92,SUCCESS,False
R020,H043,v2.21,25,62.07,59.92,1.58,218.96,66.34,1.81,245.51,1.37,SUCCESS,False
R020,H044,v2.21,5,27.63,63.32,1.58,445.96,89.77,1.79,201.66,1.64,SUCCESS,False
R020,H045,v2.21,25,55.92,59.55,1.02,167.18,53.71,0.82,159.02,0.84,IN_PROGRESS,False
R020,H046,v2.21,50,37.98,66.99,2.96,233.08,60.07,1.76,221.01,2.89,SUCCESS,False
R020,H047,v2.21,5,38.19,35.05,2.97,185.06,52.73,1.27,218.93,2.01,SUCCESS,False
R020,H048,v2.21,5,44.87,50.86,2.13,110.74,57.47,1.39,101.9,1.28,SUCCESS,False
R020,H049,v2.21,5,56.27,54.17,1.04,151.35,80.28,0.63,111.8,0.75,SUCCESS,False
R020,H050,v2.21,10,61.0,67.64,1.83,236.59,94.07,0.7,143.41,2.09,SUCCESS,False
R021,H001,v2.22,100,48.13,55.76,1.95,126.04,90.57,1.08,216.87,2.92,SUCCESS,False
R021,H002,v2.22,10,41.66,53.12,2.5,283.02,91.12,0.55,181.25,2.39,SUCCESS,False
R021,H003,v2.22,50,53.12,61.87,1.47,185.15,51.57,1.92,207.53,0.69,SUCCESS,False
R021,H004,v2.22,25,26.57,50.09,2.55,190.23,94.78,0.92,171.38,2.01,SUCCESS,False
R021,H005,v2.22,5,52.54,60.58,0.7,127.08,81.52,0.89,141.81,0.89,SUCCESS,False
R021,H006,v2.22,5,56.88,53.12,1.94,247.64,51.44,0.96,136.05,1.73,SUCCESS,False
R021,H007,v2.22,5,65.15,50.67,1.51,235.67,99.6,1.58,221.6,2.41,SUCCESS,False
R021,H008,v2.22,5,38.07,,1.21,191.01,61.68,1.54,237.56,1.23,SUCCESS,False
R021,H009,v2.22,10,63.23,35.58,2.83,121.5,57.97,1.58,231.4,2.66,SUCCESS,False
R021,H010,v2.22,25,62.62,62.29,0.88,276.63,61.14,1.07,229.5,0.92,SUCCESS,False
R021,H011,v2.22,5,63.88,60.2,1.04,243.3,99.37,1.06,226.91,1.07,SUCCESS,False
R021,H012,v2.22,5,59.88,47.67,0.77,250.41,60.1,0.71,158.53,0.61,SUCCESS,False
R021,H013,v2.22,5,60.68,43.84,1.59,118.48,88.92,1.41,161.01,2.79,SUCCESS,False
R021,H014,v2.22,50,67.39,55.44,0.8,144.26,60.9,1.42,125.87,1.32,SUCCESS,False
R021,H015,v2.22,100,50.61,51.37,9.64,173.41,75.82,1.9,185.52,1.86,SUCCESS,False
R021,H016,v2.22,5,51.58,51.4,2.59,174.66,60.67,0.71,125.98,2.69,SUCCESS,False
R021,H017,v2.22,10,71.51,61.16,2.84,159.81,85.89,1.42,214.25,1.4,SUCCESS,False
R021,H018,v2.22,10,50.48,55.62,1.7,236.01,56.81,1.13,126.74,2.74,SUCCESS,False
R021,H019,v2.22,5,36.25,47.53,0.94,258.31,70.68,1.98,168.24,2.89,IN_PROGRESS,False
R021,H020,v2.22,25,51.48,52.33,0.63,263.42,61.85,1.15,183.81,2.56,SUCCESS,False
R021,H021,v2.22,5,51.25,53.64,2.9,185.39,57.34,1.39,144.67,1.78,SUCCESS,False
R021,H022,v2.22,100,49.38,53.1,0.78,170.5,68.67,0.79,214.68,0.93,SUCCESS,False
R021,H023,v2.22,100,56.92,51.41,1.93,191.0,72.49,1.1,128.85,0.87,SUCCESS,False
R021,H024,v2.22,5,59.84,53.14,1.82,166.84,90.02,1.27,133.76,1.02,SUCCESS,False
R021,H025,v2.22,10,55.32,35.26,2.45,168.02,79.25,1.94,178.01,0.95,SUCCESS,False
R021,H026,v2.22,10,70.0,46.56,2.17,209.3,87.76,0.61,243.75,1.01,SUCCESS,False
R021,H027,v2.22,5,52.42,54.19,2.46,231.98,58.37,0.63,150.93,1.79,IN_PROGRESS,False
R021,H028,v2.22,10,64.55,70.05,2.53,257.26,77.64,1.81,233.09,2.73,IN_PROGRESS,False
R021,H029,v2.22,50,44.27,56.17,1.77,274.18,71.32,1.25,158.13,1.03,IN_PROGRESS,False
R021,H030,v2.22,10,47.78,66.13,2.54,206.74,82.9,1.28,194.8,1.35,SUCCESS,False
R021,H031,v2.22,5,41.83,62.12,1.28,205.58,94.22,0.93,142.39,1.04,SUCCESS,False
R021,H032,v2.22,25,46.97,61.05,3.0,100.7,91.19,0.94,163.11,0.57,SUCCESS,False
R021,H033,v2.22,10,50.2,42.15,2.82,263.0,99.11,1.6,193.65,1.31,SUCCESS,False
R021,H034,v2.22,5,40.93,55.21,2.8,168.79,97.24,1.59,127.56,2.77,SUCCESS,False
R021,H035,v2.22,100,47.4,48.04,2.85,954.32,68.32,1.28,111.24,2.67,SUCCESS,False
R021,H036,v2.22,50,51.41,56.33,2.04,298.94,60.79,0.79,135.5,2.34,SUCCESS,False
R021,H037,v2.22,10,40.63,48.38,1.91,262.34,78.0,1.65,244.03,2.37,SUCCESS,False
R021,H038,v2.22,5,38.55,61.87,1.69,159.88,63.02,1.83,116.88,1.31,SUCCESS,False
R021,H039,v2.22,10,49.41,56.68,1.02,282.36,91.72,1.32,181.49,0.94,SUCCESS,False
R021,H040,v2.22,100,46.5,47.19,2.26,176.99,78.87,1.35,149.39,1.12,SUCCESS,False
R021,H041,v2.22,25,48.27,55.92,1.45,201.34,76.48,1.96,134.96,1.17,SUCCESS,False
R021,H042,v2.22,5,39.21,61.75,1.39,138.26,94.13,1.97,140.56,2.64,SUCCESS,False
R021,H043,v2.22,5,40.64,48.16,2.94,272.5,56.4,1.64,189.47,2.52,SUCCESS,False
R021,H044,v2.22,5,55.32,60.18,1.44,213.11,50.91,1.03,164.3,2.59,SUCCESS,False
R021,H045,v2.22,5,67.57,53.73,1.92,139.29,84.24,1.02,113.17,2.14,IN_PROGRESS,False
R021,H046,v2.22,100,,53.72,1.49,284.98,68.83,1.25,154.27,2.62,SUCCESS,False
R021,H047,v2.22,100,42.26,53.21,0.78,245.35,80.54,1.91,100.64,2.86,SUCCESS,False
R021,H048,v2.22,5,48.28,53.83,2.79,128.05,79.66,0.5,152.6,1.84,SUCCESS,False
R021,H049,v2.22,5,68.12,59.63,1.83,186.85,92.08,1.09,128.29,1.47,SUCCESS,False
R021,H050,v2.22,10,49.37,54.37,1.76,269.83,96.76,0.95,170.58,1.09,IN_PROGRESS,False
R022,H001,v2.23,5,28.39,55.91,0.96,100.96,77.78,1.35,183.8,1.77,SUCCESS,False
R022,H002,v2.23,25,54.27,61.92,0.93,137.95,51.61,1.76,122.25,2.82,SUCCESS,False
R022,H003,v2.23,50,48.58,62.39,1.09,182.37,55.47,1.04,164.04,2.29,SUCCESS,False
R022,H004,v2.23,50,60.55,62.55,2.19,167.22,79.04,0.54,201.3,0.92,SUCCESS,False
R022,H005,v2.23,10,45.55,52.94,1.37,107.31,87.34,0.94,131.72,0.97,SUCCESS,False
R022,H006,v2.23,25,48.23,56.55,1.32,134.49,85.61,1.94,103.22,2.0,SUCCESS,False
R022,H007,v2.23,10,51.71,50.1,1.09,211.5,93.95,1.78,215.73,2.89,SUCCESS,False
R022,H008,v2.23,10,41.4,65.4,0.73,203.36,76.82,0.67,182.39,1.03,SUCCESS,False
R022,H009,v2.23,10,30.62,56.02,1.65,137.31,75.0,1.89,239.79,2.09,SUCCESS,False
R022,H010,v2.23,50,58.29,40.06,1.62,231.83,74.67,1.35,202.23,0.63,SUCCESS,False
R022,H011,v2.23,5,47.57,63.46,2.36,271.27,69.64,0.97,176.48,1.28,SUCCESS,False
R022,H012,v2.23,10,64.62,36.34,0.99,186.14,95.06,1.52,184.82,1.75,SUCCESS,False
R022,H013,v2.23,5,39.61,48.05,1.45,171.23,65.91,1.59,105.33,1.43,SUCCESS,False
R022,H014,v2.23,50,42.19,72.69,1.92,279.87,81.72,1.21,227.91,2.92,SUCCESS,False
R022,H015,v2.23,25,58.88,42.34,0.96,225.38,53.19,1.15,166.89,0.93,SUCCESS,False
R022,H016,v2.23,5,43.83,54.79,0.52,297.61,68.27,0.76,182.31,2.15,SUCCESS,False
R022,H017,v2.23,25,41.93,54.38,2.9,275.8,96.67,1.82,127.62,2.39,SUCCESS,False
R022,H018,v2.23,50,42.59,61.85,1.32,121.58,64.55,1.7,151.97,2.84,SUCCESS,False
R022,H019,v2.23,10,29.93,46.51,2.37,282.58,61.36,1.67,228.31,2.39,SUCCESS,False
R022,H020,v2.23,50,58.92,56.74,0.93,184.14,50.96,0.78,217.68,2.58,SUCCESS,False
R022,H021,v2.23,100,57.61,64.76,1.95,205.98,61.75,0.77,154.16,2.61,SUCCESS,False
R022,H022,v2.23,5,43.15,69.34,2.66,238.93,80.84,1.0,170.69,0.52,SUCCESS,False
R022,H023,v2.23,10,61.22,53.43,0.92,153.11,85.61,1.52,135.6,1.61,SUCCESS,False
R022,H024,v2.23,10,40.07,58.7,0.64,124.2,77.59,1.56,133.9,2.82,SUCCESS,False
R022,H025,v2.23,10,33.86,74.43,2.82,151.47,70.57,1.92,212.14,1.17,SUCCESS,False
R022,H026,v2.23,25,53.84,40.96,0.71,283.05,69.68,1.79,224.67,1.51,SUCCESS,False
R022,H027,v2.23,10,46.99,39.8,2.68,110.53,60.96,1.7,225.14,2.72,SUCCESS,False
R022,H028,v2.23,50,63.56,56.33,1.04,260.59,59.45,0.65,152.05,1.5,SUCCESS,False
R022,H029,v2.23,5,28.83,64.97,1.57,145.35,97.66,1.03,190.16,1.64,SUCCESS,False
R022,H030,v2.23,100,43.06,63.41,1.7,293.73,57.69,1.29,180.68,2.18,SUCCESS,False
R022,H031,v2.23,5,42.32,48.91,1.56,284.08,72.84,0.53,241.63,2.7,SUCCESS,False
R022,H032,v2.23,5,48.71,43.72,1.73,103.69,68.91,1.91,128.0,0.87,SUCCESS,False
R022,H033,v2.23,25,49.67,46.09,2.37,121.97,50.89,1.83,148.91,1.56,SUCCESS,False
R022,H034,v2.23,50,49.22,34.2,0.6,278.56,59.07,1.4,168.09,3.0,SUCCESS,False
R022,H035,v2.23,25,71.6,47.3,2.22,202.55,82.25,1.77,212.77,1.69,SUCCESS,False
R022,H036,v2.23,25,44.71,70.22,1.1,100.28,79.53,1.46,177.96,1.9,IN_PROGRESS,False
R022,H037,v2.23,5,56.21,43.59,2.22,194.25,72.19,0.61,215.92,2.69,SUCCESS,False
R022,H038,v2.23,5,29.49,62.58,2.72,190.63,97.06,0.54,113.5,1.29,SUCCESS,False
R022,H039,v2.23,50,49.53,66.63,0.6,252.6,81.57,0.77,185.98,0.92,SUCCESS,False
R022,H040,v2.23,5,60.0,62.01,1.75,194.95,77.99,0.69,241.9,0.78,SUCCESS,False
R022,H041,v2.23,10,48.13,53.18,1.03,211.38,65.72,0.73,217.8,2.47,SUCCESS,False
R022,H042,v2.23,5,44.82,59.09,1.03,168.05,97.83,0.83,242.08,1.3,SUCCESS,False
R022,H043,v2.23,100,46.11,60.07,0.7,231.36,54.75,1.74,124.55,2.13,SUCCESS,False
R022,H044,v2.23,25,40.57,48.3,1.09,138.55,66.41,0.82,111.82,1.94,SUCCESS,False
R022,H045,v2.23,5,41.29,54.83,1.98,251.75,78.41,1.22,108.38,0.98,SUCCESS,False
R022,H046,v2.23,50,63.97,57.64,2.24,299.1,67.76,1.91,160.83,0.53,SUCCESS,False
R022,H047,v2.23,25,39.28,61.66,1.13,225.77,93.82,0.63,211.24,2.41,SUCCESS,False
R022,H048,v2.23,100,64.27,53.99,0.82,716.76,64.58,1.71,234.2,1.18,SUCCESS,False
R022,H049,v2.23,10,48.24,56.18,0.96,290.17,69.39,1.77,146.8,2.61,SUCCESS,False
R022,H050,v2.23,5,77.82,61.36,2.18,186.29,55.14,1.31,121.39,0.79,SUCCESS,False
R023,H001,v2.24,100,57.72,59.24,0.81,127.09,96.1,1.07,103.83,2.56,SUCCESS,False
R023,H002,v2.24,25,50.8,40.41,1.78,262.86,95.69,0.74,131.59,2.38,SUCCESS,False
R023,H003,v2.24,10,48.92,52.78,1.92,203.57,76.38,0.52,235.59,2.14,SUCCESS,False
R023,H004,v2.24,5,50.23,100.0,2.16,257.2,57.38,0.92,161.94,2.28,SUCCESS,False
R023,H005,v2.24,50,50.92,60.96,2.24,219.35,98.16,1.76,143.83,0.81,SUCCESS,False
R023,H006,v2.24,25,56.9,53.39,0.59,271.23,92.44,1.76,177.36,1.08,SUCCESS,False
R023,H007,v2.24,10,52.87,56.28,1.62,134.63,62.32,1.62,220.7,0.62,SUCCESS,False
R023,H008,v2.24,5,32.48,64.03,2.74,114.04,80.81,0.55,224.74,2.95,SUCCESS,False
R023,H009,v2.24,10,45.11,52.87,1.03,147.75,53.91,1.79,122.61,2.79,SUCCESS,False
R023,H010,v2.24,100,45.43,56.8,1.5,229.32,63.67,1.63,245.62,1.38,SUCCESS,False
R023,H011,v2.24,50,35.57,55.8,1.86,253.07,89.49,1.58,244.59,2.74,SUCCESS,False
R023,H012,v2.24,5,45.17,60.49,1.21,291.99,50.48,0.8,116.98,1.45,SUCCESS,False
R023,H013,v2.24,5,59.42,52.11,1.56,283.14,69.94,1.39,128.4,1.74,SUCCESS,False
R023,H014,v2.24,25,48.0,60.96,1.99,200.14,91.55,1.23,218.56,2.95,IN_PROGRESS,False
R023,H015,v2.24,5,53.09,52.29,4.76,170.14,79.28,0.81,241.64,1.04,SUCCESS,False
R023,H016,v2.24,25,42.06,40.9,1.98,272.67,50.75,1.23,173.3,0.9,SUCCESS,False
R023,H017,v2.24,50,64.34,,2.2,153.07,77.43,1.7,115.01,1.33,SUCCESS,False
R023,H018,v2.24,50,20.53,67.84,2.39,276.06,66.23,1.11,247.7,2.91,SUCCESS,False
R023,H019,v2.24,5,53.71,47.07,1.98,124.15,78.15,1.02,239.7,1.31,SUCCESS,False
R023,H020,v2.24,5,41.48,62.73,0.55,208.24,69.56,0.78,168.24,2.89,SUCCESS,False
R023,H021,v2.24,25,56.57,57.51,2.25,247.02,65.17,1.34,246.19,1.23,SUCCESS,False
R023,H022,v2.24,5,53.63,64.3,0.97,208.41,66.17,1.73,116.58,1.21,SUCCESS,False
R023,H023,v2.24,5,36.75,65.77,2.18,245.85,55.7,1.49,155.68,2.23,SUCCESS,False
R023,H024,v2.24,10,39.61,63.9,1.29,112.11,78.39,1.15,170.08,2.22,SUCCESS,False
R023,H025,v2.24,10,37.3,62.71,0.85,131.33,93.64,1.27,195.45,2.1,SUCCESS,False
R023,H026,v2.24,50,46.38,56.43,1.74,194.54,93.52,1.82,191.02,1.28,SUCCESS,False
R023,H027,v2.24,5,58.25,41.19,0.69,151.57,65.76,1.51,222.46,0.74,SUCCESS,False
R023,H028,v2.24,10,59.07,43.39,1.55,112.23,90.67,1.19,245.44,1.72,SUCCESS,False
R023,H029,v2.24,50,59.96,54.35,2.42,262.39,82.14,1.59,184.75,2.53,SUCCESS,False
R023,H030,v2.24,5,56.42,51.94,1.47,123.82,57.83,0.58,243.81,0.7,SUCCESS,False
R023,H031,v2.24,100,77.15,67.02,1.79,101.75,54.88,1.16,177.73,0.5,SUCCESS,False
R023,H032,v2.24,50,49.06,56.45,1.77,135.09,94.42,1.89,246.38,2.52,SUCCESS,False
R023,H033,v2.24,5,62.97,54.36,2.54,283.2,97.49,0.56,212.99,1.24,SUCCESS,False
R023,H034,v2.24,50,41.41,60.43,2.87,112.16,65.22,1.21,224.39,2.75,SUCCESS,False
R023,H035,v2.24,10,49.52,44.06,2.49,213.79,81.83,0.79,130.58,2.73,SUCCESS,False
R023,H036,v2.24,25,42.82,61.27,2.42,102.53,53.26,0.6,228.98,1.04,SUCCESS,False
R023,H037,v2.24,5,54.26,47.16,0.71,136.27,82.68,1.25,205.73,1.69,SUCCESS,False
R023,H038,v2.24,5,42.15,70.59,2.44,243.85,52.44,0.84,159.27,0.82,SUCCESS,False
R023,H039,v2.24,5,32.29,45.16,1.24,130.48,56.61,1.44,187.36,0.85,SUCCESS,False
R023,H040,v2.24,100,42.77,37.6,1.31,136.58,97.25,1.37,248.14,0.86,IN_PROGRESS,False
R023,H041,v2.24,10,48.74,46.42,1.18,170.38,71.41,0.78,154.58,0.74,IN_PROGRESS,False
R023,H042,v2.24,50,59.07,58.25,0.69,192.57,88.48,1.93,218.52,2.97,IN_PROGRESS,False
R023,H043,v2.24,25,54.6,62.31,1.26,107.13,79.31,1.64,178.48,2.84,SUCCESS,False
R023,H044,v2.24,50,35.75,47.2,0.52,266.72,81.54,1.72,196.76,0.72,SUCCESS,False
R023,H045,v2.24,5,49.22,50.88,0.66,257.83,51.45,1.66,107.81,1.82,SUCCESS,False
R023,H046,v2.24,10,36.59,59.31,2.03,225.66,81.04,1.33,219.97,2.34,IN_PROGRESS,False
R023,H047,v2.24,10,63.3,50.28,2.27,108.03,54.41,1.51,114.92,1.87,IN_PROGRESS,False
R023,H048,v2.24,50,45.47,68.75,2.14,168.06,71.22,1.88,153.03,1.31,SUCCESS,False
R023,H049,v2.24,10,55.85,55.45,2.72,133.89,98.56,1.84,174.49,1.68,SUCCESS,False
R023,H050,v2.24,5,56.05,52.76,1.96,142.97,99.67,1.61,215.5,2.72,SUCCESS,False
R024,H001,v2.25,100,47.22,55.28,1.53,114.68,52.0,1.96,139.32,1.51,SUCCESS,False
R024,H002,v2.25,50,51.85,52.07,1.48,253.22,67.3,1.62,132.86,1.61,SUCCESS,False
R024,H003,v2.25,5,60.11,54.34,1.4,286.49,96.71,1.29,104.93,2.08,SUCCESS,False
R024,H004,v2.25,10,55.97,54.7,1.58,257.13,93.85,0.76,174.24,2.85,SUCCESS,False
R024,H005,v2.25,10,63.27,33.56,2.96,112.0,88.7,1.04,223.95,1.72,SUCCESS,False
R024,H006,v2.25,50,37.75,58.04,1.21,183.33,76.24,0.99,149.36,1.38,SUCCESS,False
R024,H007,v2.25,10,45.47,60.24,1.52,199.71,82.97,0.69,214.12,1.83,SUCCESS,False
R024,H008,v2.25,10,52.62,58.0,1.53,136.77,76.62,1.74,167.68,2.85,SUCCESS,False
R024,H009,v2.25,100,49.02,42.88,0.61,192.51,88.97,1.28,121.1,1.55,SUCCESS,False
R024,H010,v2.25,25,42.24,77.67,2.59,287.19,69.83,0.63,210.08,2.97,IN_PROGRESS,False
R024,H011,v2.25,5,54.03,59.08,2.08,202.79,69.54,0.91,215.19,2.27,SUCCESS,False
R024,H012,v2.25,10,63.05,50.53,1.73,277.84,68.47,1.83,137.8,1.37,SUCCESS,False
R024,H013,v2.25,10,43.66,59.58,2.24,220.53,63.66,0.92,198.39,0.96,SUCCESS,False
R024,H014,v2.25,10,62.78,59.2,1.34,276.25,91.12,1.65,213.69,2.04,SUCCESS,False
R024,H015,v2.25,10,54.9,62.39,2.21,143.43,92.08,1.55,171.37,2.96,SUCCESS,False
R024,H016,v2.25,5,70.22,60.77,1.48,199.71,55.43,1.31,121.88,2.69,SUCCESS,False
R024,H017,v2.25,5,50.72,63.63,0.56,243.34,89.47,1.65,160.77,0.78,SUCCESS,False
R024,H018,v2.25,100,55.22,50.79,2.14,138.55,56.59,1.06,224.41,1.26,SUCCESS,False
R024,H019,v2.25,100,58.18,56.16,1.77,208.74,63.45,0.52,181.14,1.68,SUCCESS,False
R024,H020,v2.25,25,61.44,42.37,0.74,170.91,95.78,0.96,180.04,1.13,SUCCESS,False
R024,H021,v2.25,100,54.6,70.68,0.55,112.4,93.44,1.9,245.4,2.72,SUCCESS,False
R024,H022,v2.25,50,35.28,36.72,1.88,121.12,62.21,1.14,117.01,2.98,SUCCESS,False
R024,H023,v2.25,10,64.99,60.88,0.56,214.13,50.87,1.66,177.5,2.71,SUCCESS,False
R024,H024,v2.25,10,49.17,63.77,1.79,267.16,63.26,1.97,129.9,2.35,SUCCESS,False
R024,H025,v2.25,50,35.44,71.83,2.44,247.96,54.37,1.93,231.93,1.85,IN_PROGRESS,False
R024,H026,v2.25,25,44.92,61.52,0.97,181.28,98.27,1.51,131.6,2.33,SUCCESS,False
R024,H027,v2.25,5,55.09,62.76,2.93,150.96,75.06,1.34,143.54,1.71,SUCCESS,False
R024,H028,v2.25,10,29.2,57.23,0.5,161.59,69.67,1.04,102.54,1.2,SUCCESS,False
R024,H029,v2.25,25,63.76,55.68,1.57,240.32,70.89,1.71,167.8,1.59,SUCCESS,False
R024,H030,v2.25,5,63.43,57.86,2.47,172.9,79.69,1.04,134.56,2.97,SUCCESS,False
R024,H031,v2.25,25,50.13,64.1,2.21,217.59,64.23,0.79,170.25,2.61,SUCCESS,False
R024,H032,v2.25,25,40.05,53.19,1.55,138.85,69.22,0.56,201.37,1.54,SUCCESS,False
R024,H033,v2.25,5,53.53,44.31,1.67,183.97,71.87,1.9,202.93,2.72,SUCCESS,False
R024,H034,v2.25,25,50.65,48.95,0.9,101.55,56.86,1.2,113.93,1.56,SUCCESS,False
R024,H035,v2.25,25,44.81,55.06,0.67,151.51,86.98,1.71,167.88,1.86,SUCCESS,False
R024,H036,v2.25,50,67.16,55.75,2.77,284.21,75.58,1.05,210.41,1.84,SUCCESS,False
R024,H037,v2.25,5,78.95,55.96,1.34,114.33,88.67,1.15,119.06,2.86,SUCCESS,False
R024,H038,v2.25,10,41.03,51.93,3.0,109.84,72.6,0.8,118.66,1.6,SUCCESS,False
R024,H039,v2.25,50,55.98,57.65,2.59,221.66,75.16,1.0,188.7,1.47,SUCCESS,False
R024,H040,v2.25,10,40.8,41.08,2.01,299.96,60.42,1.66,164.75,1.73,SUCCESS,False
R024,H041,v2.25,10,41.25,62.01,1.36,298.09,88.04,0.81,204.3,1.44,SUCCESS,False
R024,H042,v2.25,25,35.18,58.61,1.5,251.66,58.89,1.78,240.88,2.13,SUCCESS,False
R024,H043,v2.25,10,42.85,48.37,1.91,200.79,53.38,1.62,184.4,1.01,SUCCESS,False
R024,H044,v2.25,50,40.91,59.89,2.22,154.48,54.19,1.77,176.73,2.58,SUCCESS,False
R024,H045,v2.25,10,64.19,44.57,2.87,108.25,80.45,1.48,173.13,2.8,SUCCESS,False
R024,H046,v2.25,50,63.58,62.09,1.96,128.66,67.75,1.12,180.2,1.61,SUCCESS,False
R024,H047,v2.25,5,43.81,58.35,2.18,147.27,50.84,1.84,170.77,1.6,SUCCESS,False
R024,H048,v2.25,5,39.95,57.63,2.86,286.62,80.72,1.54,104.36,1.06,SUCCESS,False
R024,H049,v2.25,5,66.16,46.85,1.67,176.74,62.25,1.01,111.53,0.8,SUCCESS,False
R024,H050,v2.25,25,43.46,71.97,1.5,218.57,65.17,1.01,133.9,1.73,SUCCESS,False
R025,H001,v2.26,5,48.65,,1.96,129.41,87.21,0.78,184.08,2.41,IN_PROGRESS,False
R025,H002,v2.26,10,40.46,50.73,1.52,122.33,67.69,1.8,116.45,1.6,SUCCESS,False
R025,H003,v2.26,5,59.57,54.96,2.92,172.45,83.11,1.57,211.36,2.13,SUCCESS,False
R025,H004,v2.26,50,39.46,60.81,0.59,111.93,53.88,0.67,117.98,1.43,SUCCESS,False
R025,H005,v2.26,25,35.6,39.45,2.92,236.28,86.69,1.24,164.53,1.29,SUCCESS,False
R025,H006,v2.26,50,34.2,45.48,3.0,196.49,90.25,1.07,230.38,2.51,IN_PROGRESS,False
R025,H007,v2.26,50,44.79,48.65,1.8,155.44,54.39,1.34,183.94,1.03,SUCCESS,False
R025,H008,v2.26,5,59.68,100.0,2.46,278.32,67.6,0.8,184.07,1.91,SUCCESS,False
R025,H009,v2.26,10,63.04,51.51,2.41,126.8,95.41,0.79,173.23,0.72,SUCCESS,False
R025,H010,v2.26,10,47.75,52.2,1.52,,99.64,1.31,229.11,2.85,IN_PROGRESS,False
R025,H011,v2.26,100,58.37,34.47,1.88,177.81,98.83,0.52,181.8,3.0,IN_PROGRESS,False
R025,H012,v2.26,100,43.92,68.39,0.66,261.94,68.12,1.84,162.39,2.88,SUCCESS,False
R025,H013,v2.26,10,38.61,66.32,2.84,213.13,74.95,1.42,245.03,0.82,SUCCESS,False
R025,H014,v2.26,10,58.18,60.28,1.52,179.19,95.83,0.73,111.07,2.89,SUCCESS,False
R025,H015,v2.26,5,58.52,42.89,1.44,178.81,54.36,1.04,126.62,1.85,SUCCESS,False
R025,H016,v2.26,100,58.67,53.11,2.62,148.32,53.26,1.02,197.23,2.23,IN_PROGRESS,False
R025,H017,v2.26,10,29.56,60.13,1.59,167.04,77.13,1.45,247.54,1.34,SUCCESS,False
R025,H018,v2.26,5,36.57,41.16,1.71,233.8,60.66,1.61,104.44,1.42,SUCCESS,False
R025,H019,v2.26,10,61.86,43.78,0.98,,66.28,1.01,141.55,1.67,SUCCESS,False
R025,H020,v2.26,5,57.9,59.16,1.49,212.84,81.11,1.56,159.05,1.07,SUCCESS,False
R025,H021,v2.26,100,57.09,56.3,1.5,163.82,52.46,1.07,214.78,2.72,SUCCESS,False
R025,H022,v2.26,5,54.64,45.66,2.2,197.51,82.81,1.79,167.69,0.6,SUCCESS,False
R025,H023,v2.26,5,51.7,58.86,1.08,150.35,94.89,1.83,148.33,1.67,SUCCESS,False
R025,H024,v2.26,50,61.73,50.81,1.82,236.89,57.64,1.88,164.12,2.06,SUCCESS,False
R025,H025,v2.26,5,38.44,46.13,2.37,211.36,65.37,1.6,142.7,2.71,SUCCESS,False
R025,H026,v2.26,10,61.78,46.01,1.04,241.88,78.26,1.22,153.35,2.84,SUCCESS,False
R025,H027,v2.26,5,65.58,60.3,1.61,,51.75,1.42,246.87,2.49,SUCCESS,False
R025,H028,v2.26,25,49.46,53.85,2.9,289.87,60.07,1.54,224.4,0.53,IN_PROGRESS,False
R025,H029,v2.26,5,44.22,49.72,2.8,240.57,68.85,1.84,134.69,2.42,IN_PROGRESS,False
R025,H030,v2.26,100,42.23,55.93,2.13,205.31,94.11,1.05,191.65,0.96,SUCCESS,False
R025,H031,v2.26,10,54.52,38.96,2.8,208.07,67.88,0.63,158.12,2.26,SUCCESS,False
R025,H032,v2.26,5,59.47,53.56,1.09,114.61,94.3,0.96,193.14,1.97,SUCCESS,False
R025,H033,v2.26,25,47.15,48.73,2.1,106.94,76.4,1.68,230.05,2.23,SUCCESS,False
R025,H034,v2.26,100,43.44,60.62,1.48,153.73,92.71,1.72,206.2,2.96,IN_PROGRESS,False
R025,H035,v2.26,5,58.15,55.72,2.98,157.46,79.85,0.81,122.75,2.24,SUCCESS,False
R025,H036,v2.26,100,43.39,50.89,1.49,253.33,71.37,1.56,213.13,2.85,SUCCESS,False
R025,H037,v2.26,25,49.48,39.48,0.97,285.77,56.06,1.7,130.43,1.98,SUCCESS,False
R025,H038,v2.26,25,69.63,49.47,2.9,120.0,52.48,0.61,234.29,1.71,SUCCESS,False
R025,H039,v2.26,10,100.0,57.91,1.64,115.15,80.44,1.45,229.04,0.53,SUCCESS,False
R025,H040,v2.26,5,54.79,60.33,1.0,168.26,79.71,0.94,119.43,2.92,SUCCESS,False
R025,H041,v2.26,50,70.68,68.69,2.34,154.0,93.58,1.53,202.15,1.38,SUCCESS,False
R025,H042,v2.26,100,53.89,58.49,2.33,192.65,80.44,1.15,164.21,1.31,SUCCESS,False
R025,H043,v2.26,10,41.17,68.56,0.57,213.08,91.72,1.2,246.64,0.74,SUCCESS,False
R025,H044,v2.26,50,45.18,59.06,0.86,105.21,88.71,0.93,137.35,1.09,SUCCESS,False
R025,H045,v2.26,10,35.21,47.64,0.77,197.98,84.74,1.97,136.72,1.45,SUCCESS,False
R025,H046,v2.26,25,39.99,59.9,2.55,282.22,65.26,0.58,192.45,2.53,SUCCESS,False
R025,H047,v2.26,50,57.84,61.23,2.47,286.01,61.6,0.51,100.55,0.79,IN_PROGRESS,False
R025,H048,v2.26,10,61.78,55.55,2.27,224.38,64.93,0.62,142.79,1.74,SUCCESS,False
R025,H049,v2.26,5,51.04,50.73,1.87,,54.97,1.15,162.79,2.86,SUCCESS,False
R025,H050,v2.26,25,61.4,63.18,1.08,276.15,92.85,0.76,239.68,1.84,SUCCESS,False
R026,H001,v2.27,10,68.96,51.59,9.2,628.39,22.52,0.78,153.88,5.27,ROLLED_BACK,True
R026,H002,v2.27,10,62.51,78.3,10.86,570.25,2.59,1.56,201.84,6.55,SUCCESS,True
R026,H003,v2.27,100,67.76,95.4,11.22,677.79,26.52,0.73,247.87,7.44,FAILED,True
R026,H004,v2.27,10,64.98,74.08,10.4,419.13,27.33,1.49,211.7,10.03,SUCCESS,True
R026,H005,v2.27,25,78.4,66.43,10.13,557.31,9.74,1.91,176.84,10.05,FAILED,True
R026,H006,v2.27,50,77.18,79.14,6.54,645.86,20.88,1.32,142.77,11.09,SUCCESS,True
R026,H007,v2.27,50,84.09,57.76,10.13,537.75,26.98,0.77,204.95,9.65,FAILED,True
R026,H008,v2.27,100,91.93,62.25,11.03,452.83,24.38,0.92,130.79,10.7,FAILED,True
R026,H009,v2.27,5,84.68,64.14,11.24,652.93,14.5,1.79,174.72,7.43,FAILED,True
R026,H010,v2.27,10,100.0,88.64,8.46,563.95,12.02,1.41,150.87,6.77,SUCCESS,True
R026,H011,v2.27,100,61.03,54.44,10.58,437.46,29.22,0.99,240.47,6.28,SUCCESS,True
R026,H012,v2.27,100,79.06,71.55,7.27,567.62,10.6,1.81,168.76,9.78,FAILED,True
R026,H013,v2.27,10,73.88,53.17,7.92,453.2,10.29,0.93,142.83,6.14,FAILED,True
R026,H014,v2.27,25,76.02,64.4,7.67,455.17,11.09,1.61,164.14,11.87,FAILED,True
R026,H015,v2.27,5,69.27,74.61,7.38,633.8,0.81,1.44,137.05,7.3,SUCCESS,True
R026,H016,v2.27,25,90.33,53.07,7.07,515.1,1.26,0.56,143.6,11.88,ROLLED_BACK,True
R026,H017,v2.27,10,88.17,55.06,9.93,696.89,10.11,0.71,120.23,9.82,SUCCESS,True
R026,H018,v2.27,5,72.08,72.79,6.97,481.63,2.53,0.54,240.36,11.62,SUCCESS,True
R026,H019,v2.27,100,68.15,68.65,8.1,707.29,9.32,1.57,163.9,6.85,FAILED,True
R026,H020,v2.27,10,72.26,79.63,7.26,426.38,25.48,0.55,160.41,9.31,SUCCESS,True
R026,H021,v2.27,25,83.66,65.66,8.65,608.24,15.37,1.35,145.83,5.52,FAILED,True
R026,H022,v2.27,25,77.86,92.59,6.5,477.95,23.87,1.35,233.55,5.57,SUCCESS,True
R026,H023,v2.27,25,57.57,70.18,10.83,648.83,24.6,0.94,168.59,5.26,SUCCESS,True
R026,H024,v2.27,5,62.98,79.54,6.79,498.95,2.03,1.48,198.96,11.72,SUCCESS,True
R026,H025,v2.27,50,77.45,63.5,6.1,694.52,7.78,1.96,158.09,5.26,FAILED,True
R026,H026,v2.27,100,88.18,70.23,7.63,736.01,13.07,1.7,151.28,11.76,FAILED,True
R026,H027,v2.27,5,85.77,77.83,7.46,621.07,12.44,1.42,148.71,9.49,ROLLED_BACK,True
R026,H028,v2.27,5,66.04,70.58,8.38,683.81,28.53,1.84,248.2,9.29,FAILED,True
R026,H029,v2.27,10,65.73,70.28,8.7,637.7,3.5,1.55,165.86,8.98,FAILED,True
R026,H030,v2.27,10,86.4,85.62,8.92,424.45,14.01,1.77,216.74,9.59,SUCCESS,True
R026,H031,v2.27,5,73.05,77.41,9.94,621.23,21.54,0.97,244.46,8.76,SUCCESS,True
R026,H032,v2.27,5,79.0,68.02,7.14,459.43,28.93,1.96,167.73,7.96,SUCCESS,True
R026,H033,v2.27,5,81.19,75.39,6.1,474.52,21.17,0.7,227.45,11.49,SUCCESS,True
R026,H034,v2.27,10,58.78,86.51,6.13,405.25,19.1,1.67,183.1,10.75,SUCCESS,True
R026,H035,v2.27,10,82.05,69.88,9.07,683.66,29.61,0.95,140.08,11.02,SUCCESS,True
R026,H036,v2.27,5,61.5,84.02,5.86,552.86,10.43,1.69,232.56,10.83,SUCCESS,True
R026,H037,v2.27,25,60.96,76.32,7.44,633.5,8.06,1.85,216.23,11.09,SUCCESS,True
R026,H038,v2.27,25,93.52,58.3,8.82,497.89,3.3,0.9,134.64,11.24,SUCCESS,True
R026,H039,v2.27,10,89.58,94.07,6.26,573.06,28.59,1.93,204.79,7.4,SUCCESS,True
R026,H040,v2.27,50,86.92,69.95,7.04,465.91,19.17,1.95,191.25,9.94,ROLLED_BACK,True
R026,H041,v2.27,5,74.61,76.24,6.19,741.17,17.95,1.5,217.71,7.22,SUCCESS,True
R026,H042,v2.27,10,60.73,63.48,10.24,525.82,20.66,1.54,102.15,9.43,FAILED,True
R026,H043,v2.27,10,76.21,76.16,7.42,626.73,8.15,1.35,109.56,11.53,FAILED,True
R026,H044,v2.27,50,78.19,80.04,9.87,634.55,24.11,1.33,192.44,9.43,ROLLED_BACK,True
R026,H045,v2.27,5,66.19,82.38,11.32,438.91,19.89,1.73,210.4,6.78,FAILED,True
R026,H046,v2.27,10,71.65,78.85,5.79,672.88,23.9,0.5,124.39,8.08,ROLLED_BACK,True
R026,H047,v2.27,10,74.93,69.14,5.09,780.26,5.76,1.48,148.3,10.58,SUCCESS,True
R026,H048,v2.27,50,81.01,57.25,11.48,440.81,9.07,1.17,229.61,9.21,ROLLED_BACK,True
R026,H049,v2.27,5,54.93,66.53,11.9,586.46,5.32,0.52,193.17,10.25,SUCCESS,True
R026,H050,v2.27,10,81.56,72.52,7.85,507.86,23.8,1.84,165.1,5.68,FAILED,True
R027,H001,v2.28,100,38.11,51.84,0.51,166.04,97.26,1.07,230.81,1.45,SUCCESS,False
R027,H002,v2.28,50,39.93,53.49,1.64,126.67,86.73,1.87,135.67,1.81,SUCCESS,False
R027,H003,v2.28,25,49.13,64.69,0.91,124.57,64.08,1.38,120.52,2.91,IN_PROGRESS,False
R027,H004,v2.28,25,57.48,51.79,1.82,172.91,79.53,0.51,150.71,1.17,SUCCESS,False
R027,H005,v2.28,25,53.8,56.0,2.41,181.05,97.48,1.06,175.87,2.37,SUCCESS,False
R027,H006,v2.28,50,61.98,56.03,1.52,256.61,72.72,0.87,109.59,2.59,SUCCESS,False
R027,H007,v2.28,25,45.39,53.37,1.75,274.78,56.41,1.89,133.0,1.32,SUCCESS,False
R027,H008,v2.28,10,50.48,74.69,2.3,131.23,82.18,1.73,157.61,2.8,SUCCESS,False
R027,H009,v2.28,50,58.88,51.66,2.69,216.25,90.82,1.38,157.11,1.81,SUCCESS,False
R027,H010,v2.28,50,52.63,100.0,2.73,196.92,67.7,0.75,102.46,2.82,SUCCESS,False
R027,H011,v2.28,25,33.89,47.64,0.74,186.53,56.13,1.95,176.56,1.35,SUCCESS,False
R027,H012,v2.28,25,43.42,44.51,1.98,170.15,55.82,1.42,164.08,1.04,SUCCESS,False
R027,H013,v2.28,10,58.05,54.71,2.3,122.31,89.36,1.81,182.04,0.94,SUCCESS,False
R027,H014,v2.28,25,57.02,65.71,1.29,132.19,83.08,1.16,202.03,1.52,SUCCESS,False
R027,H015,v2.28,50,52.82,67.64,2.13,203.34,52.73,0.54,167.59,2.98,SUCCESS,False
R027,H016,v2.28,10,48.47,58.34,2.1,206.75,81.37,0.73,244.55,2.54,SUCCESS,False
R027,H017,v2.28,10,73.98,59.25,2.99,159.76,59.14,1.85,236.27,1.31,SUCCESS,False
R027,H018,v2.28,100,50.07,49.91,2.25,208.59,90.89,1.6,227.58,2.17,SUCCESS,False
R027,H019,v2.28,5,62.08,51.2,2.13,187.34,52.64,0.57,154.66,2.13,SUCCESS,False
R027,H020,v2.28,50,50.99,55.31,1.04,210.34,99.93,1.1,208.38,2.0,SUCCESS,False
R027,H021,v2.28,10,31.48,61.55,0.95,164.79,97.52,0.85,107.14,0.62,SUCCESS,False
R027,H022,v2.28,100,67.44,54.51,1.92,154.32,80.31,1.22,186.09,0.86,SUCCESS,False
R027,H023,v2.28,10,60.53,51.04,2.12,157.99,74.66,1.74,111.42,2.61,SUCCESS,False
R027,H024,v2.28,10,56.1,53.84,,202.29,50.3,0.71,148.85,1.91,SUCCESS,False
R027,H025,v2.28,50,73.43,58.6,1.49,258.37,84.01,1.43,212.31,1.67,SUCCESS,False
R027,H026,v2.28,10,53.78,51.98,1.88,296.89,54.22,1.72,174.59,2.3,SUCCESS,False
R027,H027,v2.28,25,39.82,56.67,1.09,168.22,57.51,1.05,198.01,0.99,SUCCESS,False
R027,H028,v2.28,5,35.35,55.57,2.02,244.6,79.27,0.81,171.31,1.43,SUCCESS,False
R027,H029,v2.28,50,49.19,61.22,1.16,181.65,92.3,1.47,148.58,2.23,SUCCESS,False
R027,H030,v2.28,100,64.23,54.11,1.76,175.47,95.03,0.77,220.45,2.24,SUCCESS,False
R027,H031,v2.28,5,100.0,66.05,2.99,139.47,53.77,1.67,130.1,0.73,SUCCESS,False
R027,H032,v2.28,50,37.74,58.58,1.68,236.38,71.36,0.77,221.22,2.08,SUCCESS,False
R027,H033,v2.28,5,64.01,56.05,1.04,205.47,87.98,1.88,126.57,1.1,SUCCESS,False
R027,H034,v2.28,25,65.6,45.26,2.77,183.34,69.42,1.59,182.38,1.29,SUCCESS,False
R027,H035,v2.28,10,59.31,57.23,2.89,216.72,98.46,1.38,154.42,0.61,SUCCESS,False
R027,H036,v2.28,5,50.93,62.34,2.25,265.62,94.13,0.75,106.84,2.48,IN_PROGRESS,False
R027,H037,v2.28,25,56.1,57.24,1.43,216.98,66.6,0.61,202.27,0.53,SUCCESS,False
R027,H038,v2.28,5,50.3,46.6,0.7,217.47,55.34,1.29,130.6,0.58,SUCCESS,False
R027,H039,v2.28,25,52.55,46.88,2.18,107.45,95.31,1.76,208.35,2.64,SUCCESS,False
R027,H040,v2.28,25,37.42,64.49,1.44,279.41,84.94,1.52,220.96,0.54,IN_PROGRESS,False
R027,H041,v2.28,25,45.62,41.02,1.28,153.71,68.94,0.55,224.05,1.58,SUCCESS,False
R027,H042,v2.28,5,50.7,64.4,2.05,118.27,61.37,1.5,200.55,1.58,SUCCESS,False
R027,H043,v2.28,25,54.17,,1.9,150.79,80.57,1.39,180.91,1.08,SUCCESS,False
R027,H044,v2.28,25,60.52,57.89,0.93,173.46,64.17,1.38,190.98,1.97,IN_PROGRESS,False
R027,H045,v2.28,50,45.39,55.56,2.76,107.84,52.45,0.62,223.1,1.79,SUCCESS,False
R027,H046,v2.28,5,49.2,62.91,2.74,201.57,98.95,1.43,219.2,2.22,SUCCESS,False
R027,H047,v2.28,5,26.95,51.68,1.42,138.91,81.23,0.93,211.45,1.62,SUCCESS,False
R027,H048,v2.28,100,61.61,58.41,2.0,292.57,89.23,0.7,215.08,2.07,SUCCESS,False
R027,H049,v2.28,5,42.99,56.61,1.74,239.63,72.43,1.78,172.09,1.96,SUCCESS,False
R027,H050,v2.28,5,50.15,47.11,1.82,107.99,74.74,1.43,188.46,2.56,SUCCESS,False
R028,H001,v2.29,5,68.26,85.33,6.21,483.68,7.38,0.82,193.75,9.33,ROLLED_BACK,True
R028,H002,v2.29,5,73.64,78.16,6.49,,17.73,1.77,197.68,8.76,SUCCESS,True
R028,H003,v2.29,10,79.41,76.85,10.58,643.72,8.74,1.07,239.92,5.81,ROLLED_BACK,True
R028,H004,v2.29,25,71.55,56.32,5.15,715.73,25.61,1.6,142.82,7.22,FAILED,True
R028,H005,v2.29,10,74.32,87.0,10.83,442.09,29.32,1.17,150.83,5.99,FAILED,True
R028,H006,v2.29,5,96.02,93.15,11.4,610.47,17.18,1.58,112.72,5.96,SUCCESS,True
R028,H007,v2.29,10,76.86,78.06,5.54,489.68,26.84,0.63,170.41,9.72,SUCCESS,True
R028,H008,v2.29,10,70.15,84.7,8.88,646.16,17.11,1.94,212.15,7.25,SUCCESS,True
R028,H009,v2.29,25,65.69,77.79,11.33,627.44,23.83,1.87,168.66,10.46,SUCCESS,True
R028,H010,v2.29,5,84.2,70.77,11.54,698.83,10.02,1.52,244.34,6.62,SUCCESS,True
R028,H011,v2.29,25,84.95,84.27,11.39,692.21,22.38,1.03,111.52,10.8,FAILED,True
R028,H012,v2.29,25,79.52,56.96,6.93,488.49,5.09,1.1,112.52,8.69,FAILED,True
R028,H013,v2.29,5,82.05,81.71,6.56,646.47,29.65,0.99,161.51,6.7,ROLLED_BACK,True
R028,H014,v2.29,50,76.26,79.99,9.45,739.71,21.99,1.58,204.97,9.69,SUCCESS,True
R028,H015,v2.29,10,90.61,80.05,7.34,732.62,20.91,1.18,249.57,9.31,SUCCESS,True
R028,H016,v2.29,25,75.14,,11.8,732.99,12.82,1.87,234.74,6.9,SUCCESS,True
R028,H017,v2.29,25,63.79,89.61,8.36,478.81,6.64,1.71,193.93,9.76,SUCCESS,True
R028,H018,v2.29,5,65.8,74.55,5.37,517.16,3.53,0.9,149.57,7.07,SUCCESS,True
R028,H019,v2.29,50,77.07,62.72,9.42,783.02,18.55,1.83,131.38,7.64,ROLLED_BACK,True
R028,H020,v2.29,10,65.21,82.85,5.01,748.97,7.17,0.7,102.5,8.11,SUCCESS,True
R028,H021,v2.29,50,,77.13,7.79,724.27,21.09,0.76,184.28,10.98,SUCCESS,True
R028,H022,v2.29,10,75.83,66.82,7.19,490.16,18.18,1.66,243.01,8.54,SUCCESS,True
R028,H023,v2.29,100,52.87,66.81,8.96,712.95,29.08,0.77,189.18,5.16,FAILED,True
R028,H024,v2.29,10,80.31,57.11,7.23,569.69,25.69,1.63,158.02,8.45,SUCCESS,True
R028,H025,v2.29,10,71.48,71.01,7.66,544.16,23.81,1.27,211.92,7.74,SUCCESS,True
R028,H026,v2.29,5,91.12,72.69,6.7,753.27,18.28,1.58,182.07,8.93,ROLLED_BACK,True
R028,H027,v2.29,50,80.53,69.85,5.01,512.96,17.86,1.15,182.11,9.09,FAILED,True
R028,H028,v2.29,25,72.43,83.66,7.7,401.42,0.89,1.25,191.27,9.29,SUCCESS,True
R028,H029,v2.29,5,83.35,89.71,6.19,762.05,29.69,1.68,140.46,6.4,SUCCESS,True
R028,H030,v2.29,5,66.97,83.04,8.11,663.65,20.92,1.6,204.01,8.08,FAILED,True
R028,H031,v2.29,25,66.77,60.11,6.96,491.12,19.15,1.48,123.26,10.64,FAILED,True
R028,H032,v2.29,5,60.88,81.29,6.43,529.83,20.45,1.69,245.0,5.05,SUCCESS,True
R028,H033,v2.29,10,86.36,83.21,6.55,600.4,23.16,1.95,136.33,7.45,FAILED,True
R028,H034,v2.29,5,78.38,78.76,7.86,792.72,19.16,1.63,229.81,7.66,SUCCESS,True
R028,H035,v2.29,50,83.38,86.17,7.04,595.88,14.15,0.6,214.51,5.77,SUCCESS,True
R028,H036,v2.29,5,46.47,82.0,8.75,651.32,5.36,0.61,237.99,11.45,SUCCESS,True
R028,H037,v2.29,5,69.95,75.9,5.57,592.64,18.19,0.72,103.95,7.84,SUCCESS,True
R028,H038,v2.29,25,70.68,72.52,5.98,605.03,12.7,1.84,122.03,7.25,ROLLED_BACK,True
R028,H039,v2.29,5,73.35,80.63,5.45,555.26,6.9,0.98,179.13,6.02,FAILED,True
R028,H040,v2.29,25,66.75,85.98,8.33,555.39,0.66,1.13,102.87,7.4,SUCCESS,True
R028,H041,v2.29,5,65.39,79.56,11.07,520.62,15.78,1.39,233.83,8.18,ROLLED_BACK,True
R028,H042,v2.29,5,76.33,57.64,8.36,641.88,28.03,1.88,108.16,8.36,SUCCESS,True
R028,H043,v2.29,5,98.32,75.55,6.21,741.05,12.02,1.41,202.26,5.98,SUCCESS,True
R028,H044,v2.29,100,74.55,82.57,8.93,638.44,25.15,1.61,181.17,7.87,SUCCESS,True
R028,H045,v2.29,100,60.51,91.35,8.28,762.51,26.86,1.83,176.31,11.51,SUCCESS,True
R028,H046,v2.29,10,76.73,75.18,8.19,685.58,14.82,1.28,216.86,10.55,ROLLED_BACK,True
R028,H047,v2.29,5,73.18,77.57,7.49,461.58,28.81,1.09,210.09,9.84,FAILED,True
R028,H048,v2.29,5,83.62,77.91,10.49,712.37,29.7,1.59,190.31,11.49,FAILED,True
R028,H049,v2.29,50,76.55,72.57,8.51,547.56,21.97,0.54,108.53,5.74,SUCCESS,True
R028,H050,v2.29,25,85.26,68.37,6.61,463.54,21.24,1.04,196.22,10.48,SUCCESS,True
R029,H001,v2.30,10,46.1,55.05,1.48,114.97,71.08,1.49,118.62,1.69,SUCCESS,False
R029,H002,v2.30,50,38.92,39.93,1.91,290.14,51.65,1.05,207.28,0.77,SUCCESS,False
R029,H003,v2.30,10,70.54,61.82,2.68,249.26,73.09,1.2,196.74,1.74,SUCCESS,False
R029,H004,v2.30,5,44.4,61.54,1.81,168.99,97.91,0.76,173.28,0.76,SUCCESS,False
R029,H005,v2.30,10,53.95,42.84,2.59,138.5,53.07,1.99,145.36,2.27,IN_PROGRESS,False
R029,H006,v2.30,10,50.18,46.34,1.82,202.89,50.94,1.17,246.0,1.92,SUCCESS,False
R029,H007,v2.30,25,52.21,49.22,1.2,201.4,85.28,1.35,202.37,2.43,SUCCESS,False
R029,H008,v2.30,5,42.57,62.47,1.22,281.2,53.15,1.78,205.38,1.4,SUCCESS,False
R029,H009,v2.30,25,47.32,48.01,2.44,183.47,86.79,1.81,217.73,2.93,SUCCESS,False
R029,H010,v2.30,5,31.85,57.5,1.38,168.58,62.15,1.6,229.75,1.32,SUCCESS,False
R029,H011,v2.30,5,51.34,45.82,2.04,196.03,59.02,1.76,211.27,2.0,SUCCESS,False
R029,H012,v2.30,25,42.42,41.64,0.56,233.71,67.73,1.18,150.04,2.61,SUCCESS,False
R029,H013,v2.30,5,56.19,41.34,1.54,123.55,86.24,1.05,210.78,1.33,SUCCESS,False
R029,H014,v2.30,25,38.2,57.73,1.28,104.05,70.05,1.72,152.42,2.42,SUCCESS,False
R029,H015,v2.30,5,100.0,59.16,0.53,170.89,53.9,0.78,245.79,2.36,SUCCESS,False
R029,H016,v2.30,50,44.9,50.2,1.72,270.47,98.55,1.59,227.92,0.99,SUCCESS,False
R029,H017,v2.30,25,37.21,56.67,2.08,124.65,82.76,1.88,138.27,1.73,SUCCESS,False
R029,H018,v2.30,25,32.82,47.53,0.57,189.98,90.77,1.71,236.21,2.13,SUCCESS,False
R029,H019,v2.30,25,48.64,58.67,1.44,248.66,51.43,0.91,219.44,1.64,IN_PROGRESS,False
R029,H020,v2.30,25,27.85,62.44,1.93,299.37,50.38,0.83,130.9,2.65,SUCCESS,False
R029,H021,v2.30,50,63.73,53.88,2.81,147.38,57.95,1.44,134.16,1.85,SUCCESS,False
R029,H022,v2.30,25,55.68,47.58,2.72,215.19,70.38,1.78,249.74,2.1,SUCCESS,False
R029,H023,v2.30,5,48.07,44.07,0.55,131.19,88.11,0.51,108.27,2.45,SUCCESS,False
R029,H024,v2.30,5,42.98,63.79,0.72,223.28,76.56,1.0,237.27,1.14,IN_PROGRESS,False
R029,H025,v2.30,10,67.68,65.83,2.29,276.42,66.84,1.45,234.08,0.72,SUCCESS,False
R029,H026,v2.30,5,39.86,48.58,0.59,155.12,71.3,0.68,240.23,2.23,SUCCESS,False
R029,H027,v2.30,5,41.31,45.66,1.28,229.56,74.47,1.78,216.23,0.65,SUCCESS,False
R029,H028,v2.30,10,61.21,60.88,2.28,247.4,84.67,0.54,108.74,0.76,SUCCESS,False
R029,H029,v2.30,50,50.94,58.47,2.53,230.03,85.18,1.58,220.84,1.93,SUCCESS,False
R029,H030,v2.30,10,18.0,48.29,0.69,152.37,55.54,0.55,140.7,2.88,SUCCESS,False
R029,H031,v2.30,25,54.71,47.9,2.38,136.22,54.05,1.05,167.81,0.61,SUCCESS,False
R029,H032,v2.30,5,43.9,52.87,1.48,219.56,85.25,0.76,100.65,1.42,SUCCESS,False
R029,H033,v2.30,5,52.72,75.48,0.51,211.05,66.73,0.78,191.46,2.83,IN_PROGRESS,False
R029,H034,v2.30,10,81.98,58.4,0.56,150.72,99.35,1.24,194.42,1.28,SUCCESS,False
R029,H035,v2.30,5,67.85,61.4,2.06,233.25,70.41,0.87,140.92,1.16,SUCCESS,False
R029,H036,v2.30,50,55.91,50.21,1.4,291.32,95.8,1.24,182.85,2.98,SUCCESS,False
R029,H037,v2.30,50,40.25,54.61,2.6,249.03,60.47,1.87,185.88,0.65,SUCCESS,False
R029,H038,v2.30,5,52.16,58.36,2.34,258.8,88.36,0.79,133.0,1.39,IN_PROGRESS,False
R029,H039,v2.30,25,53.48,53.44,2.87,196.83,64.14,1.85,119.31,1.44,SUCCESS,False
R029,H040,v2.30,10,44.37,65.91,2.51,296.2,92.25,1.87,152.37,1.47,IN_PROGRESS,False
R029,H041,v2.30,10,35.69,54.71,2.28,207.26,90.53,0.96,147.1,2.75,SUCCESS,False
R029,H042,v2.30,5,49.19,61.85,2.52,172.64,91.23,0.55,227.85,2.65,SUCCESS,False
R029,H043,v2.30,5,35.99,55.64,2.03,262.12,89.4,1.97,160.99,1.96,SUCCESS,False
R029,H044,v2.30,5,47.24,49.57,0.79,266.85,81.06,0.56,109.46,1.74,SUCCESS,False
R029,H045,v2.30,5,47.26,59.59,0.99,285.21,52.59,0.53,166.85,0.76,SUCCESS,False
R029,H046,v2.30,50,61.14,66.15,2.91,293.32,79.49,1.61,106.01,1.44,SUCCESS,False
R029,H047,v2.30,25,55.13,59.44,2.33,115.41,95.97,1.35,164.45,2.49,SUCCESS,False
R029,H048,v2.30,25,32.12,70.36,0.82,192.87,86.53,1.27,126.62,0.91,IN_PROGRESS,False
R029,H049,v2.30,10,70.45,50.8,1.39,138.5,68.16,0.71,245.58,2.55,SUCCESS,False
R029,H050,v2.30,10,44.0,51.07,0.55,145.62,67.27,1.5,219.93,0.56,SUCCESS,False
R030,H001,v2.31,10,63.16,71.21,7.45,489.75,29.5,0.81,202.03,10.57,SUCCESS,True
R030,H002,v2.31,5,59.1,72.56,10.44,770.6,22.36,0.52,232.15,10.71,SUCCESS,True
R030,H003,v2.31,10,68.52,82.96,9.79,744.98,12.9,1.93,208.43,8.36,FAILED,True
R030,H004,v2.31,10,79.22,59.79,5.88,779.99,4.67,0.76,170.79,11.02,SUCCESS,True
R030,H005,v2.31,5,62.15,83.03,10.18,780.26,15.33,0.59,181.83,5.96,SUCCESS,True
R030,H006,v2.31,10,62.03,76.57,7.4,,2.45,1.73,186.57,11.33,FAILED,True
R030,H007,v2.31,25,72.32,85.29,9.58,601.63,14.38,0.78,125.61,10.09,SUCCESS,True
R030,H008,v2.31,10,69.28,68.83,9.85,711.9,7.71,0.82,240.19,6.67,SUCCESS,True
R030,H009,v2.31,5,47.63,75.16,8.02,555.36,23.04,1.52,216.86,11.72,SUCCESS,True
R030,H010,v2.31,25,75.37,90.81,10.98,700.44,28.69,1.2,221.52,10.45,SUCCESS,True
R030,H011,v2.31,50,63.03,78.58,8.53,462.3,0.37,1.89,109.47,5.9,FAILED,True
R030,H012,v2.31,10,61.25,62.58,10.88,659.1,19.08,0.75,241.25,9.97,ROLLED_BACK,True
R030,H013,v2.31,50,100.0,76.69,6.53,784.59,11.35,1.38,199.36,8.74,FAILED,True
R030,H014,v2.31,10,97.61,78.51,5.58,416.13,9.27,0.97,238.23,6.81,FAILED,True
R030,H015,v2.31,25,77.44,86.27,9.54,522.9,2.47,0.75,109.52,7.6,ROLLED_BACK,True
R030,H016,v2.31,50,69.24,69.54,10.35,682.68,26.55,1.17,214.77,9.31,SUCCESS,True
R030,H017,v2.31,10,88.19,68.92,6.15,615.81,3.01,0.64,208.98,8.56,SUCCESS,True
R030,H018,v2.31,50,81.59,65.0,11.41,529.57,15.16,0.91,214.73,11.3,SUCCESS,True
R030,H019,v2.31,5,72.08,76.46,11.65,681.23,9.87,1.4,219.51,11.64,FAILED,True
R030,H020,v2.31,100,66.51,70.82,10.31,771.87,19.04,0.9,147.34,9.2,FAILED,True
R030,H021,v2.31,10,97.37,72.07,11.96,663.62,0.83,1.44,170.29,10.56,FAILED,True
R030,H022,v2.31,5,60.48,83.46,6.42,610.38,11.98,1.52,249.64,5.46,FAILED,True
R030,H023,v2.31,5,70.64,79.58,7.83,792.62,20.14,1.73,211.63,6.11,SUCCESS,True
R030,H024,v2.31,10,71.36,64.15,10.2,739.18,17.83,1.71,163.95,8.22,FAILED,True
R030,H025,v2.31,50,71.54,64.29,11.54,478.02,24.55,1.36,100.7,10.91,ROLLED_BACK,True
R030,H026,v2.31,100,62.65,84.36,11.57,666.28,4.07,0.85,182.19,5.33,SUCCESS,True
R030,H027,v2.31,5,55.09,79.01,11.7,497.73,21.77,1.03,236.71,11.34,FAILED,True
R030,H028,v2.31,50,85.9,72.67,8.67,746.78,17.81,1.75,154.07,9.39,SUCCESS,True
R030,H029,v2.31,25,86.36,79.24,7.07,656.63,14.41,1.45,207.43,5.36,SUCCESS,True
R030,H030,v2.31,5,87.63,66.04,8.83,530.09,6.48,1.2,249.19,5.63,FAILED,True
R030,H031,v2.31,10,74.52,50.59,8.18,403.6,17.62,1.38,205.52,7.77,FAILED,True
R030,H032,v2.31,5,69.67,77.55,11.64,617.26,20.8,0.88,169.62,7.14,SUCCESS,True
R030,H033,v2.31,5,70.26,64.92,5.7,739.44,13.18,1.76,219.52,7.26,SUCCESS,True
R030,H034,v2.31,25,69.19,75.12,5.46,553.5,27.4,1.28,198.64,10.25,SUCCESS,True
R030,H035,v2.31,50,87.14,84.2,6.24,573.48,0.78,1.77,130.96,9.34,SUCCESS,True
R030,H036,v2.31,50,76.0,71.27,7.3,629.07,23.31,1.29,105.4,6.15,ROLLED_BACK,True
R030,H037,v2.31,25,78.86,70.35,8.08,742.22,11.3,0.92,214.41,10.17,ROLLED_BACK,True
R030,H038,v2.31,50,86.27,66.21,11.46,411.51,7.69,1.99,108.09,5.0,ROLLED_BACK,True
R030,H039,v2.31,5,70.75,91.2,9.75,740.92,10.08,1.33,135.69,8.75,FAILED,True
R030,H040,v2.31,5,73.08,69.81,11.7,793.39,4.46,1.75,113.73,6.41,SUCCESS,True
R030,H041,v2.31,10,89.37,77.81,6.37,464.72,7.34,1.67,212.31,10.25,SUCCESS,True
R030,H042,v2.31,10,89.74,81.24,8.28,701.99,22.32,1.59,150.0,11.49,SUCCESS,True
R030,H043,v2.31,10,76.54,80.15,5.73,742.98,23.16,1.52,169.83,8.66,SUCCESS,True
R030,H044,v2.31,25,82.02,66.11,5.3,479.07,23.84,0.55,147.3,7.37,FAILED,True
R030,H045,v2.31,5,70.6,78.48,7.34,411.54,13.37,1.74,167.68,5.87,FAILED,True
R030,H046,v2.31,5,76.11,66.18,5.62,588.08,2.41,1.08,232.49,5.89,SUCCESS,True
R030,H047,v2.31,25,78.2,72.77,9.4,692.15,6.4,0.58,112.12,7.59,SUCCESS,True
R030,H048,v2.31,50,60.87,72.34,6.8,770.27,29.06,1.82,163.7,5.99,SUCCESS,True
R030,H049,v2.31,25,72.56,73.89,8.64,525.16,21.71,1.19,155.6,9.96,SUCCESS,True
R030,H050,v2.31,25,84.47,67.63,5.46,475.22,0.28,0.52,122.74,7.51,FAILED,True
R031,H001,v2.32,5,81.49,60.47,10.56,413.35,7.56,1.6,201.27,10.02,ROLLED_BACK,True
R031,H002,v2.32,10,82.82,57.73,9.19,409.34,16.55,1.95,209.56,6.25,SUCCESS,True
R031,H003,v2.32,10,94.1,85.64,9.69,488.11,27.16,0.96,124.25,9.17,SUCCESS,True
R031,H004,v2.32,5,67.78,59.42,5.45,748.68,17.64,0.88,115.1,8.6,SUCCESS,True
R031,H005,v2.32,50,93.13,74.54,8.46,444.6,28.46,1.73,200.78,5.81,SUCCESS,True
R031,H006,v2.32,10,85.58,86.02,8.8,626.36,13.08,1.48,123.83,5.74,SUCCESS,True
R031,H007,v2.32,25,79.75,62.24,10.29,455.36,16.66,1.61,186.08,10.72,SUCCESS,True
R031,H008,v2.32,5,82.14,79.51,11.36,765.05,13.69,1.66,234.92,5.8,SUCCESS,True
R031,H009,v2.32,5,69.25,68.78,8.23,475.28,14.54,1.46,196.66,9.09,SUCCESS,True
R031,H010,v2.32,5,80.28,82.78,10.36,525.82,12.2,1.82,151.49,6.59,SUCCESS,True
R031,H011,v2.32,100,60.0,83.74,6.71,502.63,15.0,1.64,112.08,11.41,FAILED,True
R031,H012,v2.32,10,,65.12,6.55,786.18,14.41,0.98,137.05,5.87,SUCCESS,True
R031,H013,v2.32,50,66.88,60.62,10.62,554.62,1.95,0.59,134.12,6.43,SUCCESS,True
R031,H014,v2.32,25,80.03,69.13,10.05,,0.36,1.52,120.3,5.54,SUCCESS,True
R031,H015,v2.32,5,75.07,71.52,8.61,505.26,28.35,0.75,210.56,9.64,SUCCESS,True
R031,H016,v2.32,10,60.02,68.8,11.64,709.4,7.69,0.57,211.26,11.74,FAILED,True
R031,H017,v2.32,100,86.22,64.6,11.86,415.74,22.05,1.96,242.77,8.97,SUCCESS,True
R031,H018,v2.32,5,77.55,96.43,6.91,663.24,21.07,1.49,175.78,7.55,FAILED,True
R031,H019,v2.32,10,95.39,70.25,9.59,466.06,13.91,1.09,243.32,11.94,SUCCESS,True
R031,H020,v2.32,25,73.97,76.13,7.15,514.32,20.04,1.77,135.32,7.13,ROLLED_BACK,True
R031,H021,v2.32,50,48.84,75.46,11.8,570.31,5.33,1.15,238.91,6.62,ROLLED_BACK,True
R031,H022,v2.32,50,85.35,83.54,8.5,418.06,23.66,1.32,147.61,5.54,FAILED,True
R031,H023,v2.32,25,66.21,52.1,7.08,690.15,12.37,1.85,122.56,11.39,ROLLED_BACK,True
R031,H024,v2.32,25,83.12,75.82,9.5,533.25,29.45,0.9,157.5,5.07,SUCCESS,True
R031,H025,v2.32,25,78.06,93.93,9.71,734.33,18.41,1.57,148.15,6.29,SUCCESS,True
R031,H026,v2.32,5,66.08,71.07,6.74,728.52,28.49,1.39,133.0,9.47,SUCCESS,True
R031,H027,v2.32,5,97.89,70.89,8.11,534.22,26.85,1.59,207.48,8.27,SUCCESS,True
R031,H028,v2.32,50,69.04,93.83,8.67,624.67,24.94,1.6,102.97,10.12,FAILED,True
R031,H029,v2.32,5,93.79,79.13,5.48,742.0,23.23,1.94,169.28,10.58,SUCCESS,True
R031,H030,v2.32,25,69.26,93.47,10.68,613.44,9.96,1.58,118.28,7.35,ROLLED_BACK,True
R031,H031,v2.32,5,65.91,82.08,7.89,478.63,17.94,1.05,227.44,11.68,FAILED,True
R031,H032,v2.32,100,71.37,,10.86,694.62,6.62,0.55,246.3,10.55,FAILED,True
R031,H033,v2.32,100,76.51,80.07,10.61,562.88,13.9,1.79,109.57,7.24,SUCCESS,True
R031,H034,v2.32,5,71.63,72.41,11.41,752.82,22.55,0.73,118.77,5.23,FAILED,True
R031,H035,v2.32,100,62.29,53.19,11.45,624.0,12.24,0.57,135.16,5.32,SUCCESS,True
R031,H036,v2.32,25,59.52,81.63,11.12,692.85,29.9,1.57,215.51,10.19,FAILED,True
R031,H037,v2.32,5,86.24,70.29,10.34,688.35,7.78,1.25,187.09,11.98,FAILED,True
R031,H038,v2.32,5,77.15,87.86,6.54,535.02,29.19,1.84,189.32,7.67,SUCCESS,True
R031,H039,v2.32,100,70.92,74.25,6.57,778.12,16.38,1.21,244.57,5.1,SUCCESS,True
R031,H040,v2.32,50,100.0,76.61,9.03,593.7,19.34,1.39,235.32,10.92,FAILED,True
R031,H041,v2.32,25,72.91,67.74,10.75,737.62,26.91,0.8,187.5,10.16,SUCCESS,True
R031,H042,v2.32,50,61.24,59.69,11.71,425.52,9.29,1.6,204.79,10.42,SUCCESS,True
R031,H043,v2.32,25,79.98,89.22,7.01,693.65,0.38,1.56,180.22,9.12,ROLLED_BACK,True
R031,H044,v2.32,50,59.25,53.13,11.27,715.26,18.31,1.17,176.15,5.89,ROLLED_BACK,True
R031,H045,v2.32,50,75.0,92.92,8.99,685.16,8.15,1.03,155.78,10.44,SUCCESS,True
R031,H046,v2.32,10,47.41,76.7,8.74,569.01,27.12,1.35,108.02,6.99,SUCCESS,True
R031,H047,v2.32,10,37.87,70.53,5.06,577.3,20.09,1.81,118.73,7.58,ROLLED_BACK,True
R031,H048,v2.32,10,69.74,74.48,9.97,753.93,17.43,1.18,216.22,8.6,SUCCESS,True
R031,H049,v2.32,10,67.64,66.93,7.69,649.3,11.77,1.89,178.27,8.08,FAILED,True
R031,H050,v2.32,5,88.84,68.09,10.01,644.37,8.46,0.88,113.74,10.97,ROLLED_BACK,True
R032,H001,v2.33,5,37.17,45.96,0.69,130.45,64.62,1.96,120.78,0.61,SUCCESS,False
R032,H002,v2.33,25,50.46,44.37,1.1,286.47,90.73,1.99,134.85,2.95,SUCCESS,False
R032,H003,v2.33,50,40.03,58.73,1.59,226.3,67.88,1.87,162.83,1.46,SUCCESS,False
R032,H004,v2.33,100,67.05,61.76,2.21,269.05,61.01,1.58,182.32,0.52,SUCCESS,False
R032,H005,v2.33,10,56.48,66.69,1.23,285.03,89.52,1.04,210.69,1.88,SUCCESS,False
R032,H006,v2.33,5,41.63,62.71,1.05,285.23,55.23,1.27,172.26,1.93,SUCCESS,False
R032,H007,v2.33,25,55.53,66.64,0.53,275.96,96.58,1.13,232.84,1.61,SUCCESS,False
R032,H008,v2.33,25,44.46,46.89,2.73,173.65,54.14,1.01,152.7,2.31,SUCCESS,False
R032,H009,v2.33,50,52.72,44.28,0.69,169.62,85.95,1.18,216.27,1.06,SUCCESS,False
R032,H010,v2.33,5,51.57,62.02,2.38,250.41,58.21,1.6,224.98,0.89,SUCCESS,False
R032,H011,v2.33,100,40.13,60.17,0.65,209.2,99.91,1.15,208.94,2.25,SUCCESS,False
R032,H012,v2.33,25,63.58,49.29,0.93,221.17,89.85,1.4,107.95,1.22,SUCCESS,False
R032,H013,v2.33,5,41.26,50.35,2.19,237.25,70.78,1.71,127.92,2.13,SUCCESS,False
R032,H014,v2.33,10,47.38,46.86,1.07,148.86,76.54,1.38,128.92,2.73,SUCCESS,False
R032,H015,v2.33,5,45.51,48.74,1.71,238.24,76.74,1.75,187.6,1.11,SUCCESS,False
R032,H016,v2.33,50,63.94,41.84,2.07,195.29,58.52,1.21,245.94,0.81,SUCCESS,False
R032,H017,v2.33,25,67.56,49.86,1.84,103.72,92.24,1.4,130.44,2.88,SUCCESS,False
R032,H018,v2.33,5,61.66,52.5,1.45,112.73,52.14,1.25,168.44,0.66,SUCCESS,False
R032,H019,v2.33,25,66.34,62.11,1.67,167.34,98.89,1.53,138.28,2.05,SUCCESS,False
R032,H020,v2.33,5,49.07,46.65,0.51,180.36,51.21,1.33,149.3,0.76,SUCCESS,False
R032,H021,v2.33,10,33.45,51.37,2.25,125.3,88.38,0.92,174.04,0.63,SUCCESS,False
R032,H022,v2.33,10,83.85,54.71,2.23,242.24,70.68,1.16,158.93,1.44,SUCCESS,False
R032,H023,v2.33,50,53.57,55.84,0.9,110.5,99.17,1.54,234.8,1.95,SUCCESS,False
R032,H024,v2.33,25,39.99,45.37,1.43,178.91,88.1,0.97,207.22,0.75,SUCCESS,False
R032,H025,v2.33,5,100.0,58.55,1.8,164.92,54.65,1.98,206.5,2.06,SUCCESS,False
R032,H026,v2.33,5,48.84,62.43,2.44,133.51,76.24,1.34,197.14,0.89,SUCCESS,False
R032,H027,v2.33,5,50.48,68.43,,211.25,91.86,1.43,128.22,1.39,SUCCESS,False
R032,H028,v2.33,100,30.7,58.46,2.44,286.07,90.28,1.85,143.88,1.4,SUCCESS,False
R032,H029,v2.33,10,41.44,45.66,2.83,235.71,63.56,1.2,200.87,2.57,SUCCESS,False
R032,H030,v2.33,5,50.26,100.0,2.44,271.81,52.21,1.27,158.17,2.25,SUCCESS,False
R032,H031,v2.33,50,45.82,48.01,1.95,220.47,55.88,1.37,108.19,1.97,SUCCESS,False
R032,H032,v2.33,100,47.48,64.4,1.63,,58.97,1.65,205.47,2.05,SUCCESS,False
R032,H033,v2.33,10,57.79,62.16,0.93,220.76,99.12,0.59,241.97,1.82,SUCCESS,False
R032,H034,v2.33,5,41.36,62.37,2.07,283.48,60.86,0.52,203.54,1.29,SUCCESS,False
R032,H035,v2.33,5,57.09,58.17,2.46,206.13,85.49,1.15,148.13,0.76,SUCCESS,False
R032,H036,v2.33,10,47.18,60.63,1.39,215.93,53.16,0.83,230.72,2.33,SUCCESS,False
R032,H037,v2.33,100,41.94,61.27,2.34,259.48,85.79,1.93,140.37,1.12,SUCCESS,False
R032,H038,v2.33,5,47.48,65.14,1.84,155.91,74.1,1.36,246.71,0.91,SUCCESS,False
R032,H039,v2.33,25,47.76,62.9,1.76,204.42,84.47,1.41,119.2,0.99,IN_PROGRESS,False
R032,H040,v2.33,25,,64.44,2.54,210.0,88.16,0.91,193.58,2.67,SUCCESS,False
R032,H041,v2.33,5,41.63,63.19,2.39,233.74,97.41,0.73,180.07,2.32,SUCCESS,False
R032,H042,v2.33,50,43.8,55.26,2.99,248.98,60.65,0.79,227.02,2.6,SUCCESS,False
R032,H043,v2.33,25,56.87,45.71,1.48,113.95,89.7,1.45,213.56,1.01,SUCCESS,False
R032,H044,v2.33,5,42.22,52.44,1.75,105.36,61.67,1.92,202.58,0.87,SUCCESS,False
R032,H045,v2.33,25,40.59,60.63,2.02,200.66,63.91,0.69,213.36,0.65,IN_PROGRESS,False
R032,H046,v2.33,50,46.72,60.26,2.13,248.06,99.74,0.95,139.11,2.47,SUCCESS,False
R032,H047,v2.33,100,56.21,47.77,0.69,163.59,97.5,1.96,216.47,0.79,SUCCESS,False
R032,H048,v2.33,5,60.42,46.15,0.59,140.71,83.47,1.34,199.15,1.05,SUCCESS,False
R032,H049,v2.33,50,41.15,43.6,1.91,288.81,53.5,1.0,170.86,2.87,SUCCESS,False
R032,H050,v2.33,5,49.22,73.25,2.01,235.65,88.37,1.92,229.65,2.71,SUCCESS,False
R033,H001,v2.34,5,48.25,47.12,0.66,255.31,74.95,1.6,246.79,2.87,SUCCESS,False
R033,H002,v2.34,50,73.25,59.54,2.86,290.23,59.58,1.09,183.91,2.58,SUCCESS,False
R033,H003,v2.34,10,59.64,57.01,3.0,269.94,92.26,1.97,247.58,2.14,SUCCESS,False
R033,H004,v2.34,5,43.86,43.87,2.93,272.44,98.99,1.84,195.95,0.54,SUCCESS,False
R033,H005,v2.34,100,37.92,68.05,1.81,210.94,73.19,1.83,142.26,1.49,SUCCESS,False
R033,H006,v2.34,10,66.24,68.85,0.59,144.91,77.23,1.97,108.58,2.76,SUCCESS,False
R033,H007,v2.34,10,38.46,55.82,2.56,247.19,51.3,1.79,146.38,1.83,SUCCESS,False
R033,H008,v2.34,50,72.85,72.39,2.75,227.23,87.46,1.65,136.29,1.84,SUCCESS,False
R033,H009,v2.34,25,31.43,42.36,9.8,156.46,79.13,0.63,146.43,0.96,SUCCESS,False
R033,H010,v2.34,25,35.44,51.74,0.68,207.1,86.9,1.73,197.74,2.98,SUCCESS,False
R033,H011,v2.34,5,39.55,47.03,2.48,287.55,80.28,0.52,117.72,2.45,SUCCESS,False
R033,H012,v2.34,50,61.44,51.66,1.33,188.03,53.51,1.08,225.05,2.04,IN_PROGRESS,False
R033,H013,v2.34,50,52.31,47.61,1.39,192.85,70.24,1.8,178.34,1.32,SUCCESS,False
R033,H014,v2.34,50,59.43,51.39,0.57,146.04,81.99,0.91,139.65,2.76,SUCCESS,False
R033,H015,v2.34,50,54.87,59.81,2.53,203.68,66.3,0.88,163.08,2.78,SUCCESS,False
R033,H016,v2.34,50,59.75,44.59,0.6,221.92,68.44,0.62,226.55,2.29,SUCCESS,False
R033,H017,v2.34,10,48.53,58.75,0.51,256.34,56.43,0.88,141.84,2.25,IN_PROGRESS,False
R033,H018,v2.34,10,43.46,52.03,2.4,219.11,60.92,1.85,136.59,2.02,SUCCESS,False
R033,H019,v2.34,50,50.55,50.98,2.92,296.25,72.07,1.02,213.72,1.2,SUCCESS,False
R033,H020,v2.34,10,32.01,57.0,1.38,154.14,96.5,0.67,242.02,2.0,SUCCESS,False
R033,H021,v2.34,10,39.31,45.48,,126.79,96.79,0.88,247.51,2.4,SUCCESS,False
R033,H022,v2.34,25,44.18,38.96,1.92,236.77,73.49,0.91,101.02,0.65,SUCCESS,False
R033,H023,v2.34,5,54.96,46.49,2.62,162.51,86.52,0.56,139.81,1.94,SUCCESS,False
R033,H024,v2.34,50,57.12,49.16,1.71,251.99,97.63,1.74,112.98,1.03,SUCCESS,False
R033,H025,v2.34,5,61.91,44.67,1.11,244.24,89.52,1.04,198.94,1.4,SUCCESS,False
R033,H026,v2.34,10,52.94,67.2,1.53,226.71,73.33,1.15,166.72,2.63,SUCCESS,False
R033,H027,v2.34,10,26.44,51.8,1.27,223.66,66.17,1.08,185.65,1.76,SUCCESS,False
R033,H028,v2.34,5,52.77,58.11,0.69,266.53,62.66,0.89,135.87,0.59,IN_PROGRESS,False
R033,H029,v2.34,10,37.09,62.93,1.66,276.3,82.97,0.98,232.23,2.76,SUCCESS,False
R033,H030,v2.34,25,54.45,62.44,1.95,268.63,89.54,0.53,226.58,1.21,SUCCESS,False
R033,H031,v2.34,5,53.78,57.22,2.82,270.79,53.44,1.07,135.02,2.58,SUCCESS,False
R033,H032,v2.34,25,52.4,55.83,0.76,108.12,54.01,1.18,235.0,2.93,SUCCESS,False
R033,H033,v2.34,5,30.82,52.7,2.68,249.86,58.09,0.54,178.19,2.65,SUCCESS,False
R033,H034,v2.34,5,47.81,56.7,2.17,282.52,64.43,1.99,179.25,1.83,SUCCESS,False
R033,H035,v2.34,25,41.8,37.07,2.07,966.04,64.45,0.77,115.92,2.72,SUCCESS,False
R033,H036,v2.34,50,41.96,77.03,0.61,212.39,88.64,1.68,105.14,1.52,SUCCESS,False
R033,H037,v2.34,5,64.3,56.61,2.03,214.99,66.98,0.71,106.83,2.2,SUCCESS,False
R033,H038,v2.34,5,51.46,59.73,2.46,234.56,85.92,0.52,189.43,1.74,SUCCESS,False
R033,H039,v2.34,5,37.92,43.08,2.65,203.07,93.04,1.18,232.76,1.84,SUCCESS,False
R033,H040,v2.34,5,45.53,61.82,2.91,237.87,85.08,1.11,174.23,1.48,SUCCESS,False
R033,H041,v2.34,25,52.47,61.09,1.5,124.07,98.92,1.05,175.1,1.23,SUCCESS,False
R033,H042,v2.34,50,46.46,54.33,2.83,289.83,97.18,1.41,204.05,2.87,SUCCESS,False
R033,H043,v2.34,25,49.35,56.64,2.67,118.64,67.55,0.7,158.68,1.34,SUCCESS,False
R033,H044,v2.34,50,65.21,65.09,1.44,141.65,90.56,0.6,144.81,2.3,SUCCESS,False
R033,H045,v2.34,5,43.13,46.79,2.92,269.74,73.0,1.6,180.71,2.7,SUCCESS,False
R033,H046,v2.34,10,48.29,56.37,1.42,124.98,51.98,1.39,143.07,1.51,SUCCESS,False
R033,H047,v2.34,10,30.03,55.78,2.58,209.13,97.37,0.91,178.46,1.33,SUCCESS,False
R033,H048,v2.34,10,50.38,56.15,2.7,165.82,95.31,0.92,199.5,1.52,SUCCESS,False
R033,H049,v2.34,10,33.71,57.75,1.59,203.26,87.19,1.3,235.08,0.74,SUCCESS,False
R033,H050,v2.34,10,41.94,61.07,2.96,200.46,75.25,1.76,151.28,2.88,SUCCESS,False
R034,H001,v2.35,10,54.17,52.39,2.0,252.74,82.2,0.56,139.07,2.89,IN_PROGRESS,False
R034,H002,v2.35,10,32.41,59.06,2.36,201.17,78.84,1.21,234.3,0.91,IN_PROGRESS,False
R034,H003,v2.35,10,42.8,65.39,1.09,286.28,81.91,0.63,170.45,2.55,SUCCESS,False
R034,H004,v2.35,25,67.87,51.87,2.84,278.82,58.45,0.67,226.39,0.64,SUCCESS,False
R034,H005,v2.35,10,55.34,65.41,1.29,244.19,96.69,1.67,132.82,2.46,SUCCESS,False
R034,H006,v2.35,10,53.12,40.77,0.95,281.57,73.89,1.84,100.48,2.12,SUCCESS,False
R034,H007,v2.35,5,47.84,70.61,1.25,193.57,96.25,1.05,120.82,1.02,SUCCESS,False
R034,H008,v2.35,25,56.55,42.15,2.98,276.22,99.52,0.95,245.0,1.84,SUCCESS,False
R034,H009,v2.35,10,45.07,55.72,2.69,159.36,97.71,1.02,214.07,2.99,IN_PROGRESS,False
R034,H010,v2.35,10,45.37,55.9,2.92,283.73,75.77,0.84,138.95,1.45,SUCCESS,False
R034,H011,v2.35,5,71.29,56.17,1.91,113.89,50.68,1.17,164.34,1.99,SUCCESS,False
R034,H012,v2.35,100,63.19,60.18,1.75,276.42,96.11,0.88,147.18,0.6,SUCCESS,False
R034,H013,v2.35,50,48.48,57.0,1.11,262.84,61.1,1.51,126.39,0.76,SUCCESS,False
R034,H014,v2.35,10,41.65,70.38,0.78,241.95,86.84,1.57,229.09,2.98,SUCCESS,False
R034,H015,v2.35,25,39.62,61.21,1.31,284.39,70.26,1.58,183.72,2.72,SUCCESS,False
R034,H016,v2.35,25,47.18,48.67,0.89,115.06,90.77,1.38,195.07,2.1,SUCCESS,False
R034,H017,v2.35,25,44.66,50.26,1.22,295.07,89.74,0.91,248.95,2.97,SUCCESS,False
R034,H018,v2.35,25,58.95,51.65,0.87,289.19,96.32,1.92,147.48,1.77,SUCCESS,False
R034,H019,v2.35,25,39.21,61.67,2.77,158.81,55.11,1.26,245.07,1.43,SUCCESS,False
R034,H020,v2.35,100,51.98,56.03,0.7,265.04,83.46,1.71,121.16,1.87,SUCCESS,False
R034,H021,v2.35,50,53.02,52.39,1.28,190.82,88.63,0.55,168.29,1.57,SUCCESS,False
R034,H022,v2.35,5,54.15,46.93,1.5,265.11,59.82,1.33,242.06,0.68,SUCCESS,False
R034,H023,v2.35,5,52.08,69.62,1.06,269.25,69.8,1.92,151.16,2.55,SUCCESS,False
R034,H024,v2.35,10,50.37,43.91,1.01,252.64,85.35,1.77,132.61,1.1,SUCCESS,False
R034,H025,v2.35,50,50.34,51.63,1.04,211.58,78.79,1.64,157.97,1.67,SUCCESS,False
R034,H026,v2.35,50,32.2,53.1,1.45,219.7,81.82,0.98,165.72,1.95,SUCCESS,False
R034,H027,v2.35,5,49.44,54.25,0.55,149.08,53.06,0.88,106.32,2.14,SUCCESS,False
R034,H028,v2.35,10,49.0,63.68,8.68,234.25,60.0,1.89,149.45,0.99,SUCCESS,False
R034,H029,v2.35,25,53.02,34.36,2.74,191.57,98.09,0.81,210.85,2.07,SUCCESS,False
R034,H030,v2.35,5,44.27,48.25,2.04,127.52,89.92,1.61,209.0,0.59,SUCCESS,False
R034,H031,v2.35,10,42.06,50.58,1.47,292.98,66.8,0.91,159.67,1.17,SUCCESS,False
R034,H032,v2.35,10,50.38,43.92,1.62,243.17,74.89,1.71,117.25,0.63,SUCCESS,False
R034,H033,v2.35,5,44.66,49.98,1.56,217.34,69.13,1.14,221.7,1.04,SUCCESS,False
R034,H034,v2.35,10,43.53,59.6,0.88,169.54,96.6,0.99,229.63,1.53,SUCCESS,False
R034,H035,v2.35,50,62.36,55.55,1.14,281.47,71.94,1.55,206.26,2.09,IN_PROGRESS,False
R034,H036,v2.35,5,57.26,56.45,0.91,127.8,52.84,1.96,211.45,1.91,SUCCESS,False
R034,H037,v2.35,10,49.03,50.86,2.4,274.84,76.23,1.2,125.57,0.74,SUCCESS,False
R034,H038,v2.35,10,49.47,59.47,1.93,190.63,90.52,1.05,131.41,1.13,SUCCESS,False
R034,H039,v2.35,5,38.86,47.85,0.65,253.3,90.99,0.75,198.88,2.71,SUCCESS,False
R034,H040,v2.35,5,48.0,67.09,2.66,285.25,61.23,1.73,219.75,1.32,SUCCESS,False
R034,H041,v2.35,10,37.77,55.43,2.98,134.52,89.57,1.36,189.21,2.38,SUCCESS,False
R034,H042,v2.35,25,54.2,50.22,1.95,123.74,85.14,1.46,175.74,2.25,SUCCESS,False
R034,H043,v2.35,5,56.52,60.46,2.45,172.2,50.64,1.22,235.97,2.71,SUCCESS,False
R034,H044,v2.35,10,61.28,48.46,2.29,156.14,64.38,1.38,178.04,1.31,SUCCESS,False
R034,H045,v2.35,5,51.19,52.36,0.61,257.29,74.34,0.66,223.8,2.78,SUCCESS,False
R034,H046,v2.35,50,48.93,57.53,2.93,216.63,82.89,0.81,174.93,1.65,SUCCESS,False
R034,H047,v2.35,25,44.08,49.14,2.77,102.71,57.93,1.93,193.75,1.87,SUCCESS,False
R034,H048,v2.35,50,59.12,54.15,2.22,112.35,78.32,1.0,151.82,0.6,SUCCESS,False
R034,H049,v2.35,25,47.09,52.48,1.2,141.37,50.93,1.4,184.75,2.93,SUCCESS,False
R034,H050,v2.35,50,45.75,49.69,1.54,272.52,95.76,1.51,249.75,1.21,SUCCESS,False
R035,H001,v2.36,50,87.84,77.4,10.02,512.67,0.39,0.66,216.1,9.02,SUCCESS,True
R035,H002,v2.36,5,58.12,85.03,8.02,749.23,7.39,1.93,178.46,11.86,ROLLED_BACK,True
R035,H003,v2.36,25,70.35,67.4,6.7,628.84,22.78,1.94,233.87,10.62,FAILED,True
R035,H004,v2.36,5,70.3,60.63,5.5,485.08,28.54,1.61,122.13,6.05,SUCCESS,True
R035,H005,v2.36,50,78.19,85.15,11.42,634.18,12.48,1.4,227.46,9.99,ROLLED_BACK,True
R035,H006,v2.36,25,76.5,52.0,6.63,557.62,5.74,1.85,218.96,8.76,SUCCESS,True
R035,H007,v2.36,10,82.73,71.57,8.48,740.06,5.26,0.83,176.1,6.73,FAILED,True
R035,H008,v2.36,10,75.88,74.8,11.03,418.04,5.44,1.62,236.15,9.01,ROLLED_BACK,True
R035,H009,v2.36,25,80.26,59.65,11.68,694.29,22.65,1.91,227.09,9.82,SUCCESS,True
R035,H010,v2.36,10,56.16,69.23,6.39,735.43,3.38,1.83,102.85,9.88,SUCCESS,True
R035,H011,v2.36,50,67.89,65.14,5.67,457.39,3.27,1.05,214.29,11.18,SUCCESS,True
R035,H012,v2.36,5,84.7,96.55,6.46,657.26,23.95,1.96,122.07,9.32,ROLLED_BACK,True
R035,H013,v2.36,25,100.0,76.45,11.92,635.08,17.64,1.59,153.43,6.57,FAILED,True
R035,H014,v2.36,50,66.35,83.56,7.6,732.46,29.14,1.0,176.14,10.39,ROLLED_BACK,True
R035,H015,v2.36,5,78.27,73.78,6.84,669.27,2.8,1.56,133.01,6.25,SUCCESS,True
R035,H016,v2.36,10,83.14,74.18,7.78,573.68,23.37,1.56,115.42,10.17,FAILED,True
R035,H017,v2.36,100,87.85,73.68,6.55,716.66,24.46,1.93,227.82,6.3,FAILED,True
R035,H018,v2.36,25,76.56,85.68,7.95,613.71,20.85,1.48,142.53,9.92,SUCCESS,True
R035,H019,v2.36,100,78.63,54.14,11.09,,8.84,1.62,158.56,9.97,SUCCESS,True
R035,H020,v2.36,5,80.03,71.3,9.0,653.45,24.86,1.22,114.33,6.31,ROLLED_BACK,True
R035,H021,v2.36,50,71.36,69.77,5.47,403.47,26.41,1.6,210.11,6.11,SUCCESS,True
R035,H022,v2.36,5,100.0,77.22,9.69,658.77,22.75,1.25,132.86,6.53,SUCCESS,True
R035,H023,v2.36,50,84.05,54.41,6.96,794.58,27.85,0.66,212.53,11.34,SUCCESS,True
R035,H024,v2.36,25,72.34,78.95,6.63,441.77,16.07,0.83,206.8,6.87,FAILED,True
R035,H025,v2.36,10,80.33,64.44,5.81,692.39,29.94,0.93,176.55,6.24,FAILED,True
R035,H026,v2.36,5,70.81,65.58,5.76,640.45,25.79,1.65,157.11,5.36,FAILED,True
R035,H027,v2.36,10,80.34,74.68,11.17,472.56,28.1,1.59,160.23,10.06,SUCCESS,True
R035,H028,v2.36,25,86.27,68.07,6.64,574.24,22.98,1.41,247.7,11.83,SUCCESS,True
R035,H029,v2.36,5,98.11,71.94,7.79,410.46,27.06,1.58,185.51,8.09,ROLLED_BACK,True
R035,H030,v2.36,25,77.96,74.88,9.03,540.43,5.4,1.61,144.14,9.39,SUCCESS,True
R035,H031,v2.36,10,75.49,94.51,8.33,676.62,29.44,1.32,234.95,6.37,FAILED,True
R035,H032,v2.36,5,89.72,67.13,10.66,501.17,15.85,1.45,104.23,8.78,SUCCESS,True
R035,H033,v2.36,5,70.26,100.0,10.65,445.47,11.61,1.87,179.28,10.37,SUCCESS,True
R035,H034,v2.36,100,58.38,94.4,8.26,754.72,3.11,1.55,162.1,6.13,SUCCESS,True
R035,H035,v2.36,5,73.37,100.0,9.26,627.52,17.85,0.52,134.08,5.68,ROLLED_BACK,True
R035,H036,v2.36,50,56.12,73.29,11.92,504.2,20.43,1.68,146.56,7.91,ROLLED_BACK,True
R035,H037,v2.36,25,79.24,95.67,10.79,488.88,23.8,1.43,110.5,6.37,FAILED,True
R035,H038,v2.36,5,74.74,82.47,5.78,515.83,25.41,0.92,139.01,11.1,ROLLED_BACK,True
R035,H039,v2.36,5,81.14,61.43,11.33,453.37,10.36,0.77,103.29,11.43,SUCCESS,True
R035,H040,v2.36,5,68.94,85.29,10.35,655.07,12.74,1.55,213.73,11.71,ROLLED_BACK,True
R035,H041,v2.36,5,74.22,73.41,11.69,570.44,15.4,1.25,179.25,6.31,SUCCESS,True
R035,H042,v2.36,10,37.15,79.99,6.67,578.93,6.32,1.64,120.36,11.65,SUCCESS,True
R035,H043,v2.36,100,50.15,63.75,5.33,604.26,25.27,1.36,136.52,5.88,SUCCESS,True
R035,H044,v2.36,100,82.51,81.67,5.63,471.81,6.4,0.65,241.72,11.83,SUCCESS,True
R035,H045,v2.36,10,74.67,59.47,9.31,556.6,6.54,1.88,150.15,7.42,SUCCESS,True
R035,H046,v2.36,5,72.68,81.79,5.42,567.2,17.81,0.71,155.86,9.68,SUCCESS,True
R035,H047,v2.36,5,78.44,75.99,7.95,705.98,26.69,0.74,182.08,5.82,FAILED,True
R035,H048,v2.36,5,72.46,72.48,5.68,650.16,7.98,1.55,117.56,7.95,SUCCESS,True
R035,H049,v2.36,10,95.04,75.92,8.44,520.83,28.4,1.35,138.58,9.07,ROLLED_BACK,True
R035,H050,v2.36,5,60.73,95.56,8.28,581.82,2.61,1.76,127.2,11.3,FAILED,True
R036,H001,v2.37,10,29.11,55.35,0.58,186.61,84.5,1.94,168.77,2.14,SUCCESS,False
R036,H002,v2.37,10,54.29,67.0,2.25,183.56,77.31,1.94,142.67,1.2,SUCCESS,False
R036,H003,v2.37,10,51.08,55.1,2.88,154.34,69.52,1.77,171.1,2.67,SUCCESS,False
R036,H004,v2.37,100,44.87,64.46,2.15,197.63,88.06,0.69,215.69,1.07,SUCCESS,False
R036,H005,v2.37,25,38.96,57.69,2.75,193.02,56.33,1.19,166.51,1.42,SUCCESS,False
R036,H006,v2.37,25,47.74,58.8,1.95,288.04,53.12,0.62,196.52,2.3,SUCCESS,False
R036,H007,v2.37,25,40.88,53.58,1.38,132.38,90.96,1.93,102.96,1.32,SUCCESS,False
R036,H008,v2.37,100,44.39,42.61,2.69,257.24,90.01,0.88,240.34,2.64,SUCCESS,False
R036,H009,v2.37,10,49.61,74.68,2.28,221.77,59.5,0.73,147.37,2.96,SUCCESS,False
R036,H010,v2.37,10,64.26,58.56,1.66,140.78,77.96,0.7,222.24,0.56,SUCCESS,False
R036,H011,v2.37,10,36.61,46.81,2.67,182.01,50.51,0.91,119.79,0.81,SUCCESS,False
R036,H012,v2.37,5,45.41,56.78,1.89,155.22,82.41,1.06,188.48,2.04,IN_PROGRESS,False
R036,H013,v2.37,5,46.95,53.8,2.91,224.85,55.84,0.93,106.91,0.93,SUCCESS,False
R036,H014,v2.37,10,63.92,55.77,0.51,139.48,85.27,1.87,185.21,1.74,SUCCESS,False
R036,H015,v2.37,10,59.67,51.56,2.28,280.86,96.56,1.68,233.71,1.13,SUCCESS,False
R036,H016,v2.37,5,36.42,50.55,1.04,179.9,72.12,0.62,158.43,1.53,SUCCESS,False
R036,H017,v2.37,10,36.1,37.36,2.89,195.14,65.15,1.64,108.46,2.37,SUCCESS,False
R036,H018,v2.37,10,56.26,47.62,1.94,601.24,68.37,1.89,108.02,1.22,SUCCESS,False
R036,H019,v2.37,10,31.77,46.3,0.96,278.9,81.79,1.29,117.61,0.87,SUCCESS,False
R036,H020,v2.37,5,52.16,58.49,,117.01,91.06,1.73,141.48,1.96,SUCCESS,False
R036,H021,v2.37,10,50.42,47.81,0.62,157.73,76.71,2.0,187.01,1.61,IN_PROGRESS,False
R036,H022,v2.37,10,55.18,57.74,2.16,165.54,94.18,1.73,135.66,2.81,SUCCESS,False
R036,H023,v2.37,10,46.45,68.62,1.28,271.18,90.66,0.88,177.25,1.92,SUCCESS,False
R036,H024,v2.37,10,52.52,59.46,2.34,165.06,82.31,0.52,138.24,2.25,SUCCESS,False
R036,H025,v2.37,10,36.67,60.1,2.51,178.83,82.32,1.05,113.76,1.65,SUCCESS,False
R036,H026,v2.37,25,63.29,52.83,1.26,166.25,64.18,0.51,162.34,0.68,SUCCESS,False
R036,H027,v2.37,5,41.97,40.49,2.78,200.28,69.5,1.07,211.56,1.17,SUCCESS,False
R036,H028,v2.37,10,32.51,63.99,2.4,112.12,58.58,1.47,142.5,2.79,SUCCESS,False
R036,H029,v2.37,5,43.57,56.41,1.45,190.14,76.26,1.86,140.99,2.0,SUCCESS,False
R036,H030,v2.37,5,26.14,34.52,1.28,286.09,64.42,1.57,111.18,1.21,SUCCESS,False
R036,H031,v2.37,25,47.91,61.12,0.99,221.29,56.54,1.61,222.01,2.35,SUCCESS,False
R036,H032,v2.37,50,46.36,51.53,1.22,263.0,70.31,0.79,136.28,2.79,SUCCESS,False
R036,H033,v2.37,25,50.38,68.29,2.76,215.23,83.29,1.95,102.17,1.62,SUCCESS,False
R036,H034,v2.37,10,50.25,56.3,2.23,235.59,97.21,0.82,164.43,2.55,SUCCESS,False
R036,H035,v2.37,10,57.58,68.46,1.0,293.93,78.3,1.0,148.67,1.57,SUCCESS,False
R036,H036,v2.37,50,57.47,43.29,1.04,254.44,94.52,0.67,185.35,1.07,SUCCESS,False
R036,H037,v2.37,25,51.87,46.31,0.87,155.52,50.78,0.64,112.14,2.12,SUCCESS,False
R036,H038,v2.37,10,49.42,64.57,2.17,262.42,53.07,0.57,187.91,1.95,SUCCESS,False
R036,H039,v2.37,25,43.57,61.66,1.35,283.4,82.76,1.99,194.32,2.39,SUCCESS,False
R036,H040,v2.37,5,53.13,51.37,0.92,150.58,87.11,1.56,159.05,2.46,SUCCESS,False
R036,H041,v2.37,100,46.13,48.62,0.98,224.37,64.75,1.61,158.88,1.39,SUCCESS,False
R036,H042,v2.37,5,45.08,51.7,0.98,120.6,79.67,1.57,193.77,1.91,SUCCESS,False
R036,H043,v2.37,100,68.87,46.5,1.7,244.14,65.48,1.3,186.04,2.85,SUCCESS,False
R036,H044,v2.37,50,49.87,55.71,1.85,261.59,93.64,1.14,118.06,2.9,SUCCESS,False
R036,H045,v2.37,10,73.88,52.74,1.22,258.57,84.74,1.92,209.04,2.01,SUCCESS,False
R036,H046,v2.37,100,51.89,58.98,1.09,252.04,72.02,1.92,222.66,1.31,SUCCESS,False
R036,H047,v2.37,5,52.72,66.82,0.95,186.15,84.29,0.66,202.57,2.4,SUCCESS,False
R036,H048,v2.37,5,40.77,42.82,1.73,103.28,62.89,1.19,149.09,0.71,SUCCESS,False
R036,H049,v2.37,25,31.47,52.03,2.07,238.42,51.41,1.1,230.6,1.5,SUCCESS,False
R036,H050,v2.37,25,54.92,,1.75,259.47,94.44,0.78,134.34,0.65,IN_PROGRESS,False
R037,H001,v2.38,25,42.45,70.17,0.65,194.44,92.73,0.82,103.99,1.79,SUCCESS,False
R037,H002,v2.38,10,50.11,57.84,2.35,236.59,60.79,0.67,168.53,2.62,SUCCESS,False
R037,H003,v2.38,10,55.02,41.35,1.51,197.99,63.97,1.96,217.12,1.39,SUCCESS,False
R037,H004,v2.38,5,58.88,53.71,1.64,139.41,73.65,1.73,138.22,0.9,SUCCESS,False
R037,H005,v2.38,50,57.3,53.57,0.69,243.05,99.85,1.62,234.32,2.34,SUCCESS,False
R037,H006,v2.38,10,52.62,43.08,2.77,282.55,53.99,0.79,137.28,0.64,SUCCESS,False
R037,H007,v2.38,10,29.78,59.35,2.27,265.3,54.28,1.38,186.72,1.37,SUCCESS,False
R037,H008,v2.38,5,37.51,56.65,0.5,273.84,54.95,1.19,133.15,2.18,SUCCESS,False
R037,H009,v2.38,10,33.5,47.14,2.43,283.29,89.89,1.83,136.77,2.62,IN_PROGRESS,False
R037,H010,v2.38,100,53.39,,2.71,268.39,76.87,0.51,195.11,2.86,SUCCESS,False
R037,H011,v2.38,100,49.99,51.51,2.44,162.78,96.6,1.75,116.32,2.25,SUCCESS,False
R037,H012,v2.38,10,67.99,48.62,1.58,164.84,60.15,1.11,153.0,2.36,SUCCESS,False
R037,H013,v2.38,5,40.76,71.93,0.74,118.36,72.59,0.79,200.55,2.44,SUCCESS,False
R037,H014,v2.38,100,48.33,50.82,0.87,137.57,80.53,0.75,181.45,2.84,SUCCESS,False
R037,H015,v2.38,5,45.79,40.48,1.84,298.44,77.76,1.2,184.61,0.75,SUCCESS,False
R037,H016,v2.38,5,36.09,53.79,0.91,141.14,61.89,0.66,126.8,1.73,SUCCESS,False
R037,H017,v2.38,5,31.89,62.3,0.76,136.73,90.32,1.21,110.25,1.36,SUCCESS,False
R037,H018,v2.38,25,42.19,50.27,1.29,107.42,99.42,0.64,142.67,2.13,SUCCESS,False
R037,H019,v2.38,25,37.5,59.82,1.54,168.88,65.66,1.77,193.28,0.53,SUCCESS,False
R037,H020,v2.38,5,49.81,60.62,0.79,197.08,94.16,0.73,230.42,0.77,SUCCESS,False
R037,H021,v2.38,25,55.87,55.48,2.99,213.48,58.15,1.93,247.07,0.93,SUCCESS,False
R037,H022,v2.38,10,39.92,49.3,2.18,282.95,63.62,1.59,228.71,1.37,SUCCESS,False
R037,H023,v2.38,25,59.76,79.48,1.18,265.43,68.03,0.92,192.24,0.97,SUCCESS,False
R037,H024,v2.38,10,39.98,61.67,2.56,154.47,65.82,1.37,147.5,2.98,SUCCESS,False
R037,H025,v2.38,5,39.18,50.39,2.9,148.95,97.19,1.78,146.31,1.12,IN_PROGRESS,False
R037,H026,v2.38,5,42.52,62.91,0.73,141.29,98.24,0.63,223.05,2.43,SUCCESS,False
R037,H027,v2.38,25,53.13,53.64,1.22,179.69,71.91,0.63,187.79,2.6,SUCCESS,False
R037,H028,v2.38,10,67.47,46.35,0.7,168.99,51.53,0.7,157.46,2.85,SUCCESS,False
R037,H029,v2.38,5,47.71,52.54,2.05,183.88,97.58,1.87,214.6,1.76,SUCCESS,False
R037,H030,v2.38,5,42.63,100.0,1.89,220.34,92.74,1.62,178.03,2.92,SUCCESS,False
R037,H031,v2.38,25,44.41,44.62,2.41,242.74,50.31,0.69,141.55,2.16,SUCCESS,False
R037,H032,v2.38,5,57.86,60.47,1.94,117.94,98.28,1.12,111.28,2.73,SUCCESS,False
R037,H033,v2.38,10,24.83,57.49,2.82,248.78,79.28,0.98,171.78,1.1,SUCCESS,False
R037,H034,v2.38,100,50.51,46.53,1.87,166.88,53.43,1.35,132.55,2.08,SUCCESS,False
R037,H035,v2.38,50,35.05,42.01,2.41,199.89,75.26,0.71,201.09,2.31,SUCCESS,False
R037,H036,v2.38,25,61.79,100.0,0.72,171.76,91.76,1.68,242.36,1.53,SUCCESS,False
R037,H037,v2.38,50,50.76,47.81,1.75,169.43,91.9,0.84,139.87,0.92,SUCCESS,False
R037,H038,v2.38,5,49.8,52.49,2.33,191.51,84.5,1.8,114.41,0.63,SUCCESS,False
R037,H039,v2.38,50,32.19,58.06,1.13,100.95,74.26,1.22,180.45,1.49,SUCCESS,False
R037,H040,v2.38,5,63.08,62.67,2.82,167.37,86.3,1.05,107.25,1.14,SUCCESS,False
R037,H041,v2.38,25,53.32,48.4,2.0,109.77,69.75,0.6,172.06,1.3,SUCCESS,False
R037,H042,v2.38,50,49.0,67.62,2.86,178.69,53.5,1.04,148.51,2.27,IN_PROGRESS,False
R037,H043,v2.38,5,36.54,51.19,1.26,299.5,96.11,1.92,200.95,2.15,SUCCESS,False
R037,H044,v2.38,10,49.97,58.19,2.53,233.36,73.71,1.28,164.1,1.7,SUCCESS,False
R037,H045,v2.38,100,51.76,42.5,1.36,122.9,68.27,0.83,238.85,0.63,SUCCESS,False
R037,H046,v2.38,5,45.17,59.02,0.7,245.9,86.71,0.73,186.59,0.52,SUCCESS,False
R037,H047,v2.38,5,52.75,44.5,0.63,260.2,84.96,1.7,119.88,1.6,SUCCESS,False
R037,H048,v2.38,50,31.6,68.3,0.64,289.45,50.93,0.95,239.97,2.88,SUCCESS,False
R037,H049,v2.38,5,54.79,44.52,1.75,159.7,95.07,1.97,227.09,2.71,SUCCESS,False
R037,H050,v2.38,10,60.12,54.2,1.24,212.13,79.8,0.7,171.0,2.36,IN_PROGRESS,False
R038,H001,v2.39,25,70.01,71.57,9.28,489.48,29.17,1.31,248.42,9.47,ROLLED_BACK,True
R038,H002,v2.39,25,82.45,89.85,5.78,716.06,0.6,1.38,199.34,5.56,FAILED,True
R038,H003,v2.39,10,58.77,80.33,9.81,717.76,26.27,0.52,149.65,8.18,ROLLED_BACK,True
R038,H004,v2.39,10,83.18,66.74,8.84,438.41,2.0,1.22,206.58,8.9,SUCCESS,True
R038,H005,v2.39,10,81.28,67.95,10.76,742.35,16.73,0.92,181.41,5.75,FAILED,True
R038,H006,v2.39,50,75.49,65.07,7.76,607.42,17.06,1.7,167.3,8.08,FAILED,True
R038,H007,v2.39,5,80.64,74.52,9.49,461.85,1.94,1.1,110.68,6.88,SUCCESS,True
R038,H008,v2.39,5,89.27,77.02,6.28,739.19,7.99,0.72,198.41,9.05,SUCCESS,True
R038,H009,v2.39,5,46.46,71.64,8.59,754.99,0.61,1.76,118.23,11.92,SUCCESS,True
R038,H010,v2.39,25,82.2,73.92,11.78,774.05,23.69,1.99,197.02,7.88,FAILED,True
R038,H011,v2.39,25,74.49,62.85,8.35,759.49,22.16,1.84,229.39,5.01,FAILED,True
R038,H012,v2.39,25,68.75,85.13,9.94,679.93,14.1,1.96,211.59,11.96,FAILED,True
R038,H013,v2.39,5,65.91,64.01,9.92,695.31,29.9,1.76,225.99,9.6,ROLLED_BACK,True
R038,H014,v2.39,25,55.92,60.49,5.72,726.46,18.91,1.73,171.3,10.38,SUCCESS,True
R038,H015,v2.39,5,90.73,62.06,11.25,554.01,4.04,1.15,133.89,9.84,SUCCESS,True
R038,H016,v2.39,5,70.21,76.62,5.49,747.85,13.89,0.7,179.97,8.19,ROLLED_BACK,True
R038,H017,v2.39,100,88.24,76.04,7.13,719.22,25.21,0.86,177.11,11.8,ROLLED_BACK,True
R038,H018,v2.39,5,65.4,73.84,9.36,420.75,11.81,1.57,209.78,7.68,ROLLED_BACK,True
R038,H019,v2.39,5,88.99,79.84,10.33,704.4,21.82,1.29,180.5,8.03,SUCCESS,True
R038,H020,v2.39,50,68.37,89.37,7.32,790.06,11.36,0.98,237.09,9.99,FAILED,True
R038,H021,v2.39,25,79.75,76.94,11.01,518.01,2.12,1.31,198.22,11.53,SUCCESS,True
R038,H022,v2.39,10,74.48,78.33,11.65,553.25,13.51,1.69,129.21,9.21,FAILED,True
R038,H023,v2.39,5,76.55,71.32,10.43,485.24,6.05,1.4,244.4,6.91,SUCCESS,True
R038,H024,v2.39,10,78.73,88.75,7.28,564.39,17.46,1.71,220.14,7.22,ROLLED_BACK,True
R038,H025,v2.39,25,82.22,71.57,5.56,642.18,27.65,1.77,138.0,11.02,SUCCESS,True
R038,H026,v2.39,25,100.0,82.21,7.9,459.07,7.41,1.45,249.97,7.12,FAILED,True
R038,H027,v2.39,10,76.07,73.59,8.17,555.59,7.99,0.83,127.77,9.83,SUCCESS,True
R038,H028,v2.39,5,64.58,86.75,6.36,492.25,6.14,0.98,171.18,11.24,ROLLED_BACK,True
R038,H029,v2.39,10,96.42,100.0,7.88,419.44,27.99,0.77,182.35,9.39,ROLLED_BACK,True
R038,H030,v2.39,100,70.69,71.91,8.17,408.77,29.65,1.31,136.37,8.12,FAILED,True
R038,H031,v2.39,10,72.95,61.81,9.12,605.62,6.94,0.93,234.11,10.81,SUCCESS,True
R038,H032,v2.39,10,75.95,78.11,11.0,606.75,0.43,0.54,213.01,6.62,FAILED,True
R038,H033,v2.39,25,54.72,69.23,8.34,749.15,29.34,1.98,176.55,5.3,ROLLED_BACK,True
R038,H034,v2.39,5,66.69,74.61,10.03,548.77,16.35,0.91,107.52,6.4,ROLLED_BACK,True
R038,H035,v2.39,50,80.01,71.56,7.11,776.4,27.81,1.61,233.76,6.97,ROLLED_BACK,True
R038,H036,v2.39,5,74.94,77.25,8.85,677.77,23.5,0.83,166.63,11.78,SUCCESS,True
R038,H037,v2.39,25,71.06,82.36,8.97,559.03,10.89,0.77,138.61,5.52,SUCCESS,True
R038,H038,v2.39,10,70.04,88.21,10.75,603.47,9.09,1.67,213.84,6.94,SUCCESS,True
R038,H039,v2.39,5,88.81,77.93,6.28,760.67,2.01,1.83,239.65,8.54,SUCCESS,True
R038,H040,v2.39,10,65.81,67.24,9.81,743.74,26.27,0.59,135.4,7.71,SUCCESS,True
R038,H041,v2.39,25,84.36,64.8,7.43,582.35,20.59,1.05,200.93,8.9,SUCCESS,True
R038,H042,v2.39,5,60.56,73.33,8.73,465.91,12.26,1.96,199.72,8.01,FAILED,True
R038,H043,v2.39,10,57.26,84.66,7.7,522.31,9.98,1.17,215.85,9.16,FAILED,True
R038,H044,v2.39,10,92.14,100.0,10.28,475.67,10.29,0.83,158.55,11.63,SUCCESS,True
R038,H045,v2.39,10,81.12,81.08,9.69,704.01,12.93,1.62,232.56,11.86,SUCCESS,True
R038,H046,v2.39,5,86.33,80.44,7.94,760.06,25.2,1.38,146.44,5.56,FAILED,True
R038,H047,v2.39,10,86.16,57.9,5.97,587.51,4.77,1.72,224.75,11.99,ROLLED_BACK,True
R038,H048,v2.39,5,85.26,88.34,6.25,716.46,4.05,0.82,102.53,7.09,SUCCESS,True
R038,H049,v2.39,10,95.39,70.67,8.98,536.34,20.5,1.78,218.88,10.08,FAILED,True
R038,H050,v2.39,10,71.06,82.98,5.88,640.01,24.46,1.8,124.35,7.63,SUCCESS,True
R039,H001,v2.40,10,77.54,75.34,9.84,772.61,1.84,1.41,198.54,5.83,SUCCESS,True
R039,H002,v2.40,10,70.95,67.02,6.79,470.73,16.6,1.36,211.78,8.81,SUCCESS,True
R039,H003,v2.40,5,49.16,77.87,6.78,497.34,24.52,1.09,233.52,5.7,SUCCESS,True
R039,H004,v2.40,50,52.49,90.2,6.98,510.08,29.22,0.56,146.25,10.58,SUCCESS,True
R039,H005,v2.40,50,81.8,77.75,11.2,715.33,9.24,1.33,217.54,8.33,SUCCESS,True
R039,H006,v2.40,5,58.75,81.25,8.04,484.08,14.64,1.48,168.49,11.13,SUCCESS,True
R039,H007,v2.40,5,86.5,62.17,6.93,728.11,29.65,1.98,180.06,7.16,FAILED,True
R039,H008,v2.40,10,68.61,63.67,6.84,645.35,9.27,1.61,198.26,7.41,SUCCESS,True
R039,H009,v2.40,100,51.73,63.65,6.62,654.3,14.03,0.73,237.0,9.8,SUCCESS,True
R039,H010,v2.40,10,68.5,72.72,8.19,727.35,17.46,1.42,167.54,5.12,ROLLED_BACK,True
R039,H011,v2.40,50,58.18,59.1,11.12,647.38,16.03,0.88,128.8,7.84,ROLLED_BACK,True
R039,H012,v2.40,100,72.06,63.98,5.35,661.96,1.74,1.94,126.57,5.54,SUCCESS,True
R039,H013,v2.40,10,58.13,59.64,6.36,604.89,8.12,2.0,179.8,8.07,SUCCESS,True
R039,H014,v2.40,5,66.36,75.71,9.85,424.72,22.5,0.73,242.15,10.17,FAILED,True
R039,H015,v2.40,25,75.05,81.97,11.77,435.57,1.87,0.71,150.93,8.34,FAILED,True
R039,H016,v2.40,5,73.84,70.72,11.86,444.14,22.53,1.62,124.59,5.71,SUCCESS,True
R039,H017,v2.40,10,83.96,82.67,8.61,771.35,7.21,0.9,167.73,6.85,FAILED,True
R039,H018,v2.40,25,77.75,88.52,5.01,654.55,7.47,1.06,212.12,10.24,SUCCESS,True
R039,H019,v2.40,5,76.57,80.41,7.12,655.43,17.91,0.82,183.82,9.37,SUCCESS,True
R039,H020,v2.40,5,78.37,74.09,5.67,692.98,8.21,1.31,248.39,5.8,FAILED,True
R039,H021,v2.40,25,56.93,72.38,6.13,560.0,1.28,1.39,236.85,9.99,SUCCESS,True
R039,H022,v2.40,5,66.05,86.61,9.05,439.25,10.11,0.75,188.92,11.55,ROLLED_BACK,True
R039,H023,v2.40,5,77.02,77.3,11.81,643.35,15.57,1.32,113.03,8.66,SUCCESS,True
R039,H024,v2.40,100,75.7,86.29,7.43,655.83,2.44,1.39,228.57,8.12,SUCCESS,True
R039,H025,v2.40,25,95.67,80.79,8.01,436.54,12.97,1.76,197.31,11.74,FAILED,True
R039,H026,v2.40,100,100.0,69.15,5.75,624.16,16.35,1.69,122.36,5.52,FAILED,True
R039,H027,v2.40,5,61.23,78.69,11.0,772.39,28.22,1.83,185.99,10.42,SUCCESS,True
R039,H028,v2.40,5,69.86,62.17,6.17,477.61,28.85,1.5,202.62,7.74,FAILED,True
R039,H029,v2.40,25,57.75,70.19,7.71,611.16,22.85,1.18,170.25,8.7,SUCCESS,True
R039,H030,v2.40,100,80.68,86.02,9.58,433.86,3.21,1.08,235.18,11.65,FAILED,True
R039,H031,v2.40,25,75.38,76.65,6.12,476.0,1.51,1.86,168.64,10.01,SUCCESS,True
R039,H032,v2.40,25,66.42,61.62,5.49,633.74,1.86,1.19,124.52,9.25,SUCCESS,True
R039,H033,v2.40,25,69.17,79.28,9.33,602.24,21.83,1.02,162.46,7.14,FAILED,True
R039,H034,v2.40,50,57.22,76.57,5.66,612.79,12.37,1.96,194.4,10.23,FAILED,True
R039,H035,v2.40,5,65.06,78.15,5.65,664.01,12.91,1.07,152.47,8.82,SUCCESS,True
R039,H036,v2.40,50,61.14,82.6,7.21,478.35,19.46,1.55,108.99,10.43,FAILED,True
R039,H037,v2.40,10,66.94,84.21,10.39,576.07,13.67,1.45,195.49,9.69,ROLLED_BACK,True
R039,H038,v2.40,25,69.43,79.05,6.31,791.37,7.51,0.76,109.9,10.02,FAILED,True
R039,H039,v2.40,25,70.44,76.16,5.48,685.41,17.39,1.75,131.73,5.17,FAILED,True
R039,H040,v2.40,25,57.51,79.23,5.11,677.87,25.74,1.89,207.58,6.62,SUCCESS,True
R039,H041,v2.40,50,81.61,83.68,9.64,441.5,0.17,1.46,240.76,6.9,SUCCESS,True
R039,H042,v2.40,100,83.61,69.36,10.62,778.18,29.29,1.71,110.74,11.98,SUCCESS,True
R039,H043,v2.40,5,67.0,83.74,8.56,625.61,8.0,1.71,180.09,11.6,ROLLED_BACK,True
R039,H044,v2.40,50,78.68,72.4,10.08,485.28,13.43,1.41,136.61,9.31,SUCCESS,True
R039,H045,v2.40,5,73.61,69.62,6.8,412.26,4.17,1.2,188.52,5.88,SUCCESS,True
R039,H046,v2.40,5,68.53,100.0,6.12,561.65,0.89,0.65,144.69,8.89,FAILED,True
R039,H047,v2.40,5,86.36,80.96,9.91,484.13,17.0,1.85,204.45,6.93,SUCCESS,True
R039,H048,v2.40,50,100.0,95.13,10.53,550.29,28.37,1.15,106.01,11.97,SUCCESS,True
R039,H049,v2.40,10,75.98,81.08,6.27,655.9,19.05,1.37,226.28,5.53,FAILED,True
R039,H050,v2.40,25,74.29,91.86,9.2,456.91,18.13,1.01,137.36,10.69,ROLLED_BACK,True
R040,H001,v2.41,100,41.72,62.34,2.07,104.92,97.58,1.46,150.02,2.07,SUCCESS,False
R040,H002,v2.41,25,60.5,57.27,1.46,242.06,62.88,1.55,127.71,2.19,IN_PROGRESS,False
R040,H003,v2.41,5,64.27,61.21,2.48,188.2,99.32,1.21,209.52,1.8,IN_PROGRESS,False
R040,H004,v2.41,5,37.32,52.99,2.4,283.03,79.82,0.73,215.26,2.83,SUCCESS,False
R040,H005,v2.41,100,58.99,53.37,0.66,206.24,83.11,1.83,212.77,0.84,SUCCESS,False
R040,H006,v2.41,25,48.38,50.09,1.42,194.06,99.62,0.78,157.4,1.9,SUCCESS,False
R040,H007,v2.41,50,58.87,51.1,2.44,207.21,82.59,1.84,163.6,0.79,SUCCESS,False
R040,H008,v2.41,10,48.25,47.19,1.03,158.71,61.78,1.19,150.87,1.68,SUCCESS,False
R040,H009,v2.41,50,56.71,43.71,1.76,283.74,92.74,1.27,236.39,1.55,SUCCESS,False
R040,H010,v2.41,100,39.42,46.09,0.74,110.72,90.53,1.6,147.18,1.95,SUCCESS,False
R040,H011,v2.41,50,49.42,56.4,2.35,276.49,99.63,0.72,184.51,0.97,SUCCESS,False
R040,H012,v2.41,25,40.78,62.44,2.51,236.69,82.49,1.83,129.23,1.81,SUCCESS,False
R040,H013,v2.41,5,64.07,52.81,1.89,287.25,56.54,1.55,212.6,0.78,SUCCESS,False
R040,H014,v2.41,100,35.8,56.23,1.61,296.1,97.85,1.52,247.43,1.43,SUCCESS,False
R040,H015,v2.41,25,51.5,60.37,2.83,226.38,78.35,1.5,111.5,1.58,SUCCESS,False
R040,H016,v2.41,10,48.1,67.48,1.97,267.61,86.91,1.93,232.11,1.86,SUCCESS,False
R040,H017,v2.41,5,42.54,54.42,2.92,294.46,69.61,0.87,235.74,2.03,SUCCESS,False
R040,H018,v2.41,10,50.08,50.89,2.34,295.36,77.0,1.61,159.31,0.59,SUCCESS,False
R040,H019,v2.41,5,51.95,54.88,1.47,192.65,61.81,0.93,217.26,1.25,IN_PROGRESS,False
R040,H020,v2.41,25,41.8,49.84,2.67,135.84,77.19,1.95,111.11,1.27,SUCCESS,False
R040,H021,v2.41,10,58.32,47.04,2.43,182.96,88.95,1.95,144.6,1.03,SUCCESS,False
R040,H022,v2.41,5,53.74,59.03,1.92,228.44,51.99,1.75,126.28,0.76,SUCCESS,False
R040,H023,v2.41,5,48.02,65.61,1.66,154.54,54.44,1.75,134.29,2.75,SUCCESS,False
R040,H024,v2.41,5,45.69,76.19,1.3,170.29,53.26,1.6,211.38,2.19,SUCCESS,False
R040,H025,v2.41,25,57.66,72.27,2.18,191.88,96.01,1.83,186.86,2.56,SUCCESS,False
R040,H026,v2.41,10,60.71,51.06,1.36,168.5,84.19,1.19,204.43,1.06,SUCCESS,False
R040,H027,v2.41,5,52.07,31.18,1.17,230.05,68.36,0.59,128.56,1.34,SUCCESS,False
R040,H028,v2.41,10,39.96,67.75,2.55,102.4,56.76,1.74,210.75,2.52,SUCCESS,False
R040,H029,v2.41,10,59.4,60.08,1.82,171.54,63.9,0.63,228.04,0.51,SUCCESS,False
R040,H030,v2.41,5,48.15,53.49,0.61,271.35,91.1,0.8,153.11,1.05,SUCCESS,False
R040,H031,v2.41,25,52.04,,1.1,183.93,85.03,0.93,114.28,1.39,SUCCESS,False
R040,H032,v2.41,5,34.03,54.41,2.06,123.08,53.59,1.84,215.37,0.82,SUCCESS,False
R040,H033,v2.41,50,49.7,57.65,0.78,298.53,77.49,1.61,169.26,0.56,SUCCESS,False
R040,H034,v2.41,5,42.8,43.46,1.17,264.11,93.56,1.34,213.41,2.31,SUCCESS,False
R040,H035,v2.41,5,53.84,54.04,0.6,285.37,95.62,1.3,245.64,0.95,SUCCESS,False
R040,H036,v2.41,10,65.19,60.84,0.72,225.56,94.29,1.24,157.11,1.63,SUCCESS,False
R040,H037,v2.41,5,51.03,49.3,1.76,198.25,64.35,1.06,145.61,1.94,SUCCESS,False
R040,H038,v2.41,50,35.24,56.53,2.79,137.9,66.37,1.59,159.04,0.62,SUCCESS,False
R040,H039,v2.41,100,54.18,55.75,1.76,110.3,62.24,0.64,109.11,1.05,SUCCESS,False
R040,H040,v2.41,10,51.18,50.13,2.72,205.7,90.55,1.51,110.08,2.69,SUCCESS,False
R040,H041,v2.41,10,58.6,54.08,0.76,155.95,84.91,0.94,162.8,1.84,SUCCESS,False
R040,H042,v2.41,25,58.68,58.97,2.9,221.09,50.88,0.82,167.63,1.82,SUCCESS,False
R040,H043,v2.41,10,73.61,62.02,1.68,155.55,54.32,1.01,195.6,2.88,IN_PROGRESS,False
R040,H044,v2.41,5,41.23,62.35,1.91,155.73,95.32,0.61,164.43,1.47,SUCCESS,False
R040,H045,v2.41,5,45.05,64.32,2.96,173.63,81.87,1.93,130.41,1.38,IN_PROGRESS,False
R040,H046,v2.41,50,49.56,64.16,2.05,207.46,94.5,1.35,213.37,1.91,SUCCESS,False
R040,H047,v2.41,5,60.22,57.7,0.92,280.17,51.59,1.25,235.53,2.0,SUCCESS,False
R040,H048,v2.41,25,45.67,73.07,1.37,225.51,87.65,1.87,101.45,0.63,SUCCESS,False
R040,H049,v2.41,10,60.22,55.48,2.8,181.85,54.91,0.96,224.63,1.21,SUCCESS,False
R040,H050,v2.41,25,100.0,54.6,1.4,275.5,80.85,0.67,121.53,0.8,SUCCESS,False
R041,H001,v2.42,100,53.38,71.38,2.86,103.39,83.44,0.53,152.88,1.59,SUCCESS,False
R041,H002,v2.42,10,52.86,58.55,2.08,285.54,56.49,1.51,140.01,1.94,SUCCESS,False
R041,H003,v2.42,10,49.31,69.27,3.0,255.32,67.12,1.7,128.69,2.92,SUCCESS,False
R041,H004,v2.42,10,49.31,56.18,2.98,145.87,77.24,0.9,173.66,1.02,SUCCESS,False
R041,H005,v2.42,5,51.89,54.52,2.8,140.13,78.95,0.53,124.26,2.31,SUCCESS,False
R041,H006,v2.42,25,33.93,52.54,1.29,250.38,87.11,0.94,240.07,2.1,SUCCESS,False
R041,H007,v2.42,5,38.16,47.87,1.63,254.4,90.23,1.54,149.4,2.59,SUCCESS,False
R041,H008,v2.42,5,43.21,57.3,2.99,251.28,53.2,1.7,217.03,2.34,SUCCESS,False
R041,H009,v2.42,25,39.12,58.2,1.38,289.45,77.29,1.82,142.44,2.37,SUCCESS,False
R041,H010,v2.42,10,56.13,57.33,2.91,267.2,64.29,0.73,219.3,1.03,SUCCESS,False
R041,H011,v2.42,10,56.06,46.17,2.92,241.06,64.13,0.84,227.84,1.14,SUCCESS,False
R041,H012,v2.42,5,55.73,53.91,2.19,250.29,87.84,0.84,101.35,2.2,SUCCESS,False
R041,H013,v2.42,5,41.12,50.4,2.06,158.8,95.29,0.69,136.85,0.9,SUCCESS,False
R041,H014,v2.42,25,45.64,48.6,0.66,118.21,85.62,1.69,126.47,0.86,SUCCESS,False
R041,H015,v2.42,5,56.69,54.28,1.58,233.98,81.83,1.31,196.39,1.15,SUCCESS,False
R041,H016,v2.42,5,45.4,47.05,2.17,287.53,75.83,0.95,210.44,0.69,SUCCESS,False
R041,H017,v2.42,25,45.6,69.09,1.21,204.68,61.5,1.64,137.1,1.45,SUCCESS,False
R041,H018,v2.42,10,61.73,48.54,2.54,253.63,96.9,0.75,226.06,1.47,SUCCESS,False
R041,H019,v2.42,5,47.07,45.72,1.51,171.21,99.81,1.09,232.18,1.91,SUCCESS,False
R041,H020,v2.42,25,48.68,58.04,2.1,291.88,84.42,0.65,185.86,2.49,IN_PROGRESS,False
R041,H021,v2.42,10,48.12,53.61,1.34,260.45,76.57,1.04,178.1,1.0,SUCCESS,False
R041,H022,v2.42,50,37.79,62.73,2.2,233.25,85.58,0.88,248.45,2.02,SUCCESS,False
R041,H023,v2.42,25,57.7,58.59,2.87,283.17,94.83,0.54,188.56,1.52,SUCCESS,False
R041,H024,v2.42,50,48.73,77.73,1.75,239.24,68.33,1.89,138.4,2.89,SUCCESS,False
R041,H025,v2.42,25,18.18,39.59,2.07,122.19,73.2,1.89,206.96,2.02,SUCCESS,False
R041,H026,v2.42,25,38.04,63.65,2.72,139.87,78.58,1.05,129.19,2.0,SUCCESS,False
R041,H027,v2.42,10,57.08,46.39,2.6,124.67,72.25,0.67,192.29,1.59,SUCCESS,False
R041,H028,v2.42,5,45.2,51.93,1.31,132.71,64.19,0.68,185.48,0.65,SUCCESS,False
R041,H029,v2.42,25,44.7,58.15,1.05,228.8,72.29,1.07,201.3,2.8,SUCCESS,False
R041,H030,v2.42,5,50.86,53.26,2.2,166.05,63.31,1.03,103.09,2.71,SUCCESS,False
R041,H031,v2.42,50,36.1,64.66,,217.29,68.2,0.54,127.56,1.48,SUCCESS,False
R041,H032,v2.42,5,53.19,67.5,1.13,122.18,94.63,0.89,237.95,2.75,SUCCESS,False
R041,H033,v2.42,10,38.45,45.73,1.32,200.5,72.22,1.61,192.15,1.21,SUCCESS,False
R041,H034,v2.42,25,48.06,54.16,2.01,299.63,91.06,0.82,148.83,0.75,SUCCESS,False
R041,H035,v2.42,100,48.15,48.46,2.78,256.3,76.65,0.67,147.32,2.31,SUCCESS,False
R041,H036,v2.42,50,52.8,47.33,2.02,152.04,88.68,0.92,108.05,2.32,IN_PROGRESS,False
R041,H037,v2.42,50,46.11,54.86,1.24,194.78,56.31,0.89,146.53,0.77,SUCCESS,False
R041,H038,v2.42,10,46.13,52.31,2.48,193.0,85.2,1.21,157.64,2.48,SUCCESS,False
R041,H039,v2.42,10,47.9,52.05,1.6,228.41,95.16,1.31,247.31,1.75,IN_PROGRESS,False
R041,H040,v2.42,10,57.99,57.91,2.99,203.6,58.33,1.18,217.74,0.73,SUCCESS,False
R041,H041,v2.42,5,49.05,44.62,1.67,198.5,51.56,1.96,205.39,1.84,SUCCESS,False
R041,H042,v2.42,50,33.57,52.08,0.89,157.49,71.19,0.85,107.26,1.32,SUCCESS,False
R041,H043,v2.42,10,50.04,59.32,1.19,138.66,76.82,1.78,174.75,2.24,SUCCESS,False
R041,H044,v2.42,5,57.95,36.65,2.03,129.9,66.78,1.7,179.91,1.54,SUCCESS,False
R041,H045,v2.42,5,46.15,44.21,1.28,257.48,59.83,1.06,234.17,0.63,SUCCESS,False
R041,H046,v2.42,5,52.58,52.39,1.74,226.24,77.68,0.91,125.17,1.33,SUCCESS,False
R041,H047,v2.42,5,47.73,49.95,2.03,211.88,89.95,1.43,227.84,0.74,IN_PROGRESS,False
R041,H048,v2.42,25,53.43,61.04,1.43,138.09,80.16,1.9,126.41,2.54,SUCCESS,False
R041,H049,v2.42,10,34.16,45.58,1.01,279.48,81.83,0.63,236.69,1.04,SUCCESS,False
R041,H050,v2.42,10,39.33,61.8,0.55,289.56,91.2,1.49,155.86,0.54,SUCCESS,False
R042,H001,v2.43,50,60.1,87.71,7.43,693.41,6.02,1.25,154.92,7.17,FAILED,True
R042,H002,v2.43,10,78.44,64.12,11.2,674.89,10.09,1.54,176.39,11.17,SUCCESS,True
R042,H003,v2.43,25,54.69,78.58,8.46,678.78,19.12,0.72,213.38,5.08,SUCCESS,True
R042,H004,v2.43,10,81.1,77.09,5.99,558.59,22.76,0.92,170.68,5.47,SUCCESS,True
R042,H005,v2.43,50,75.34,66.74,10.37,640.06,29.17,1.3,241.54,5.16,SUCCESS,True
R042,H006,v2.43,10,91.97,50.72,7.76,765.82,13.65,1.65,158.99,10.96,SUCCESS,True
R042,H007,v2.43,5,79.17,88.23,11.69,492.58,29.32,0.73,126.97,8.4,FAILED,True
R042,H008,v2.43,50,93.41,90.31,10.09,664.68,13.72,1.02,179.58,5.48,FAILED,True
R042,H009,v2.43,5,78.18,56.92,10.2,405.4,11.6,1.13,248.02,11.3,ROLLED_BACK,True
R042,H010,v2.43,10,77.21,72.9,10.45,599.97,19.03,1.02,227.17,6.49,SUCCESS,True
R042,H011,v2.43,100,75.38,75.02,8.83,568.05,7.03,1.84,188.97,11.37,SUCCESS,True
R042,H012,v2.43,10,63.56,71.78,9.25,691.07,7.37,1.14,182.13,8.37,FAILED,True
R042,H013,v2.43,10,80.56,81.9,11.22,694.19,1.64,1.15,247.39,11.32,SUCCESS,True
R042,H014,v2.43,5,65.13,62.49,8.6,741.95,25.06,1.01,147.67,10.19,ROLLED_BACK,True
R042,H015,v2.43,5,66.51,89.0,11.64,567.84,8.48,1.9,109.87,10.72,SUCCESS,True
R042,H016,v2.43,10,71.4,88.85,7.71,476.77,28.78,1.9,217.94,11.75,FAILED,True
R042,H017,v2.43,100,62.66,56.67,10.82,436.24,28.56,0.6,226.53,7.48,FAILED,True
R042,H018,v2.43,5,60.62,57.27,10.47,405.87,0.0,0.8,173.69,9.62,SUCCESS,True
R042,H019,v2.43,5,75.86,,11.38,604.89,18.83,1.33,201.78,6.1,FAILED,True
R042,H020,v2.43,5,70.98,79.37,5.36,702.84,24.74,1.01,132.77,7.73,FAILED,True
R042,H021,v2.43,5,81.14,62.95,7.13,743.4,28.89,0.88,176.46,5.98,ROLLED_BACK,True
R042,H022,v2.43,10,69.54,92.98,7.18,785.18,1.31,1.71,221.17,5.97,SUCCESS,True
R042,H023,v2.43,10,82.61,56.49,7.82,503.66,27.93,1.05,122.04,11.48,SUCCESS,True
R042,H024,v2.43,50,76.38,86.65,7.91,535.15,28.7,1.35,113.43,5.7,FAILED,True
R042,H025,v2.43,25,58.94,84.03,7.32,448.81,17.52,0.75,164.08,7.89,SUCCESS,True
R042,H026,v2.43,25,93.64,84.2,10.3,454.54,25.31,0.97,185.27,11.76,FAILED,True
R042,H027,v2.43,5,80.21,64.79,10.69,762.03,3.86,1.59,241.5,6.94,SUCCESS,True
R042,H028,v2.43,25,71.37,75.62,7.33,422.98,1.87,1.88,215.51,7.26,SUCCESS,True
R042,H029,v2.43,5,88.17,84.04,10.09,774.49,8.1,1.6,188.55,6.66,SUCCESS,True
R042,H030,v2.43,10,57.87,82.22,8.26,757.72,6.81,0.75,197.36,10.41,ROLLED_BACK,True
R042,H031,v2.43,5,91.18,78.75,5.11,567.64,17.39,1.89,106.11,11.89,FAILED,True
R042,H032,v2.43,10,84.76,73.59,8.35,764.4,29.53,0.96,110.69,10.72,ROLLED_BACK,True
R042,H033,v2.43,25,65.48,89.54,7.96,517.63,13.75,1.56,207.33,6.04,ROLLED_BACK,True
R042,H034,v2.43,50,66.45,79.63,7.44,626.11,3.19,1.9,224.41,5.54,ROLLED_BACK,True
R042,H035,v2.43,10,65.99,80.56,10.64,738.35,23.1,1.08,111.26,9.47,SUCCESS,True
R042,H036,v2.43,25,84.05,56.8,10.36,628.24,2.97,0.68,151.66,10.28,ROLLED_BACK,True
R042,H037,v2.43,25,74.16,54.65,5.9,771.92,5.84,1.28,133.06,7.23,SUCCESS,True
R042,H038,v2.43,5,100.0,70.59,9.87,556.53,20.27,0.69,116.82,7.59,SUCCESS,True
R042,H039,v2.43,10,80.32,68.41,9.66,658.42,1.87,1.74,205.61,8.37,ROLLED_BACK,True
R042,H040,v2.43,5,94.21,64.36,10.31,425.14,22.02,1.74,164.6,10.37,FAILED,True
R042,H041,v2.43,5,57.26,69.89,,556.18,21.74,0.5,130.97,7.16,SUCCESS,True
R042,H042,v2.43,5,85.53,62.68,5.83,640.74,8.76,0.68,105.3,11.89,FAILED,True
R042,H043,v2.43,10,72.8,62.34,7.23,513.34,12.65,1.51,226.73,11.03,SUCCESS,True
R042,H044,v2.43,5,72.05,73.87,8.65,726.64,7.06,1.28,161.39,10.96,FAILED,True
R042,H045,v2.43,100,65.96,69.32,6.37,763.14,1.56,1.85,131.22,11.52,FAILED,True
R042,H046,v2.43,25,57.96,63.09,8.02,601.32,11.76,1.92,125.54,10.3,SUCCESS,True
R042,H047,v2.43,5,72.19,69.34,8.14,474.83,12.75,0.97,223.77,6.26,FAILED,True
R042,H048,v2.43,5,51.2,79.67,6.44,512.19,5.31,0.83,213.49,8.01,ROLLED_BACK,True
R042,H049,v2.43,50,61.92,81.52,7.37,605.25,16.29,1.13,210.97,9.46,SUCCESS,True
R042,H050,v2.43,10,91.7,83.31,9.18,657.21,0.81,1.31,233.2,9.05,ROLLED_BACK,True
R043,H001,v2.44,5,67.33,83.47,6.8,500.49,24.45,1.69,163.89,9.31,SUCCESS,True
R043,H002,v2.44,5,71.72,70.26,5.2,750.78,24.45,1.23,161.27,9.25,SUCCESS,True
R043,H003,v2.44,100,72.18,73.11,11.62,573.57,28.02,0.64,149.64,6.36,SUCCESS,True
R043,H004,v2.44,5,68.62,99.26,5.03,790.28,7.75,1.01,122.49,7.45,SUCCESS,True
R043,H005,v2.44,5,59.11,89.31,11.29,699.89,19.31,1.11,230.7,6.6,ROLLED_BACK,True
R043,H006,v2.44,100,81.52,60.4,6.93,783.02,13.72,1.54,115.37,7.84,FAILED,True
R043,H007,v2.44,5,63.32,90.26,5.89,726.54,11.65,1.39,230.14,11.59,FAILED,True
R043,H008,v2.44,50,67.35,63.65,9.51,410.89,8.5,0.63,179.55,9.16,FAILED,True
R043,H009,v2.44,25,88.16,91.57,5.19,449.07,27.35,1.96,236.69,9.09,ROLLED_BACK,True
R043,H010,v2.44,5,74.94,89.76,5.67,552.55,6.89,1.2,212.96,11.52,SUCCESS,True
R043,H011,v2.44,100,,74.41,10.39,732.58,23.76,1.08,177.19,5.93,SUCCESS,True
R043,H012,v2.44,10,78.56,76.89,9.23,746.13,12.92,1.46,231.92,6.85,FAILED,True
R043,H013,v2.44,10,62.16,76.35,5.26,758.97,2.29,1.05,146.35,11.5,SUCCESS,True
R043,H014,v2.44,25,76.98,91.25,7.27,632.58,19.87,1.19,173.45,9.49,FAILED,True
R043,H015,v2.44,10,51.34,65.36,10.01,488.87,14.13,1.5,213.16,5.07,SUCCESS,True
R043,H016,v2.44,50,69.1,94.65,5.57,680.15,2.98,1.0,196.1,5.53,SUCCESS,True
R043,H017,v2.44,25,82.22,60.95,10.93,720.81,20.92,1.08,246.79,5.63,SUCCESS,True
R043,H018,v2.44,50,69.91,69.79,5.42,770.54,5.31,0.75,116.28,7.23,FAILED,True
R043,H019,v2.44,25,100.0,75.28,11.69,724.27,5.44,0.58,217.32,10.78,SUCCESS,True
R043,H020,v2.44,5,81.53,78.47,7.98,565.45,26.31,1.6,106.44,7.13,SUCCESS,True
R043,H021,v2.44,10,73.97,69.52,9.62,554.55,5.86,1.15,211.24,12.0,SUCCESS,True
R043,H022,v2.44,5,69.93,76.57,9.61,541.9,25.47,1.22,162.89,11.48,SUCCESS,True
R043,H023,v2.44,50,75.7,62.13,5.59,646.63,21.75,1.15,165.0,6.69,FAILED,True
R043,H024,v2.44,5,76.75,82.86,10.09,751.83,15.87,0.5,154.86,11.34,SUCCESS,True
R043,H025,v2.44,25,87.36,70.86,9.32,489.41,25.85,1.41,192.58,6.68,FAILED,True
R043,H026,v2.44,25,83.18,93.5,11.45,415.89,1.71,0.78,170.53,6.96,SUCCESS,True
R043,H027,v2.44,10,77.34,75.63,6.23,576.97,18.99,1.89,103.51,9.91,FAILED,True
R043,H028,v2.44,25,89.47,100.0,10.94,656.17,15.2,0.74,244.61,5.52,FAILED,True
R043,H029,v2.44,5,57.61,82.67,10.79,465.74,28.57,0.89,182.37,5.01,SUCCESS,True
R043,H030,v2.44,5,65.41,74.85,9.58,472.86,8.22,1.66,225.37,10.95,FAILED,True
R043,H031,v2.44,50,70.59,65.63,8.31,758.17,16.78,0.56,223.17,5.16,FAILED,True
R043,H032,v2.44,10,82.08,79.53,7.7,646.92,16.51,0.78,170.22,5.0,ROLLED_BACK,True
R043,H033,v2.44,50,73.51,63.09,7.06,678.37,25.5,1.41,162.77,8.09,SUCCESS,True
R043,H034,v2.44,5,68.7,71.04,7.45,771.59,25.56,1.38,143.64,5.22,SUCCESS,True
R043,H035,v2.44,100,67.11,84.49,11.74,793.43,27.03,1.66,247.72,5.86,FAILED,True
R043,H036,v2.44,50,71.96,67.95,9.79,541.88,24.61,1.83,117.65,10.04,FAILED,True
R043,H037,v2.44,5,95.86,78.79,7.35,426.72,6.59,1.24,207.94,10.4,FAILED,True
R043,H038,v2.44,25,78.34,71.99,5.66,607.83,6.65,1.53,211.98,8.1,SUCCESS,True
R043,H039,v2.44,5,73.28,44.47,7.11,798.75,28.55,1.83,124.52,9.7,SUCCESS,True
R043,H040,v2.44,50,88.63,88.0,8.13,673.57,17.88,0.7,195.53,6.68,FAILED,True
R043,H041,v2.44,5,77.15,84.34,10.89,607.03,9.77,0.76,170.67,10.5,FAILED,True
R043,H042,v2.44,5,70.78,79.32,5.47,534.88,24.07,1.88,205.22,8.62,SUCCESS,True
R043,H043,v2.44,25,81.49,68.05,9.12,493.24,13.43,1.0,246.87,10.28,FAILED,True
R043,H044,v2.44,50,58.61,72.66,7.28,760.59,14.46,1.52,217.09,11.57,SUCCESS,True
R043,H045,v2.44,50,63.13,70.94,10.63,613.14,5.31,0.55,101.46,10.78,FAILED,True
R043,H046,v2.44,10,64.86,82.11,8.66,682.38,11.55,1.38,233.42,9.22,ROLLED_BACK,True
R043,H047,v2.44,25,76.76,67.39,11.38,640.46,9.61,1.69,211.3,6.65,FAILED,True
R043,H048,v2.44,10,77.48,89.66,7.28,535.45,1.99,1.03,178.75,10.3,SUCCESS,True
R043,H049,v2.44,5,90.57,81.54,7.8,560.3,17.93,1.64,194.56,7.02,ROLLED_BACK,True
R043,H050,v2.44,100,69.44,49.54,11.52,668.0,3.48,1.95,219.27,10.74,SUCCESS,True
R044,H001,v2.45,5,45.33,49.89,2.96,259.41,95.81,1.34,112.82,2.18,IN_PROGRESS,False
R044,H002,v2.45,10,46.7,54.17,2.71,269.57,90.13,0.55,141.95,1.13,SUCCESS,False
R044,H003,v2.45,5,39.04,53.51,6.92,289.88,86.94,0.61,175.72,2.33,SUCCESS,False
R044,H004,v2.45,10,65.37,43.76,0.57,187.39,98.37,1.5,133.19,2.0,SUCCESS,False
R044,H005,v2.45,5,46.41,50.54,2.86,264.77,93.23,0.86,216.23,2.45,SUCCESS,False
R044,H006,v2.45,10,42.95,54.54,1.19,145.72,82.37,0.97,225.11,2.72,SUCCESS,False
R044,H007,v2.45,50,55.05,56.58,1.51,271.92,95.21,1.33,240.74,2.77,SUCCESS,False
R044,H008,v2.45,10,76.72,47.9,2.01,287.15,89.31,1.65,134.93,2.15,SUCCESS,False
R044,H009,v2.45,5,46.16,71.12,1.44,211.14,72.74,1.89,204.02,0.8,SUCCESS,False
R044,H010,v2.45,100,70.69,62.34,0.67,126.65,69.79,1.48,232.56,1.95,SUCCESS,False
R044,H011,v2.45,100,37.49,63.49,1.17,262.75,88.69,0.72,159.22,2.95,SUCCESS,False
R044,H012,v2.45,10,52.3,57.92,2.2,289.98,54.06,1.25,130.52,1.21,SUCCESS,False
R044,H013,v2.45,5,32.46,57.52,2.79,190.27,64.95,1.67,111.06,2.75,SUCCESS,False
R044,H014,v2.45,25,,46.58,2.25,181.4,85.26,1.08,216.13,0.65,SUCCESS,False
R044,H015,v2.45,50,43.14,60.17,1.53,213.62,53.45,1.28,123.68,1.96,SUCCESS,False
R044,H016,v2.45,25,54.31,49.55,2.44,270.57,75.53,1.99,168.02,1.25,SUCCESS,False
R044,H017,v2.45,25,49.05,60.99,2.19,276.56,92.79,1.4,112.5,0.83,SUCCESS,False
R044,H018,v2.45,5,37.46,38.33,1.73,232.39,88.84,1.51,156.18,2.32,SUCCESS,False
R044,H019,v2.45,50,40.36,33.98,1.21,133.99,72.57,1.08,179.32,0.76,SUCCESS,False
R044,H020,v2.45,5,52.14,60.04,2.61,211.06,76.42,1.82,201.1,1.66,SUCCESS,False
R044,H021,v2.45,50,49.95,57.75,2.66,403.8,51.12,1.19,243.09,0.67,SUCCESS,False
R044,H022,v2.45,50,59.62,46.45,2.26,239.99,54.37,1.98,208.65,2.64,SUCCESS,False
R044,H023,v2.45,10,52.35,59.81,1.28,258.67,57.11,1.94,240.71,1.72,SUCCESS,False
R044,H024,v2.45,5,50.61,48.86,2.79,289.14,57.2,1.25,222.44,1.08,SUCCESS,False
R044,H025,v2.45,50,58.26,54.8,2.04,244.3,59.42,1.34,128.2,1.34,SUCCESS,False
R044,H026,v2.45,10,55.05,49.59,2.18,102.4,82.31,1.56,210.16,0.65,SUCCESS,False
R044,H027,v2.45,5,56.98,55.35,2.05,245.13,79.45,1.94,209.13,1.21,SUCCESS,False
R044,H028,v2.45,5,46.22,63.49,2.58,231.3,61.84,0.61,158.17,1.77,IN_PROGRESS,False
R044,H029,v2.45,25,60.34,53.46,2.59,288.28,69.36,1.16,136.05,1.27,SUCCESS,False
R044,H030,v2.45,10,37.39,57.06,1.75,283.64,62.76,1.86,178.99,1.9,SUCCESS,False
R044,H031,v2.45,5,51.12,67.09,1.43,293.08,77.07,1.41,178.51,0.9,SUCCESS,False
R044,H032,v2.45,5,47.63,56.25,1.24,230.02,83.88,1.49,195.17,0.84,SUCCESS,False
R044,H033,v2.45,50,51.72,69.83,2.95,955.88,70.44,1.47,230.57,2.0,IN_PROGRESS,False
R044,H034,v2.45,100,44.07,57.25,2.41,140.41,98.08,1.92,192.35,2.6,SUCCESS,False
R044,H035,v2.45,50,45.71,58.39,2.13,221.14,70.72,1.66,204.52,0.88,SUCCESS,False
R044,H036,v2.45,100,50.3,50.85,1.23,262.78,50.58,0.7,246.26,1.04,SUCCESS,False
R044,H037,v2.45,25,69.83,57.26,1.63,124.72,77.86,0.94,136.87,2.12,SUCCESS,False
R044,H038,v2.45,5,70.29,44.87,2.85,225.17,68.72,1.01,106.24,2.06,SUCCESS,False
R044,H039,v2.45,25,53.88,42.71,1.92,143.59,67.29,1.74,138.39,1.97,SUCCESS,False
R044,H040,v2.45,50,13.11,63.96,1.59,105.55,52.96,1.97,236.66,0.91,SUCCESS,False
R044,H041,v2.45,25,38.68,57.67,0.65,263.43,77.13,1.47,207.99,1.04,SUCCESS,False
R044,H042,v2.45,25,29.55,61.74,0.58,186.31,75.19,0.98,243.8,2.43,SUCCESS,False
R044,H043,v2.45,10,45.1,60.97,1.5,287.98,76.63,1.06,100.69,1.13,SUCCESS,False
R044,H044,v2.45,50,42.85,55.92,0.9,292.76,69.22,1.25,197.45,1.14,SUCCESS,False
R044,H045,v2.45,25,56.92,57.25,1.85,184.3,89.99,1.29,205.1,2.52,SUCCESS,False
R044,H046,v2.45,10,66.88,53.95,1.71,162.96,96.41,1.28,146.52,0.74,SUCCESS,False
R044,H047,v2.45,10,44.31,62.55,1.56,241.36,74.7,1.85,218.76,1.43,SUCCESS,False
R044,H048,v2.45,5,48.25,58.29,2.49,204.28,79.13,1.58,121.78,0.73,IN_PROGRESS,False
R044,H049,v2.45,10,65.13,,1.06,143.94,71.74,0.91,241.57,0.94,SUCCESS,False
R044,H050,v2.45,10,48.94,48.95,2.27,111.62,68.53,1.61,177.06,0.65,SUCCESS,False
R045,H001,v2.46,25,83.21,62.4,5.36,509.08,6.03,1.06,119.82,6.46,FAILED,True
R045,H002,v2.46,25,71.33,63.13,7.61,567.22,4.49,1.87,108.76,6.45,SUCCESS,True
R045,H003,v2.46,5,65.57,63.6,10.07,727.53,9.67,1.56,143.67,9.12,SUCCESS,True
R045,H004,v2.46,25,80.35,74.5,10.73,468.53,14.57,0.54,199.36,10.04,SUCCESS,True
R045,H005,v2.46,5,70.25,65.66,9.1,455.51,0.82,1.47,195.25,10.97,SUCCESS,True
R045,H006,v2.46,25,67.51,66.78,10.75,465.19,20.25,1.11,143.3,10.46,SUCCESS,True
R045,H007,v2.46,5,75.52,75.51,5.56,482.91,24.92,1.86,185.44,6.02,ROLLED_BACK,True
R045,H008,v2.46,5,73.99,74.7,10.8,596.6,12.34,1.72,239.38,9.49,SUCCESS,True
R045,H009,v2.46,25,78.33,98.44,8.04,731.0,11.53,1.04,148.17,8.53,SUCCESS,True
R045,H010,v2.46,5,93.2,81.58,5.4,624.1,14.9,1.47,163.76,10.29,FAILED,True
R045,H011,v2.46,5,79.76,84.81,10.83,680.27,22.86,1.54,223.43,5.61,SUCCESS,True
R045,H012,v2.46,10,93.75,73.42,11.04,728.17,21.91,0.98,125.39,7.92,SUCCESS,True
R045,H013,v2.46,25,77.13,73.27,9.39,723.04,8.94,1.7,192.42,10.42,SUCCESS,True
R045,H014,v2.46,5,79.67,81.62,5.17,536.56,3.87,1.19,236.02,9.78,FAILED,True
R045,H015,v2.46,25,87.26,85.12,9.49,590.95,23.21,0.72,203.62,9.72,ROLLED_BACK,True
R045,H016,v2.46,25,79.6,71.0,10.62,645.78,0.78,1.36,118.09,8.07,SUCCESS,True
R045,H017,v2.46,100,72.77,85.97,12.0,605.63,16.68,0.66,177.83,6.17,SUCCESS,True
R045,H018,v2.46,50,72.9,71.48,5.65,599.78,22.54,0.91,144.53,9.96,SUCCESS,True
R045,H019,v2.46,5,85.32,78.02,8.18,698.67,26.85,1.04,144.9,6.02,SUCCESS,True
R045,H020,v2.46,10,68.88,87.51,9.03,649.32,22.09,1.33,248.2,10.76,FAILED,True
R045,H021,v2.46,5,71.58,86.0,11.86,486.43,11.36,0.8,203.29,7.92,ROLLED_BACK,True
R045,H022,v2.46,5,86.27,69.08,11.38,429.18,7.66,1.28,228.61,10.29,SUCCESS,True
R045,H023,v2.46,10,63.91,84.34,8.48,411.12,15.68,0.56,236.31,7.37,SUCCESS,True
R045,H024,v2.46,5,58.49,71.48,9.43,570.23,0.84,1.37,140.73,5.11,SUCCESS,True
R045,H025,v2.46,10,92.69,76.47,10.27,768.72,24.82,1.48,242.86,6.5,ROLLED_BACK,True
R045,H026,v2.46,100,67.06,84.87,6.23,617.59,24.77,1.44,157.1,8.96,SUCCESS,True
R045,H027,v2.46,25,70.5,79.72,10.67,513.15,3.3,0.81,157.82,5.24,FAILED,True
R045,H028,v2.46,25,81.99,73.75,7.24,473.33,20.09,1.02,171.24,7.56,FAILED,True
R045,H029,v2.46,5,72.08,81.22,8.11,759.79,14.42,1.18,212.09,7.51,ROLLED_BACK,True
R045,H030,v2.46,10,71.6,74.91,9.88,555.74,18.2,1.03,236.91,9.43,SUCCESS,True
R045,H031,v2.46,25,64.55,68.98,6.17,691.39,14.24,1.11,207.07,6.68,SUCCESS,True
R045,H032,v2.46,10,78.31,69.69,7.26,449.06,6.79,1.4,223.73,8.82,FAILED,True
R045,H033,v2.46,10,83.3,70.13,11.67,599.62,15.75,1.38,209.48,10.32,SUCCESS,True
R045,H034,v2.46,100,86.09,61.99,6.47,714.11,26.85,0.84,195.39,5.78,FAILED,True
R045,H035,v2.46,5,76.84,63.0,6.92,488.83,11.18,1.79,118.3,9.03,SUCCESS,True
R045,H036,v2.46,25,50.78,61.36,6.63,412.17,9.79,0.65,193.09,10.93,FAILED,True
R045,H037,v2.46,10,88.59,87.47,7.98,2952.08,8.5,0.9,240.11,10.0,FAILED,True
R045,H038,v2.46,5,81.87,78.43,5.55,714.02,29.22,1.04,126.85,11.27,FAILED,True
R045,H039,v2.46,10,71.11,76.08,5.74,790.62,22.4,1.42,173.53,11.97,SUCCESS,True
R045,H040,v2.46,25,81.74,79.05,,769.39,20.32,0.67,197.34,8.65,SUCCESS,True
R045,H041,v2.46,50,72.88,70.7,6.0,779.7,7.05,0.72,192.51,11.9,FAILED,True
R045,H042,v2.46,5,71.65,71.48,7.86,712.25,15.42,0.52,161.79,9.28,FAILED,True
R045,H043,v2.46,100,79.31,56.63,,630.99,11.69,0.63,177.89,10.97,SUCCESS,True
R045,H044,v2.46,10,94.42,72.22,9.98,657.08,24.08,0.67,140.58,11.16,ROLLED_BACK,True
R045,H045,v2.46,5,59.1,83.16,11.02,531.7,14.15,1.12,192.63,11.43,SUCCESS,True
R045,H046,v2.46,5,68.99,82.2,5.23,728.27,17.99,1.57,128.85,8.26,SUCCESS,True
R045,H047,v2.46,10,72.46,77.95,11.49,439.04,25.21,0.52,186.14,10.78,SUCCESS,True
R045,H048,v2.46,5,71.49,80.27,9.04,446.15,15.69,1.39,249.49,8.23,SUCCESS,True
R045,H049,v2.46,10,91.33,79.02,10.7,479.31,18.73,1.75,147.61,7.81,SUCCESS,True
R045,H050,v2.46,10,74.53,87.63,8.94,548.89,13.49,0.66,105.89,5.96,SUCCESS,True
R046,H001,v2.47,10,71.5,59.8,2.07,241.62,83.54,1.44,242.22,2.1,SUCCESS,False
R046,H002,v2.47,25,42.66,100.0,2.51,227.4,61.27,0.65,231.43,1.27,IN_PROGRESS,False
R046,H003,v2.47,25,64.76,60.31,2.93,176.02,99.4,1.28,137.27,0.66,SUCCESS,False
R046,H004,v2.47,10,50.04,63.37,0.97,125.42,75.32,0.7,225.33,1.97,SUCCESS,False
R046,H005,v2.47,5,52.23,60.27,1.5,152.72,50.81,1.42,163.47,2.76,SUCCESS,False
R046,H006,v2.47,10,43.49,48.88,0.98,131.63,80.1,0.81,225.01,2.88,SUCCESS,False
R046,H007,v2.47,5,42.78,54.71,1.64,157.51,61.12,1.4,176.18,1.19,SUCCESS,False
R046,H008,v2.47,100,42.28,38.78,2.9,221.73,84.47,1.9,186.18,1.03,SUCCESS,False
R046,H009,v2.47,5,44.9,52.99,0.72,211.2,57.25,0.51,232.11,2.98,SUCCESS,False
R046,H010,v2.47,5,55.61,52.99,0.6,146.91,91.7,0.95,163.67,2.52,SUCCESS,False
R046,H011,v2.47,5,45.37,48.79,1.95,265.19,67.4,1.18,144.57,1.41,SUCCESS,False
R046,H012,v2.47,10,42.02,59.12,1.14,185.21,78.67,1.38,158.4,2.72,IN_PROGRESS,False
R046,H013,v2.47,10,54.64,62.45,2.1,289.81,91.64,1.4,221.79,1.46,IN_PROGRESS,False
R046,H014,v2.47,10,48.06,43.91,2.68,117.2,80.32,0.74,187.98,0.58,SUCCESS,False
R046,H015,v2.47,5,46.28,43.64,2.93,265.35,75.43,0.51,234.76,0.77,SUCCESS,False
R046,H016,v2.47,10,61.85,67.91,0.68,112.99,57.59,0.76,169.73,2.91,SUCCESS,False
R046,H017,v2.47,5,58.21,54.26,1.21,232.27,69.61,1.2,185.34,0.78,SUCCESS,False
R046,H018,v2.47,5,42.62,57.67,2.79,145.15,60.13,0.65,178.48,0.8,SUCCESS,False
R046,H019,v2.47,10,39.18,51.65,1.19,147.79,64.58,1.08,242.59,1.75,SUCCESS,False
R046,H020,v2.47,25,36.03,56.58,0.71,205.42,87.81,0.81,117.38,1.32,SUCCESS,False
R046,H021,v2.47,5,49.78,70.51,1.71,173.59,97.31,1.26,184.39,1.18,SUCCESS,False
R046,H022,v2.47,50,54.84,58.7,1.88,135.42,78.7,1.38,216.82,0.87,SUCCESS,False
R046,H023,v2.47,25,41.45,59.94,2.13,209.32,91.77,0.55,104.93,2.95,SUCCESS,False
R046,H024,v2.47,10,36.83,54.49,2.51,154.63,80.58,1.6,193.4,2.55,SUCCESS,False
R046,H025,v2.47,50,71.34,51.09,1.67,228.86,91.92,1.73,186.23,1.27,SUCCESS,False
R046,H026,v2.47,10,57.52,58.29,2.52,231.13,54.7,0.76,111.66,0.85,SUCCESS,False
R046,H027,v2.47,5,50.45,51.05,2.51,155.22,61.81,1.64,186.08,2.74,SUCCESS,False
R046,H028,v2.47,10,63.92,54.29,1.56,260.41,81.82,1.7,179.68,0.75,SUCCESS,False
R046,H029,v2.47,25,54.99,60.39,1.46,265.7,81.24,1.15,157.42,0.7,SUCCESS,False
R046,H030,v2.47,25,65.75,56.46,0.7,218.01,80.5,1.14,226.02,1.88,SUCCESS,False
R046,H031,v2.47,5,58.91,57.28,0.75,269.94,75.19,1.74,118.31,2.5,SUCCESS,False
R046,H032,v2.47,5,56.95,49.05,1.26,297.15,75.83,1.37,112.49,1.75,SUCCESS,False
R046,H033,v2.47,10,63.71,64.7,0.89,199.92,72.16,1.09,162.34,2.48,SUCCESS,False
R046,H034,v2.47,5,51.69,49.43,2.98,292.82,63.32,1.07,181.14,2.57,SUCCESS,False
R046,H035,v2.47,5,54.81,59.64,2.39,263.23,86.44,1.32,126.76,1.05,SUCCESS,False
R046,H036,v2.47,25,32.82,50.44,2.52,194.76,85.85,1.96,106.54,1.71,SUCCESS,False
R046,H037,v2.47,50,43.93,45.61,1.23,233.7,59.6,0.52,121.57,2.57,SUCCESS,False
R046,H038,v2.47,25,52.25,49.16,1.49,132.58,77.95,1.84,128.84,0.79,SUCCESS,False
R046,H039,v2.47,5,15.58,45.65,1.63,259.22,95.22,1.44,136.64,1.04,SUCCESS,False
R046,H040,v2.47,5,47.15,50.85,0.77,151.33,80.76,1.0,183.54,2.59,SUCCESS,False
R046,H041,v2.47,50,26.53,55.21,1.06,211.48,79.7,1.77,192.95,2.72,IN_PROGRESS,False
R046,H042,v2.47,25,45.0,51.88,2.95,109.06,71.25,1.51,196.76,1.67,SUCCESS,False
R046,H043,v2.47,100,53.53,57.69,2.37,155.98,65.81,1.09,184.63,2.1,SUCCESS,False
R046,H044,v2.47,5,57.54,70.23,2.81,120.32,88.32,1.37,154.15,1.05,SUCCESS,False
R046,H045,v2.47,25,50.9,66.04,0.59,156.39,59.97,0.57,143.74,2.1,SUCCESS,False
R046,H046,v2.47,100,58.42,69.84,1.34,168.73,64.56,1.09,135.26,1.5,SUCCESS,False
R046,H047,v2.47,10,47.78,51.82,1.3,209.54,69.79,1.05,142.52,2.43,IN_PROGRESS,False
R046,H048,v2.47,50,53.93,49.76,2.0,201.39,72.2,1.43,189.77,2.23,SUCCESS,False
R046,H049,v2.47,50,55.7,52.35,0.99,187.93,82.01,1.76,217.9,2.37,SUCCESS,False
R046,H050,v2.47,5,27.95,63.7,1.26,203.14,98.27,1.47,130.64,2.11,SUCCESS,False
R047,H001,v2.48,5,42.53,36.97,1.18,154.83,80.69,1.04,227.26,0.65,SUCCESS,False
R047,H002,v2.48,50,27.82,,2.83,110.85,70.98,1.63,215.72,0.88,SUCCESS,False
R047,H003,v2.48,5,53.82,49.41,2.13,168.34,58.92,0.54,239.61,0.96,SUCCESS,False
R047,H004,v2.48,25,38.62,60.85,1.13,244.12,68.59,1.73,104.86,2.48,SUCCESS,False
R047,H005,v2.48,5,59.76,71.42,2.03,286.04,82.37,0.63,216.45,2.14,SUCCESS,False
R047,H006,v2.48,25,42.3,55.29,0.96,282.59,78.95,1.38,120.23,0.8,SUCCESS,False
R047,H007,v2.48,10,42.58,38.81,0.75,177.47,75.17,1.8,156.43,0.52,SUCCESS,False
R047,H008,v2.48,5,51.57,59.16,0.63,294.34,86.54,1.79,157.75,0.53,SUCCESS,False
R047,H009,v2.48,25,43.26,65.31,2.55,293.22,53.7,1.52,230.78,1.07,SUCCESS,False
R047,H010,v2.48,50,29.3,54.54,1.48,190.33,79.56,1.99,108.1,2.35,IN_PROGRESS,False
R047,H011,v2.48,50,58.15,100.0,1.54,206.39,52.12,1.06,169.79,2.94,SUCCESS,False
R047,H012,v2.48,10,60.22,45.78,2.69,259.7,78.27,0.84,193.82,0.96,SUCCESS,False
R047,H013,v2.48,10,45.55,44.93,1.72,169.91,78.13,0.72,165.78,2.84,SUCCESS,False
R047,H014,v2.48,10,41.58,52.46,1.61,247.11,68.71,0.5,192.02,2.9,SUCCESS,False
R047,H015,v2.48,5,45.33,47.54,1.66,269.42,71.29,0.92,234.87,2.84,IN_PROGRESS,False
R047,H016,v2.48,100,65.05,54.49,2.57,272.79,93.35,1.26,127.89,1.92,SUCCESS,False
R047,H017,v2.48,10,38.12,58.83,0.87,158.62,87.17,0.61,152.52,0.58,SUCCESS,False
R047,H018,v2.48,50,48.55,59.49,2.85,154.84,60.71,0.53,135.04,1.05,SUCCESS,False
R047,H019,v2.48,100,60.11,58.99,1.02,177.58,93.74,1.78,227.03,2.1,SUCCESS,False
R047,H020,v2.48,25,50.41,61.32,2.11,,70.93,1.97,123.02,1.52,SUCCESS,False
R047,H021,v2.48,10,46.23,58.17,0.86,194.37,78.06,0.57,169.6,1.43,IN_PROGRESS,False
R047,H022,v2.48,10,34.17,52.28,1.06,106.8,63.24,0.93,181.04,2.61,SUCCESS,False
R047,H023,v2.48,10,50.24,49.99,2.49,235.26,91.44,0.68,166.28,1.77,SUCCESS,False
R047,H024,v2.48,10,53.59,38.6,1.37,274.03,66.3,0.69,115.26,2.75,SUCCESS,False
R047,H025,v2.48,5,36.77,52.23,1.39,248.6,62.48,1.18,213.81,1.56,SUCCESS,False
R047,H026,v2.48,100,54.19,62.15,2.48,182.51,52.35,1.65,203.87,1.75,SUCCESS,False
R047,H027,v2.48,10,45.71,51.39,1.76,248.0,91.22,1.41,207.0,1.18,SUCCESS,False
R047,H028,v2.48,5,42.7,69.02,2.82,192.89,74.03,1.62,124.75,0.58,SUCCESS,False
R047,H029,v2.48,50,48.92,56.68,2.1,245.85,92.15,1.29,130.98,1.95,SUCCESS,False
R047,H030,v2.48,10,65.88,60.93,1.81,236.95,96.83,1.17,179.69,1.35,SUCCESS,False
R047,H031,v2.48,10,49.8,54.28,2.46,137.69,92.99,0.89,240.54,2.54,SUCCESS,False
R047,H032,v2.48,5,50.92,64.2,1.32,157.92,66.33,0.78,105.47,1.86,SUCCESS,False
R047,H033,v2.48,25,50.01,49.33,2.78,246.16,51.58,1.93,102.27,2.06,SUCCESS,False
R047,H034,v2.48,5,51.61,58.58,2.17,297.24,51.69,0.9,193.13,0.88,SUCCESS,False
R047,H035,v2.48,5,42.68,39.19,1.46,287.98,92.0,1.26,166.33,2.95,IN_PROGRESS,False
R047,H036,v2.48,10,57.89,50.5,,200.25,59.28,1.62,130.21,2.18,SUCCESS,False
R047,H037,v2.48,25,49.11,50.54,0.74,248.93,63.01,0.92,185.63,2.75,SUCCESS,False
R047,H038,v2.48,5,62.46,62.8,2.84,288.47,74.77,0.84,196.71,1.88,SUCCESS,False
R047,H039,v2.48,100,59.95,50.22,0.75,191.13,53.66,0.86,146.54,1.57,SUCCESS,False
R047,H040,v2.48,10,64.02,78.54,1.21,299.42,72.65,1.94,246.84,1.19,SUCCESS,False
R047,H041,v2.48,25,58.65,50.31,0.51,166.72,95.4,1.34,185.83,2.15,SUCCESS,False
R047,H042,v2.48,50,42.06,57.54,1.95,163.7,72.01,0.58,163.67,1.46,SUCCESS,False
R047,H043,v2.48,10,68.54,42.74,1.19,151.88,80.09,1.89,240.77,2.2,SUCCESS,False
R047,H044,v2.48,10,37.29,54.02,0.6,167.67,81.68,1.53,116.9,0.88,SUCCESS,False
R047,H045,v2.48,50,63.42,54.82,2.6,244.99,86.01,0.5,151.59,1.12,SUCCESS,False
R047,H046,v2.48,25,54.63,57.93,2.01,185.77,86.44,0.58,109.0,2.61,SUCCESS,False
R047,H047,v2.48,10,37.18,55.48,2.52,129.11,87.3,0.93,150.89,1.7,SUCCESS,False
R047,H048,v2.48,50,65.29,58.62,1.78,157.24,79.84,1.99,194.67,2.63,SUCCESS,False
R047,H049,v2.48,25,50.41,57.92,2.85,262.67,67.47,0.82,170.02,2.17,SUCCESS,False
R047,H050,v2.48,50,49.49,70.19,1.31,182.59,67.98,1.64,146.82,2.74,SUCCESS,False
R048,H001,v2.49,5,40.24,57.04,2.95,190.92,88.43,1.73,133.84,2.56,SUCCESS,False
R048,H002,v2.49,25,47.08,48.11,1.41,124.46,69.24,0.9,217.88,0.75,IN_PROGRESS,False
R048,H003,v2.49,10,43.24,56.1,1.73,298.55,79.69,1.49,243.5,1.47,SUCCESS,False
R048,H004,v2.49,10,44.81,63.35,2.62,298.35,56.47,0.96,158.08,1.37,SUCCESS,False
R048,H005,v2.49,5,47.43,63.51,2.03,228.39,76.03,0.81,153.35,2.37,SUCCESS,False
R048,H006,v2.49,10,29.17,60.82,1.85,181.2,53.66,1.0,140.46,2.59,SUCCESS,False
R048,H007,v2.49,10,62.04,60.32,2.03,205.05,64.13,1.7,142.1,2.92,SUCCESS,False
R048,H008,v2.49,5,45.49,60.03,1.28,111.84,74.52,1.86,161.65,1.14,IN_PROGRESS,False
R048,H009,v2.49,10,43.43,65.96,2.1,122.41,91.14,0.57,175.53,2.26,SUCCESS,False
R048,H010,v2.49,10,62.23,50.09,2.8,152.19,63.39,1.95,238.08,2.58,SUCCESS,False
R048,H011,v2.49,50,54.02,42.31,1.96,215.38,87.68,1.29,118.52,0.69,IN_PROGRESS,False
R048,H012,v2.49,100,40.4,62.1,1.96,268.44,94.86,1.46,201.15,1.24,SUCCESS,False
R048,H013,v2.49,10,50.23,62.5,2.15,299.55,86.84,1.76,172.35,0.87,SUCCESS,False
R048,H014,v2.49,100,52.86,46.79,1.8,133.71,78.2,1.8,111.23,0.82,SUCCESS,False
R048,H015,v2.49,50,51.56,55.13,1.36,168.87,83.72,0.52,107.15,0.84,SUCCESS,False
R048,H016,v2.49,25,55.64,62.68,2.04,270.72,69.44,1.24,201.15,2.75,SUCCESS,False
R048,H017,v2.49,100,64.09,58.66,1.5,298.34,63.22,0.53,238.19,1.07,SUCCESS,False
R048,H018,v2.49,25,57.19,70.29,2.28,250.19,55.48,1.53,231.18,0.96,SUCCESS,False
R048,H019,v2.49,25,51.91,67.74,1.05,223.06,56.22,1.94,149.62,2.92,SUCCESS,False
R048,H020,v2.49,25,58.82,54.36,1.26,250.8,94.93,1.76,209.55,1.69,SUCCESS,False
R048,H021,v2.49,25,46.99,55.02,1.15,164.66,92.04,1.61,211.36,2.63,SUCCESS,False
R048,H022,v2.49,10,42.51,65.21,2.2,136.87,68.86,0.82,229.05,1.46,SUCCESS,False
R048,H023,v2.49,5,53.71,37.98,1.19,240.09,65.82,0.86,102.69,1.53,IN_PROGRESS,False
R048,H024,v2.49,10,57.62,51.69,2.42,236.2,75.39,0.86,132.62,1.64,SUCCESS,False
R048,H025,v2.49,10,42.36,44.1,1.48,123.58,63.08,0.59,113.23,1.06,SUCCESS,False
R048,H026,v2.49,25,46.72,51.42,1.08,297.04,50.76,1.08,149.01,2.59,SUCCESS,False
R048,H027,v2.49,25,58.53,71.55,2.94,257.15,67.78,0.7,166.56,2.44,SUCCESS,False
R048,H028,v2.49,10,41.39,50.74,1.69,259.4,95.31,1.98,121.26,1.35,SUCCESS,False
R048,H029,v2.49,5,57.07,42.54,2.75,215.68,88.83,1.66,136.44,2.12,SUCCESS,False
R048,H030,v2.49,5,42.46,47.47,0.95,233.54,82.42,1.03,136.92,1.95,SUCCESS,False
R048,H031,v2.49,25,60.62,49.84,2.73,248.52,63.74,0.91,179.14,0.94,IN_PROGRESS,False
R048,H032,v2.49,10,57.94,53.46,2.71,137.48,91.78,1.93,238.86,1.5,SUCCESS,False
R048,H033,v2.49,100,42.63,54.66,,170.28,86.77,0.68,121.78,2.52,SUCCESS,False
R048,H034,v2.49,5,37.39,63.46,2.22,150.27,91.12,1.27,175.02,2.92,SUCCESS,False
R048,H035,v2.49,5,48.02,58.52,2.61,236.09,64.59,1.56,160.69,2.63,SUCCESS,False
R048,H036,v2.49,10,56.77,66.43,2.57,188.41,77.6,1.27,249.41,2.88,SUCCESS,False
R048,H037,v2.49,25,66.61,63.05,0.93,209.12,53.87,1.55,231.27,1.34,SUCCESS,False
R048,H038,v2.49,25,45.41,49.83,1.5,287.84,62.76,1.53,120.15,2.18,SUCCESS,False
R048,H039,v2.49,25,61.11,51.13,0.67,155.09,60.26,0.89,177.54,2.01,SUCCESS,False
R048,H040,v2.49,50,53.65,55.99,2.5,253.51,91.04,1.0,123.53,1.75,SUCCESS,False
R048,H041,v2.49,25,18.55,59.44,2.98,200.88,81.32,0.99,194.61,0.58,SUCCESS,False
R048,H042,v2.49,5,56.17,50.25,1.27,162.47,70.62,0.68,124.19,2.39,SUCCESS,False
R048,H043,v2.49,25,48.14,51.72,2.13,163.09,51.0,1.67,239.42,1.63,SUCCESS,False
R048,H044,v2.49,50,57.28,54.94,2.76,297.61,77.34,0.55,197.78,2.65,SUCCESS,False
R048,H045,v2.49,50,47.48,53.01,0.79,195.26,80.87,1.91,185.58,1.7,SUCCESS,False
R048,H046,v2.49,50,62.14,60.29,1.76,139.45,63.61,0.65,190.29,1.42,SUCCESS,False
R048,H047,v2.49,50,77.03,44.37,1.99,233.57,97.61,1.87,169.39,2.73,IN_PROGRESS,False
R048,H048,v2.49,5,42.95,59.2,1.4,136.84,70.59,1.77,110.84,1.61,SUCCESS,False
R048,H049,v2.49,50,51.18,60.43,1.96,271.98,52.5,1.77,212.63,1.37,SUCCESS,False
R048,H050,v2.49,5,55.69,46.84,1.57,191.25,70.74,1.74,243.74,0.89,SUCCESS,False
R049,H001,v2.50,10,56.74,70.03,2.63,148.32,59.1,1.02,145.83,0.6,SUCCESS,False
R049,H002,v2.50,10,44.68,35.38,2.39,170.54,98.37,1.52,212.74,2.46,SUCCESS,False
R049,H003,v2.50,25,61.63,53.31,1.14,102.28,72.59,1.02,219.89,2.08,SUCCESS,False
R049,H004,v2.50,25,35.6,51.2,2.13,159.03,50.71,1.17,125.67,2.56,SUCCESS,False
R049,H005,v2.50,5,71.32,61.08,1.07,208.7,94.35,0.99,103.28,3.0,SUCCESS,False
R049,H006,v2.50,5,50.49,49.28,1.73,101.27,75.99,0.62,138.18,1.71,SUCCESS,False
R049,H007,v2.50,10,69.83,57.76,1.91,146.14,69.33,1.77,112.77,0.66,SUCCESS,False
R049,H008,v2.50,100,47.73,54.18,2.99,185.57,61.71,0.6,239.65,2.16,IN_PROGRESS,False
R049,H009,v2.50,10,,55.69,1.85,191.58,66.49,1.19,102.78,1.11,SUCCESS,False
R049,H010,v2.50,50,49.75,64.73,2.57,174.9,58.36,0.87,146.3,1.5,IN_PROGRESS,False
R049,H011,v2.50,10,62.62,53.6,0.94,144.06,89.41,1.73,162.24,1.29,SUCCESS,False
R049,H012,v2.50,10,46.01,55.82,1.82,151.4,73.35,0.87,193.48,1.27,IN_PROGRESS,False
R049,H013,v2.50,25,52.58,60.84,2.95,131.19,68.12,0.51,139.84,1.24,SUCCESS,False
R049,H014,v2.50,25,46.43,69.52,1.89,191.08,77.94,0.97,111.95,2.73,IN_PROGRESS,False
R049,H015,v2.50,10,39.46,60.73,2.15,255.72,74.09,1.28,179.5,2.19,IN_PROGRESS,False
R049,H016,v2.50,50,46.13,46.44,0.77,139.54,88.49,0.82,206.99,2.41,SUCCESS,False
R049,H017,v2.50,50,40.89,60.56,2.47,185.89,55.97,1.29,170.59,0.82,SUCCESS,False
R049,H018,v2.50,10,45.02,59.43,2.81,233.47,77.7,0.94,132.82,2.74,SUCCESS,False
R049,H019,v2.50,50,55.19,43.84,1.94,157.88,88.23,1.38,194.88,1.02,IN_PROGRESS,False
R049,H020,v2.50,25,55.92,57.68,1.04,121.46,91.11,1.71,218.68,2.04,SUCCESS,False
R049,H021,v2.50,25,43.72,59.74,0.57,282.15,60.92,0.59,116.16,2.73,SUCCESS,False
R049,H022,v2.50,25,39.16,49.72,3.0,234.2,53.78,1.64,101.56,1.51,SUCCESS,False
R049,H023,v2.50,5,40.19,44.43,1.8,287.34,78.86,1.97,165.92,2.34,SUCCESS,False
R049,H024,v2.50,25,47.62,48.42,2.8,209.07,66.18,1.63,133.89,1.3,SUCCESS,False
R049,H025,v2.50,100,61.06,61.3,0.68,270.03,73.63,1.25,125.08,2.57,SUCCESS,False
R049,H026,v2.50,5,46.34,67.5,1.86,254.54,87.44,0.68,124.39,1.35,SUCCESS,False
R049,H027,v2.50,100,59.62,43.11,2.04,155.17,60.59,1.66,103.03,1.61,SUCCESS,False
R049,H028,v2.50,10,68.32,52.36,1.95,198.98,65.5,1.92,121.51,1.38,SUCCESS,False
R049,H029,v2.50,50,55.56,55.01,0.55,139.9,81.92,1.36,140.37,1.62,SUCCESS,False
R049,H030,v2.50,50,36.15,49.54,2.78,118.44,72.93,0.99,224.34,2.86,IN_PROGRESS,False
R049,H031,v2.50,5,44.68,58.52,1.55,183.81,72.15,1.25,210.62,0.76,SUCCESS,False
R049,H032,v2.50,100,58.49,100.0,2.29,245.29,76.71,0.55,188.73,0.65,SUCCESS,False
R049,H033,v2.50,10,61.52,72.21,2.01,246.44,70.74,1.05,211.79,2.73,SUCCESS,False
R049,H034,v2.50,50,49.98,57.34,2.66,137.18,93.52,0.55,181.99,2.01,SUCCESS,False
R049,H035,v2.50,5,52.0,59.36,2.57,246.97,88.45,1.2,226.52,2.25,SUCCESS,False
R049,H036,v2.50,50,54.8,55.16,2.46,173.73,96.57,0.57,140.12,2.28,SUCCESS,False
R049,H037,v2.50,10,57.13,68.16,2.92,159.54,62.11,1.86,219.59,1.21,SUCCESS,False
R049,H038,v2.50,25,55.23,42.77,2.53,255.44,52.57,1.02,105.96,0.95,SUCCESS,False
R049,H039,v2.50,5,54.18,44.55,1.41,133.36,91.84,1.35,154.5,2.25,SUCCESS,False
R049,H040,v2.50,10,37.73,53.86,1.51,103.09,83.83,1.75,137.62,2.78,SUCCESS,False
R049,H041,v2.50,5,51.8,59.57,2.95,250.69,92.61,1.91,146.35,0.76,SUCCESS,False
R049,H042,v2.50,25,52.72,57.1,1.53,277.85,91.95,1.65,220.55,2.3,IN_PROGRESS,False
R049,H043,v2.50,50,61.1,49.09,0.82,254.57,93.01,0.63,181.12,1.7,SUCCESS,False
R049,H044,v2.50,5,62.91,59.21,1.83,219.62,76.21,1.73,243.7,0.53,SUCCESS,False
R049,H045,v2.50,5,34.82,50.91,1.86,297.37,63.47,1.63,125.15,2.63,SUCCESS,False
R049,H046,v2.50,5,48.41,55.11,3.0,252.22,84.19,1.74,144.64,1.1,SUCCESS,False
R049,H047,v2.50,25,73.09,57.13,1.11,104.13,69.93,0.63,177.76,1.31,SUCCESS,False
R049,H048,v2.50,25,68.68,55.66,2.65,248.78,84.2,0.65,128.59,0.54,SUCCESS,False
R049,H049,v2.50,5,63.33,63.29,1.27,299.08,57.85,1.73,150.22,0.76,SUCCESS,False
R049,H050,v2.50,25,54.97,58.34,2.87,210.74,88.08,1.69,243.2,1.36,SUCCESS,False
R050,H001,v3.1,10,33.9,44.23,2.07,134.95,93.43,0.74,174.55,1.45,SUCCESS,False
R050,H002,v3.1,5,30.26,59.95,2.64,130.56,61.24,1.94,136.7,0.95,SUCCESS,False
R050,H003,v3.1,5,37.4,49.23,2.94,105.15,62.39,1.71,114.38,2.3,SUCCESS,False
R050,H004,v3.1,25,53.99,49.76,1.52,128.12,55.17,0.89,172.83,2.35,SUCCESS,False
R050,H005,v3.1,5,50.47,34.65,1.08,192.24,72.86,1.48,157.12,2.22,SUCCESS,False
R050,H006,v3.1,10,47.44,55.87,2.38,291.02,59.68,0.62,167.44,0.52,SUCCESS,False
R050,H007,v3.1,10,41.26,49.31,1.36,129.53,61.94,0.94,100.14,1.99,SUCCESS,False
R050,H008,v3.1,5,47.42,52.14,3.0,261.21,77.13,1.61,176.23,1.37,SUCCESS,False
R050,H009,v3.1,25,42.63,55.47,1.15,192.35,78.55,1.11,226.88,0.76,SUCCESS,False
R050,H010,v3.1,100,56.41,62.78,0.96,182.33,67.99,1.33,192.95,1.84,SUCCESS,False
R050,H011,v3.1,5,53.36,63.5,2.59,198.75,80.81,0.93,124.27,1.8,SUCCESS,False
R050,H012,v3.1,100,50.88,53.22,0.62,112.07,67.59,1.82,119.39,0.9,SUCCESS,False
R050,H013,v3.1,10,62.79,52.34,2.12,286.7,79.06,0.86,186.29,2.06,SUCCESS,False
R050,H014,v3.1,5,60.29,51.91,0.67,207.7,91.84,0.8,105.15,2.24,SUCCESS,False
R050,H015,v3.1,5,43.0,65.54,2.1,191.45,86.06,1.65,112.98,0.67,SUCCESS,False
R050,H016,v3.1,25,58.1,53.61,0.91,149.7,55.81,1.16,147.84,2.02,SUCCESS,False
R050,H017,v3.1,10,41.71,44.58,1.31,199.67,69.84,0.58,226.44,1.82,SUCCESS,False
R050,H018,v3.1,25,65.18,70.4,1.83,297.12,86.09,1.41,141.88,1.83,SUCCESS,False
R050,H019,v3.1,25,41.52,57.47,1.66,245.32,64.99,1.0,196.16,2.26,SUCCESS,False
R050,H020,v3.1,100,47.56,60.9,1.14,254.17,76.06,1.02,238.45,1.07,SUCCESS,False
R050,H021,v3.1,5,48.18,41.63,1.62,136.83,86.24,1.5,248.7,2.03,SUCCESS,False
R050,H022,v3.1,5,49.57,71.12,0.62,257.39,86.24,1.47,159.05,1.89,SUCCESS,False
R050,H023,v3.1,50,55.46,50.88,1.9,297.49,84.29,1.4,153.24,1.43,SUCCESS,False
R050,H024,v3.1,5,42.19,39.6,1.8,164.18,86.91,1.32,176.37,1.23,SUCCESS,False
R050,H025,v3.1,5,45.7,62.88,1.07,206.02,89.87,1.36,145.32,0.84,SUCCESS,False
R050,H026,v3.1,50,57.33,47.33,2.74,119.04,89.95,1.24,114.2,2.66,SUCCESS,False
R050,H027,v3.1,50,54.45,67.3,2.24,182.47,65.66,1.49,165.82,2.66,SUCCESS,False
R050,H028,v3.1,10,46.77,57.55,1.87,125.2,91.85,1.31,224.75,2.67,SUCCESS,False
R050,H029,v3.1,10,49.3,60.07,2.83,275.85,79.42,1.09,109.93,2.57,SUCCESS,False
R050,H030,v3.1,5,60.86,62.88,1.26,243.2,79.73,0.56,201.65,2.27,SUCCESS,False
R050,H031,v3.1,50,62.86,47.19,2.58,143.16,83.87,0.86,166.85,2.87,SUCCESS,False
R050,H032,v3.1,25,48.51,68.73,0.73,222.17,97.48,0.75,203.96,1.43,SUCCESS,False
R050,H033,v3.1,50,57.34,58.82,1.5,177.96,87.87,0.74,167.36,1.88,SUCCESS,False
R050,H034,v3.1,50,51.6,53.73,3.0,167.14,57.72,1.3,114.7,1.47,SUCCESS,False
R050,H035,v3.1,25,43.58,58.1,0.81,279.13,73.4,1.31,223.34,2.55,SUCCESS,False
R050,H036,v3.1,5,71.21,58.14,2.4,194.21,62.24,1.89,221.34,2.88,SUCCESS,False
R050,H037,v3.1,25,46.56,59.83,1.02,222.89,75.4,1.61,116.6,1.03,SUCCESS,False
R050,H038,v3.1,10,42.59,59.21,2.07,235.63,92.37,1.02,157.24,2.51,SUCCESS,False
R050,H039,v3.1,50,57.28,60.93,2.13,115.76,69.42,0.91,178.88,0.63,SUCCESS,False
R050,H040,v3.1,5,70.39,59.25,2.73,190.99,88.17,0.75,194.05,0.61,SUCCESS,False
R050,H041,v3.1,50,39.28,60.33,0.66,232.5,87.35,1.06,170.9,0.8,SUCCESS,False
R050,H042,v3.1,50,72.95,53.78,0.59,279.64,70.87,1.06,145.34,2.9,SUCCESS,False
R050,H043,v3.1,50,57.69,43.95,2.82,139.75,83.15,0.54,173.45,2.8,IN_PROGRESS,False
R050,H044,v3.1,50,40.8,59.62,2.4,259.01,54.34,0.76,241.9,1.09,SUCCESS,False
R050,H045,v3.1,5,40.46,51.72,1.44,227.13,91.38,1.95,139.59,1.77,SUCCESS,False
R050,H046,v3.1,5,47.06,50.09,2.75,217.21,70.54,1.37,158.45,2.76,IN_PROGRESS,False
R050,H047,v3.1,10,56.7,59.39,1.25,240.73,50.57,0.66,224.96,1.05,SUCCESS,False
R050,H048,v3.1,10,30.76,55.95,2.56,265.76,86.36,1.94,192.26,1.54,SUCCESS,False
R050,H049,v3.1,5,60.53,56.09,1.37,114.48,77.75,1.45,156.98,2.5,SUCCESS,False
R050,H050,v3.1,5,41.98,56.08,0.81,102.26,63.22,1.58,161.77,2.18,IN_PROGRESS,False
R051,H001,v3.2,10,51.3,55.42,1.43,139.06,72.38,1.73,231.43,1.8,SUCCESS,False
R051,H002,v3.2,50,57.79,61.81,0.54,284.04,52.06,1.86,238.62,1.38,SUCCESS,False
R051,H003,v3.2,50,46.42,44.21,0.59,184.51,93.85,1.26,144.91,0.67,SUCCESS,False
R051,H004,v3.2,5,46.67,51.15,2.87,160.84,53.19,1.56,200.73,0.56,SUCCESS,False
R051,H005,v3.2,5,36.12,49.15,0.66,258.23,91.73,1.25,149.78,2.05,SUCCESS,False
R051,H006,v3.2,5,51.64,55.88,2.13,195.02,70.96,1.08,212.91,1.44,SUCCESS,False
R051,H007,v3.2,25,52.42,63.98,1.28,188.82,71.5,1.28,156.42,1.39,SUCCESS,False
R051,H008,v3.2,25,36.0,51.77,1.28,217.55,85.09,1.45,214.46,2.64,SUCCESS,False
R051,H009,v3.2,100,29.28,56.71,0.55,108.69,99.02,1.72,217.19,0.58,SUCCESS,False
R051,H010,v3.2,10,50.42,58.83,2.13,163.15,85.54,1.88,111.03,2.03,SUCCESS,False
R051,H011,v3.2,10,39.76,52.02,2.95,216.9,84.08,1.9,209.48,0.98,SUCCESS,False
R051,H012,v3.2,5,69.59,57.0,2.47,239.01,77.86,0.64,115.57,1.41,IN_PROGRESS,False
R051,H013,v3.2,10,53.28,56.87,1.76,255.96,77.38,0.95,139.27,0.97,SUCCESS,False
R051,H014,v3.2,25,54.98,61.65,1.91,277.93,85.72,1.76,195.28,0.78,SUCCESS,False
R051,H015,v3.2,100,36.76,57.95,0.52,251.68,97.12,1.16,107.35,0.89,SUCCESS,False
R051,H016,v3.2,25,55.89,59.82,2.24,277.21,58.86,1.01,179.82,1.0,SUCCESS,False
R051,H017,v3.2,25,59.79,59.43,0.53,212.51,62.98,1.09,119.52,1.67,SUCCESS,False
R051,H018,v3.2,10,50.2,59.79,0.87,129.64,91.57,1.97,136.48,2.02,SUCCESS,False
R051,H019,v3.2,5,53.63,56.96,1.1,258.98,62.46,0.5,115.27,1.0,SUCCESS,False
R051,H020,v3.2,10,26.48,57.27,2.93,261.47,77.87,1.11,146.42,2.83,SUCCESS,False
R051,H021,v3.2,5,31.78,53.1,2.97,149.97,65.82,0.72,106.28,2.67,SUCCESS,False
R051,H022,v3.2,10,72.24,64.53,1.17,167.95,92.61,1.51,161.09,0.55,SUCCESS,False
R051,H023,v3.2,10,59.15,61.17,2.76,219.03,86.1,1.0,219.74,2.04,SUCCESS,False
R051,H024,v3.2,5,53.34,51.34,1.4,261.2,62.76,1.89,202.46,2.89,SUCCESS,False
R051,H025,v3.2,10,50.0,47.2,2.55,299.53,60.39,0.66,172.58,1.0,SUCCESS,False
R051,H026,v3.2,50,49.67,54.33,1.04,242.46,76.16,1.6,115.29,1.63,SUCCESS,False
R051,H027,v3.2,50,75.91,60.67,1.78,151.61,68.49,1.15,112.47,1.06,SUCCESS,False
R051,H028,v3.2,25,56.73,63.14,2.69,180.7,86.94,0.84,136.98,1.87,IN_PROGRESS,False
R051,H029,v3.2,50,39.71,61.28,0.64,239.44,82.97,1.46,101.05,2.39,SUCCESS,False
R051,H030,v3.2,25,48.29,60.52,0.75,165.17,63.65,1.26,189.02,1.54,SUCCESS,False
R051,H031,v3.2,5,100.0,43.49,1.73,234.63,96.63,1.88,194.44,1.96,SUCCESS,False
R051,H032,v3.2,100,59.61,50.74,1.38,244.7,75.06,1.28,128.11,2.44,SUCCESS,False
R051,H033,v3.2,25,63.05,65.21,1.73,259.12,94.07,0.75,141.04,1.71,SUCCESS,False
R051,H034,v3.2,25,39.61,55.32,1.2,237.2,83.12,1.84,126.81,0.69,IN_PROGRESS,False
R051,H035,v3.2,25,57.72,53.73,1.01,286.75,54.99,1.89,113.71,1.82,SUCCESS,False
R051,H036,v3.2,10,63.27,54.39,2.56,163.43,95.56,1.23,172.3,0.51,SUCCESS,False
R051,H037,v3.2,5,52.94,61.19,0.66,164.97,74.04,0.54,178.87,1.43,SUCCESS,False
R051,H038,v3.2,100,40.73,57.95,1.06,280.14,59.47,1.9,184.82,2.25,SUCCESS,False
R051,H039,v3.2,5,34.17,50.49,2.73,269.12,51.53,1.91,169.19,1.51,SUCCESS,False
R051,H040,v3.2,10,48.82,50.67,0.91,237.76,77.34,0.65,243.62,0.7,SUCCESS,False
R051,H041,v3.2,5,47.31,43.37,2.94,263.98,93.04,0.63,209.74,2.62,SUCCESS,False
R051,H042,v3.2,100,44.05,52.32,1.92,170.67,77.93,0.92,188.5,1.96,SUCCESS,False
R051,H043,v3.2,50,61.33,54.85,2.14,120.04,91.6,0.97,166.57,2.66,SUCCESS,False
R051,H044,v3.2,10,48.87,62.79,2.65,120.29,77.41,1.6,232.02,0.75,SUCCESS,False
R051,H045,v3.2,5,42.78,66.28,2.98,232.59,83.48,1.4,228.26,2.54,IN_PROGRESS,False
R051,H046,v3.2,10,35.36,64.65,1.57,211.62,88.15,1.52,188.53,2.6,SUCCESS,False
R051,H047,v3.2,5,47.83,61.5,1.91,241.21,95.65,0.84,219.9,2.88,SUCCESS,False
R051,H048,v3.2,25,48.47,64.21,3.0,100.08,65.09,1.57,146.24,0.77,SUCCESS,False
R051,H049,v3.2,25,54.21,54.39,2.07,183.17,64.77,0.58,137.91,2.51,SUCCESS,False
R051,H050,v3.2,5,41.34,68.81,2.74,182.17,95.46,0.6,218.18,2.28,SUCCESS,False
R052,H001,v3.3,25,60.42,57.03,0.56,139.21,83.29,0.89,165.21,1.65,SUCCESS,False
R052,H002,v3.3,50,41.55,57.99,1.09,207.1,64.37,0.55,152.41,2.88,SUCCESS,False
R052,H003,v3.3,5,36.97,40.81,1.38,220.72,90.97,1.35,226.92,2.35,SUCCESS,False
R052,H004,v3.3,100,36.63,56.06,0.81,197.14,78.85,1.56,195.54,0.9,SUCCESS,False
R052,H005,v3.3,5,47.96,54.24,2.09,230.44,95.96,0.67,123.05,0.94,SUCCESS,False
R052,H006,v3.3,10,48.0,47.61,1.57,193.75,60.91,1.02,222.65,2.65,SUCCESS,False
R052,H007,v3.3,5,36.71,48.86,0.73,212.07,98.32,1.14,132.95,0.57,SUCCESS,False
R052,H008,v3.3,5,43.62,59.67,2.25,271.11,73.71,1.62,224.86,2.9,IN_PROGRESS,False
R052,H009,v3.3,10,30.63,67.42,1.81,290.52,62.66,1.47,168.69,1.75,SUCCESS,False
R052,H010,v3.3,5,52.46,49.84,1.46,274.3,64.77,1.0,114.15,1.79,SUCCESS,False
R052,H011,v3.3,25,42.19,36.61,2.8,171.99,68.17,0.75,200.55,2.03,SUCCESS,False
R052,H012,v3.3,10,59.29,53.32,1.0,144.29,95.16,1.09,223.06,2.62,SUCCESS,False
R052,H013,v3.3,5,72.78,45.38,2.73,118.09,96.34,1.64,176.5,2.24,SUCCESS,False
R052,H014,v3.3,5,83.82,57.32,1.08,235.0,69.47,0.85,190.88,1.17,SUCCESS,False
R052,H015,v3.3,5,54.73,44.66,2.33,232.06,52.62,0.8,116.26,1.69,IN_PROGRESS,False
R052,H016,v3.3,100,65.13,67.08,2.31,102.2,86.94,1.55,132.71,2.54,SUCCESS,False
R052,H017,v3.3,10,44.69,58.48,0.93,266.18,80.24,0.67,113.1,2.03,SUCCESS,False
R052,H018,v3.3,100,51.67,51.26,1.87,122.25,58.93,0.83,132.18,1.41,SUCCESS,False
R052,H019,v3.3,5,47.43,69.47,2.99,246.72,90.24,0.88,101.55,1.79,SUCCESS,False
R052,H020,v3.3,25,42.67,47.59,0.53,283.39,84.48,1.18,126.88,2.22,SUCCESS,False
R052,H021,v3.3,10,42.59,51.73,1.63,199.09,86.17,1.57,153.93,1.14,SUCCESS,False
R052,H022,v3.3,10,60.0,57.12,2.67,209.18,92.42,1.43,190.8,2.78,IN_PROGRESS,False
R052,H023,v3.3,10,40.37,62.85,1.35,237.22,54.07,0.82,236.61,1.69,SUCCESS,False
R052,H024,v3.3,10,65.21,59.59,0.87,174.39,97.21,1.65,212.68,2.68,SUCCESS,False
R052,H025,v3.3,5,40.09,56.75,2.72,223.99,99.36,0.86,174.08,1.99,SUCCESS,False
R052,H026,v3.3,5,57.36,46.93,0.57,238.13,84.45,1.27,176.29,1.64,SUCCESS,False
R052,H027,v3.3,100,,53.52,2.47,260.04,91.12,0.6,202.56,0.74,SUCCESS,False
R052,H028,v3.3,50,36.58,45.53,0.56,253.72,66.36,1.48,226.66,1.33,SUCCESS,False
R052,H029,v3.3,10,38.8,42.67,2.33,142.59,95.53,1.95,111.5,1.44,SUCCESS,False
R052,H030,v3.3,5,40.02,46.01,2.58,146.2,84.06,1.53,185.47,1.78,SUCCESS,False
R052,H031,v3.3,10,57.13,56.75,1.12,172.38,90.94,1.5,111.73,1.08,SUCCESS,False
R052,H032,v3.3,10,43.41,39.29,0.92,273.07,50.99,0.6,242.16,1.23,SUCCESS,False
R052,H033,v3.3,5,56.62,61.74,0.96,212.93,71.97,1.37,155.75,0.58,SUCCESS,False
R052,H034,v3.3,5,40.09,51.29,2.95,209.17,87.08,1.78,233.7,1.69,SUCCESS,False
R052,H035,v3.3,5,45.73,61.42,1.57,142.66,59.77,1.51,182.71,2.66,SUCCESS,False
R052,H036,v3.3,5,27.72,56.17,2.16,119.03,60.59,0.7,183.24,2.06,SUCCESS,False
R052,H037,v3.3,50,30.04,54.55,0.51,136.66,64.43,0.63,108.62,1.05,SUCCESS,False
R052,H038,v3.3,5,47.84,54.28,1.52,270.52,95.43,1.72,136.05,1.45,SUCCESS,False
R052,H039,v3.3,100,51.71,57.06,2.36,268.67,71.15,0.54,214.87,2.16,SUCCESS,False
R052,H040,v3.3,10,57.65,56.87,0.76,291.83,96.49,1.3,160.49,2.92,SUCCESS,False
R052,H041,v3.3,10,37.97,59.43,0.55,244.7,70.28,0.6,235.21,2.63,SUCCESS,False
R052,H042,v3.3,5,63.14,55.54,1.71,280.11,82.56,1.27,172.28,2.6,SUCCESS,False
R052,H043,v3.3,10,49.86,52.28,0.82,136.66,93.35,1.29,142.15,1.7,SUCCESS,False
R052,H044,v3.3,25,46.1,45.29,2.82,129.23,70.03,1.73,204.95,1.02,IN_PROGRESS,False
R052,H045,v3.3,5,43.92,62.57,0.83,169.13,56.63,1.29,180.48,2.74,SUCCESS,False
R052,H046,v3.3,5,63.64,35.08,2.08,232.91,52.68,1.39,148.59,0.66,SUCCESS,False
R052,H047,v3.3,25,45.9,60.59,2.69,116.21,82.01,0.75,214.24,2.5,SUCCESS,False
R052,H048,v3.3,100,49.44,60.85,1.47,278.64,67.73,1.2,189.16,2.78,SUCCESS,False
R052,H049,v3.3,5,66.15,59.72,0.67,276.47,69.07,1.27,143.69,1.19,SUCCESS,False
R052,H050,v3.3,5,63.35,65.5,2.85,159.69,80.82,1.96,247.09,0.97,SUCCESS,False
R053,H001,v3.4,5,55.6,54.54,1.89,129.93,61.42,1.4,156.12,1.61,SUCCESS,False
R053,H002,v3.4,10,47.41,50.75,2.6,256.74,82.8,1.13,148.33,2.93,SUCCESS,False
R053,H003,v3.4,25,52.25,54.67,1.49,,69.78,1.23,213.86,2.68,SUCCESS,False
R053,H004,v3.4,10,48.36,55.29,0.81,147.3,78.84,1.12,189.47,2.19,SUCCESS,False
R053,H005,v3.4,10,47.67,42.4,0.99,282.77,60.62,1.02,224.65,1.52,SUCCESS,False
R053,H006,v3.4,10,54.9,58.24,0.75,284.81,93.46,1.5,151.79,2.06,SUCCESS,False
R053,H007,v3.4,5,56.7,63.06,2.14,121.22,94.06,1.54,161.35,2.75,SUCCESS,False
R053,H008,v3.4,10,36.85,66.71,2.09,244.02,75.73,1.95,169.62,2.06,SUCCESS,False
R053,H009,v3.4,5,52.24,59.67,2.88,216.56,89.62,0.7,117.97,1.65,SUCCESS,False
R053,H010,v3.4,5,44.15,46.4,2.49,136.5,53.25,1.06,111.72,1.37,SUCCESS,False
R053,H011,v3.4,50,47.23,55.84,0.84,197.16,90.18,0.93,120.54,1.02,SUCCESS,False
R053,H012,v3.4,5,50.89,36.4,,129.74,67.42,1.38,207.55,1.86,SUCCESS,False
R053,H013,v3.4,5,47.35,60.72,1.78,135.75,96.94,1.48,116.58,1.87,IN_PROGRESS,False
R053,H014,v3.4,5,41.81,65.03,1.46,230.85,55.14,1.22,225.06,0.99,SUCCESS,False
R053,H015,v3.4,100,72.0,59.59,0.93,130.27,83.35,0.68,222.75,0.91,SUCCESS,False
R053,H016,v3.4,10,59.07,51.41,1.36,273.82,66.99,1.2,140.48,1.26,SUCCESS,False
R053,H017,v3.4,50,49.54,53.01,2.65,186.6,57.89,1.51,248.22,0.51,SUCCESS,False
R053,H018,v3.4,10,52.15,62.03,1.6,132.45,53.83,0.52,171.63,1.01,SUCCESS,False
R053,H019,v3.4,25,41.54,56.18,0.94,206.95,50.95,1.57,186.63,1.37,SUCCESS,False
R053,H020,v3.4,5,58.65,47.35,1.32,127.21,91.42,1.39,152.28,1.7,SUCCESS,False
R053,H021,v3.4,50,61.64,46.65,2.76,294.43,97.81,1.78,168.93,1.23,SUCCESS,False
R053,H022,v3.4,50,43.88,69.91,2.87,292.65,67.72,1.54,234.24,1.29,SUCCESS,False
R053,H023,v3.4,100,46.12,58.97,2.05,209.54,84.77,1.2,210.52,2.36,SUCCESS,False
R053,H024,v3.4,50,44.83,53.44,2.43,243.03,85.8,1.04,143.14,1.88,SUCCESS,False
R053,H025,v3.4,10,38.86,49.93,0.57,294.12,58.09,0.79,212.36,1.67,SUCCESS,False
R053,H026,v3.4,5,53.11,73.0,1.39,229.7,95.32,1.05,136.47,1.96,SUCCESS,False
R053,H027,v3.4,5,29.07,44.37,2.72,222.02,90.49,0.87,217.54,2.51,SUCCESS,False
R053,H028,v3.4,10,44.18,50.49,1.58,196.6,97.75,1.6,185.01,1.76,SUCCESS,False
R053,H029,v3.4,100,54.19,67.58,0.83,143.75,51.93,1.26,216.29,1.1,SUCCESS,False
R053,H030,v3.4,5,44.3,55.84,2.04,124.62,83.47,1.56,125.39,1.74,SUCCESS,False
R053,H031,v3.4,100,53.93,62.59,,186.65,92.26,1.99,198.17,2.02,IN_PROGRESS,False
R053,H032,v3.4,10,53.56,47.87,2.27,288.24,55.89,1.13,119.7,0.72,SUCCESS,False
R053,H033,v3.4,10,49.16,53.69,0.55,286.52,77.62,1.7,203.0,1.26,SUCCESS,False
R053,H034,v3.4,10,63.93,74.79,0.59,268.02,95.31,1.42,245.74,0.61,SUCCESS,False
R053,H035,v3.4,100,52.4,47.44,0.72,253.2,96.59,0.96,140.42,2.8,SUCCESS,False
R053,H036,v3.4,25,52.61,57.57,1.19,226.02,69.8,1.72,180.67,0.52,SUCCESS,False
R053,H037,v3.4,25,40.98,63.07,2.22,209.8,50.04,1.6,215.98,1.99,SUCCESS,False
R053,H038,v3.4,10,52.62,43.62,2.8,165.24,78.21,0.78,120.79,1.31,SUCCESS,False
R053,H039,v3.4,10,34.69,58.0,0.81,287.55,51.15,1.3,217.31,2.5,SUCCESS,False
R053,H040,v3.4,5,42.17,47.86,0.89,196.21,99.66,1.67,129.71,1.21,SUCCESS,False
R053,H041,v3.4,10,61.75,48.7,1.43,297.75,50.08,0.69,214.38,0.93,SUCCESS,False
R053,H042,v3.4,5,50.97,48.02,2.21,240.53,95.88,1.31,236.42,2.48,SUCCESS,False
R053,H043,v3.4,25,67.78,55.51,1.37,249.78,58.59,0.82,221.5,1.6,SUCCESS,False
R053,H044,v3.4,100,41.17,52.11,1.98,216.43,60.06,1.31,152.26,2.5,SUCCESS,False
R053,H045,v3.4,10,43.29,63.7,0.86,151.34,79.16,1.95,197.96,1.14,SUCCESS,False
R053,H046,v3.4,10,56.4,48.5,1.37,173.42,93.23,1.56,198.62,1.64,SUCCESS,False
R053,H047,v3.4,5,54.39,60.1,2.79,249.66,59.66,1.53,214.05,2.84,SUCCESS,False
R053,H048,v3.4,50,41.19,59.23,0.56,151.99,83.41,0.55,230.76,2.79,IN_PROGRESS,False
R053,H049,v3.4,10,56.02,52.35,1.84,226.49,75.64,0.81,122.71,2.81,SUCCESS,False
R053,H050,v3.4,5,45.59,45.22,1.28,118.9,99.68,1.59,199.08,1.96,SUCCESS,False
R054,H001,v3.5,10,81.56,54.69,8.87,674.14,23.69,1.98,231.49,9.81,SUCCESS,True
R054,H002,v3.5,10,65.13,76.57,7.97,531.64,3.3,1.88,173.15,10.71,FAILED,True
R054,H003,v3.5,5,93.26,91.7,5.09,536.94,16.66,1.41,201.1,11.78,ROLLED_BACK,True
R054,H004,v3.5,5,78.5,65.46,10.67,701.19,7.75,1.58,183.19,6.72,ROLLED_BACK,True
R054,H005,v3.5,50,77.94,86.03,6.81,739.46,3.03,0.74,129.53,10.62,FAILED,True
R054,H006,v3.5,25,70.94,84.91,7.31,538.8,11.35,0.75,147.26,7.91,FAILED,True
R054,H007,v3.5,100,61.18,81.62,5.35,439.73,15.12,1.9,231.89,7.27,ROLLED_BACK,True
R054,H008,v3.5,25,53.77,77.3,11.55,650.18,17.4,0.77,239.92,8.39,FAILED,True
R054,H009,v3.5,100,70.89,84.85,11.95,672.2,20.32,1.35,202.34,7.97,SUCCESS,True
R054,H010,v3.5,25,93.68,77.24,11.92,753.76,7.42,1.69,123.24,11.05,FAILED,True
R054,H011,v3.5,5,70.17,69.26,9.01,752.07,16.39,1.79,116.24,7.93,SUCCESS,True
R054,H012,v3.5,10,67.88,80.56,,557.69,19.77,1.39,142.6,11.42,SUCCESS,True
R054,H013,v3.5,5,90.13,68.58,7.41,572.11,1.99,0.76,152.34,11.34,SUCCESS,True
R054,H014,v3.5,50,95.24,77.96,10.01,613.62,29.09,0.68,239.11,8.45,FAILED,True
R054,H015,v3.5,50,79.88,68.07,11.85,585.04,29.26,1.62,248.8,10.13,SUCCESS,True
R054,H016,v3.5,10,75.48,84.16,9.54,501.37,7.31,0.88,119.69,6.28,SUCCESS,True
R054,H017,v3.5,50,54.36,77.04,9.94,454.63,5.86,1.6,196.53,8.58,SUCCESS,True
R054,H018,v3.5,10,56.4,62.04,11.07,625.85,4.41,0.77,124.17,10.98,SUCCESS,True
R054,H019,v3.5,5,66.04,67.72,10.22,1787.2,28.31,1.49,198.08,11.46,ROLLED_BACK,True
R054,H020,v3.5,25,80.52,58.03,10.17,432.5,18.53,0.75,177.19,8.61,SUCCESS,True
R054,H021,v3.5,5,60.76,70.18,5.21,626.64,4.25,0.66,181.25,9.19,FAILED,True
R054,H022,v3.5,50,72.71,63.11,9.34,740.27,14.39,1.71,131.41,6.62,FAILED,True
R054,H023,v3.5,5,57.03,76.74,8.6,502.14,8.27,1.98,171.28,6.42,SUCCESS,True
R054,H024,v3.5,50,80.68,80.07,7.38,667.21,27.14,0.56,106.48,8.55,SUCCESS,True
R054,H025,v3.5,10,81.21,94.28,9.89,655.83,7.18,0.79,205.39,10.44,SUCCESS,True
R054,H026,v3.5,25,87.9,62.33,7.57,777.8,18.09,1.54,206.41,7.4,FAILED,True
R054,H027,v3.5,10,81.59,76.95,5.88,624.37,3.0,1.15,148.55,11.28,SUCCESS,True
R054,H028,v3.5,10,63.1,77.29,6.05,708.85,25.28,0.54,115.85,10.25,SUCCESS,True
R054,H029,v3.5,25,75.75,86.2,7.18,627.87,10.06,1.71,248.46,9.47,FAILED,True
R054,H030,v3.5,5,75.45,66.31,6.12,757.93,28.02,1.25,229.22,10.83,ROLLED_BACK,True
R054,H031,v3.5,10,66.8,82.07,5.9,593.04,20.81,1.25,188.33,6.1,FAILED,True
R054,H032,v3.5,100,71.68,76.09,5.58,430.67,26.88,0.5,148.82,9.07,FAILED,True
R054,H033,v3.5,5,80.85,65.63,11.64,544.92,10.53,0.53,233.25,10.14,SUCCESS,True
R054,H034,v3.5,5,65.34,57.0,11.93,547.72,24.83,0.92,249.85,7.56,SUCCESS,True
R054,H035,v3.5,25,60.21,67.57,9.58,516.0,15.13,0.56,156.09,9.25,SUCCESS,True
R054,H036,v3.5,5,79.62,63.86,11.87,429.76,21.99,1.43,200.92,8.43,SUCCESS,True
R054,H037,v3.5,5,74.73,63.34,5.5,608.84,21.86,1.73,156.79,5.14,SUCCESS,True
R054,H038,v3.5,10,80.74,62.67,6.96,662.79,12.7,0.77,210.31,8.78,FAILED,True
R054,H039,v3.5,25,76.49,87.81,5.48,626.4,16.2,1.31,231.56,7.49,FAILED,True
R054,H040,v3.5,25,60.24,92.48,10.34,449.96,16.75,0.66,128.76,6.34,SUCCESS,True
R054,H041,v3.5,5,87.78,77.25,6.82,413.58,25.66,0.56,114.24,9.96,SUCCESS,True
R054,H042,v3.5,5,85.98,73.49,6.44,447.16,11.14,1.47,245.13,9.92,SUCCESS,True
R054,H043,v3.5,25,79.32,55.7,5.16,716.69,5.77,0.95,217.56,9.34,SUCCESS,True
R054,H044,v3.5,10,96.16,59.39,9.11,407.81,1.85,0.91,204.11,6.47,FAILED,True
R054,H045,v3.5,10,77.6,61.3,10.48,731.83,8.99,0.99,222.97,9.67,FAILED,True
R054,H046,v3.5,5,77.05,87.56,7.13,671.09,20.26,0.56,204.3,9.98,ROLLED_BACK,True
R054,H047,v3.5,100,70.42,82.51,10.81,532.82,2.09,0.74,204.6,10.56,FAILED,True
R054,H048,v3.5,25,74.28,80.42,8.7,505.5,1.65,1.88,210.08,11.9,SUCCESS,True
R054,H049,v3.5,100,88.28,72.61,8.65,524.54,12.73,1.05,237.55,8.15,SUCCESS,True
R054,H050,v3.5,10,66.86,52.69,6.15,556.89,6.52,1.44,157.98,10.09,SUCCESS,True
R055,H001,v3.6,100,48.9,51.01,1.81,203.11,56.24,1.86,122.67,0.84,SUCCESS,False
R055,H002,v3.6,5,41.17,46.43,1.41,200.49,75.22,0.82,113.48,2.21,IN_PROGRESS,False
R055,H003,v3.6,10,51.78,57.83,2.44,250.16,87.85,1.07,206.32,1.3,SUCCESS,False
R055,H004,v3.6,50,55.36,59.12,1.09,243.39,54.65,1.73,150.58,0.97,SUCCESS,False
R055,H005,v3.6,50,55.83,58.66,0.94,160.77,87.12,1.26,229.13,1.11,SUCCESS,False
R055,H006,v3.6,25,34.43,49.2,0.52,156.9,54.61,1.81,120.9,1.45,SUCCESS,False
R055,H007,v3.6,25,55.07,54.87,2.79,210.27,50.15,1.59,225.17,1.61,SUCCESS,False
R055,H008,v3.6,25,48.77,57.59,0.87,259.37,60.57,1.99,228.07,2.47,SUCCESS,False
R055,H009,v3.6,10,28.78,54.95,2.12,283.25,70.18,1.9,175.97,0.94,SUCCESS,False
R055,H010,v3.6,100,46.6,60.87,2.19,251.43,58.22,1.12,185.04,1.33,SUCCESS,False
R055,H011,v3.6,100,55.77,59.4,1.47,197.13,89.49,1.25,228.47,1.98,SUCCESS,False
R055,H012,v3.6,100,52.0,65.49,2.54,262.96,80.35,1.39,128.01,0.72,SUCCESS,False
R055,H013,v3.6,5,38.64,63.48,1.92,223.24,98.75,1.85,122.31,1.54,SUCCESS,False
R055,H014,v3.6,25,48.87,59.82,1.36,189.34,55.01,1.11,114.56,1.04,SUCCESS,False
R055,H015,v3.6,10,63.95,45.52,0.92,263.41,66.3,1.44,194.33,0.9,SUCCESS,False
R055,H016,v3.6,5,52.44,63.02,1.93,122.34,62.63,1.13,238.44,1.0,SUCCESS,False
R055,H017,v3.6,5,43.22,59.09,1.71,238.68,53.8,1.16,124.39,1.07,SUCCESS,False
R055,H018,v3.6,50,49.48,61.21,2.99,131.4,82.63,0.99,173.25,2.27,SUCCESS,False
R055,H019,v3.6,5,47.37,59.2,0.82,159.31,92.26,1.9,164.0,1.99,SUCCESS,False
R055,H020,v3.6,25,49.3,53.03,0.61,280.15,86.77,1.6,141.09,2.88,SUCCESS,False
R055,H021,v3.6,50,45.51,66.09,0.86,259.01,91.35,1.34,202.24,1.63,SUCCESS,False
R055,H022,v3.6,25,79.94,51.2,1.1,175.63,69.42,1.36,160.69,1.23,SUCCESS,False
R055,H023,v3.6,10,52.07,50.06,0.94,267.9,70.07,0.93,249.77,2.79,SUCCESS,False
R055,H024,v3.6,10,37.6,40.81,2.28,149.12,74.48,1.01,159.6,0.55,SUCCESS,False
R055,H025,v3.6,10,52.97,54.74,2.08,170.81,74.25,0.85,231.64,0.54,SUCCESS,False
R055,H026,v3.6,5,61.47,57.29,1.15,230.57,64.59,0.6,213.25,0.8,SUCCESS,False
R055,H027,v3.6,50,50.26,63.52,2.12,199.13,92.4,1.52,152.3,1.63,SUCCESS,False
R055,H028,v3.6,50,44.42,56.86,1.56,117.17,51.36,1.05,127.82,1.99,SUCCESS,False
R055,H029,v3.6,5,71.53,50.79,0.5,242.21,72.23,0.65,146.99,2.28,SUCCESS,False
R055,H030,v3.6,100,48.27,48.56,1.66,188.17,58.51,1.06,236.02,2.06,SUCCESS,False
R055,H031,v3.6,5,66.94,55.28,1.07,140.98,76.07,1.44,161.87,2.26,SUCCESS,False
R055,H032,v3.6,25,64.54,60.01,2.72,188.04,55.12,0.5,188.01,1.36,SUCCESS,False
R055,H033,v3.6,50,46.37,100.0,2.05,151.73,51.06,1.13,138.95,1.06,SUCCESS,False
R055,H034,v3.6,5,54.31,61.27,2.99,104.06,84.8,0.52,105.7,2.62,SUCCESS,False
R055,H035,v3.6,50,49.47,59.3,2.45,177.87,55.96,1.57,200.55,2.41,SUCCESS,False
R055,H036,v3.6,10,62.17,64.62,0.57,287.54,88.22,1.57,174.37,2.43,IN_PROGRESS,False
R055,H037,v3.6,10,36.78,59.11,2.55,229.45,74.03,1.67,215.31,1.05,IN_PROGRESS,False
R055,H038,v3.6,5,48.83,55.98,2.66,117.34,62.82,0.78,128.04,2.77,SUCCESS,False
R055,H039,v3.6,5,46.94,57.71,1.2,135.45,55.59,1.37,151.88,1.91,SUCCESS,False
R055,H040,v3.6,25,54.65,52.77,2.07,198.51,64.77,0.66,187.82,1.91,SUCCESS,False
R055,H041,v3.6,100,48.28,53.54,2.97,230.45,62.45,1.37,176.78,1.26,SUCCESS,False
R055,H042,v3.6,25,45.99,74.88,2.7,298.28,79.9,1.91,163.56,2.83,SUCCESS,False
R055,H043,v3.6,5,32.78,62.6,1.63,109.46,82.85,0.79,154.52,2.05,SUCCESS,False
R055,H044,v3.6,10,36.99,55.38,2.2,239.01,89.82,1.33,175.46,1.03,SUCCESS,False
R055,H045,v3.6,25,52.09,56.76,1.5,264.92,99.83,0.76,230.85,2.61,IN_PROGRESS,False
R055,H046,v3.6,5,58.91,60.52,1.45,149.38,81.31,1.24,220.82,0.56,SUCCESS,False
R055,H047,v3.6,100,43.99,50.59,2.88,263.55,63.43,0.8,177.16,0.53,SUCCESS,False
R055,H048,v3.6,25,41.34,44.29,2.46,297.84,67.08,1.18,128.42,0.96,SUCCESS,False
R055,H049,v3.6,100,35.68,46.9,0.87,224.44,71.35,1.76,125.14,1.89,SUCCESS,False
R055,H050,v3.6,10,60.19,56.91,2.64,267.39,82.6,0.73,188.71,1.87,SUCCESS,False
R056,H001,v3.7,10,67.44,90.45,11.32,650.72,7.37,1.76,134.61,11.84,ROLLED_BACK,True
R056,H002,v3.7,5,81.2,87.83,8.14,538.09,9.85,1.64,246.74,7.93,FAILED,True
R056,H003,v3.7,10,69.15,82.21,8.31,736.63,23.85,1.32,186.53,11.98,SUCCESS,True
R056,H004,v3.7,100,80.8,79.14,11.74,487.35,15.57,0.9,241.5,10.13,SUCCESS,True
R056,H005,v3.7,5,52.2,72.51,6.85,781.72,24.5,0.9,172.99,11.04,SUCCESS,True
R056,H006,v3.7,5,87.23,71.48,11.24,798.67,20.14,1.26,133.21,11.61,SUCCESS,True
R056,H007,v3.7,5,85.53,86.81,7.43,703.63,22.32,1.78,182.33,10.9,FAILED,True
R056,H008,v3.7,10,88.24,79.28,8.79,612.22,15.22,1.85,228.67,11.28,SUCCESS,True
R056,H009,v3.7,10,66.45,59.4,9.15,643.54,2.53,0.77,159.61,6.67,FAILED,True
R056,H010,v3.7,5,64.98,76.66,7.33,791.92,8.59,1.12,222.73,8.81,ROLLED_BACK,True
R056,H011,v3.7,5,63.67,87.29,11.53,794.42,17.73,0.73,184.2,7.35,FAILED,True
R056,H012,v3.7,100,77.09,65.21,7.38,588.69,7.82,0.77,225.81,7.1,FAILED,True
R056,H013,v3.7,5,90.23,76.79,6.49,683.76,2.3,0.86,194.06,7.94,FAILED,True
R056,H014,v3.7,100,70.75,59.59,7.05,486.81,0.77,1.65,146.01,7.79,SUCCESS,True
R056,H015,v3.7,5,70.73,69.05,9.78,494.92,3.29,1.38,170.8,5.21,SUCCESS,True
R056,H016,v3.7,10,68.76,71.97,11.01,461.07,6.41,1.52,173.83,5.68,SUCCESS,True
R056,H017,v3.7,5,74.47,90.55,9.29,434.32,15.49,1.01,225.29,10.33,FAILED,True
R056,H018,v3.7,10,69.59,90.5,5.02,644.83,7.71,1.25,174.52,11.67,FAILED,True
R056,H019,v3.7,50,88.65,72.5,10.87,474.06,25.04,1.66,232.69,6.0,SUCCESS,True
R056,H020,v3.7,5,63.7,63.54,6.69,696.65,5.99,0.7,228.86,11.81,FAILED,True
R056,H021,v3.7,10,71.52,70.68,11.62,460.29,0.03,2.0,242.4,10.2,FAILED,True
R056,H022,v3.7,50,62.55,73.51,5.6,471.85,28.98,0.62,156.6,6.69,SUCCESS,True
R056,H023,v3.7,25,69.76,73.33,11.3,707.76,11.88,1.25,150.98,9.36,FAILED,True
R056,H024,v3.7,5,90.28,65.12,9.9,585.66,26.17,1.81,195.24,11.66,ROLLED_BACK,True
R056,H025,v3.7,10,84.07,68.72,8.6,499.63,5.86,1.16,233.38,8.69,SUCCESS,True
R056,H026,v3.7,5,71.76,71.98,10.67,797.22,19.05,1.91,103.66,11.07,FAILED,True
R056,H027,v3.7,25,61.59,62.78,7.9,650.76,0.56,1.96,104.33,8.6,SUCCESS,True
R056,H028,v3.7,50,66.55,70.84,6.75,544.84,9.73,1.1,101.88,9.74,ROLLED_BACK,True
R056,H029,v3.7,5,66.77,73.46,10.13,677.86,20.75,1.9,168.22,7.63,SUCCESS,True
R056,H030,v3.7,100,78.46,73.45,7.12,707.28,17.78,1.47,141.47,9.5,SUCCESS,True
R056,H031,v3.7,100,72.64,95.58,8.55,664.49,10.0,0.79,180.53,10.7,ROLLED_BACK,True
R056,H032,v3.7,5,68.15,73.6,11.28,669.12,14.03,1.24,102.42,10.54,ROLLED_BACK,True
R056,H033,v3.7,10,94.49,73.14,7.08,480.65,15.84,1.26,106.34,5.89,SUCCESS,True
R056,H034,v3.7,10,63.3,81.73,10.46,481.47,19.32,0.89,126.74,9.29,SUCCESS,True
R056,H035,v3.7,50,78.7,64.44,9.47,581.4,26.03,0.75,150.58,10.04,FAILED,True
R056,H036,v3.7,10,80.58,78.66,11.46,666.0,22.76,0.81,154.19,6.23,SUCCESS,True
R056,H037,v3.7,5,67.61,71.42,6.91,2635.4,28.83,1.63,232.82,7.45,SUCCESS,True
R056,H038,v3.7,25,67.41,57.32,6.93,660.58,21.12,0.62,109.81,6.37,FAILED,True
R056,H039,v3.7,100,92.64,92.14,5.36,699.32,21.64,0.79,236.4,8.35,FAILED,True
R056,H040,v3.7,5,71.56,65.65,7.34,746.18,29.89,0.74,230.04,8.34,FAILED,True
R056,H041,v3.7,5,65.35,80.31,5.91,645.84,14.38,0.7,169.54,6.61,SUCCESS,True
R056,H042,v3.7,25,82.65,83.79,9.06,651.26,25.69,0.91,141.79,5.66,FAILED,True
R056,H043,v3.7,5,60.45,90.08,6.42,759.3,10.21,1.53,244.45,10.22,SUCCESS,True
R056,H044,v3.7,25,80.29,81.23,8.62,604.64,24.85,1.46,134.19,8.98,FAILED,True
R056,H045,v3.7,25,100.0,65.31,11.41,406.33,7.03,1.78,134.85,6.49,SUCCESS,True
R056,H046,v3.7,50,79.15,84.52,6.53,544.67,22.17,1.46,136.23,10.53,FAILED,True
R056,H047,v3.7,10,64.91,68.1,5.92,496.78,18.51,1.66,197.13,6.1,FAILED,True
R056,H048,v3.7,50,65.92,76.57,5.84,661.74,22.75,1.87,134.56,8.41,SUCCESS,True
R056,H049,v3.7,5,93.86,75.1,9.45,736.57,29.17,0.78,141.55,8.41,FAILED,True
R056,H050,v3.7,100,79.39,90.51,6.11,527.69,0.55,1.53,193.22,8.91,SUCCESS,True
R057,H001,v3.8,50,81.71,85.84,7.34,550.48,25.06,1.43,126.49,6.09,SUCCESS,True
R057,H002,v3.8,5,75.7,73.27,9.44,484.32,4.37,0.6,124.24,6.05,ROLLED_BACK,True
R057,H003,v3.8,10,90.43,92.79,8.53,502.97,16.49,1.15,113.41,6.58,SUCCESS,True
R057,H004,v3.8,100,77.33,65.82,10.94,781.78,20.33,1.87,101.62,11.02,SUCCESS,True
R057,H005,v3.8,25,69.77,77.2,11.35,608.77,27.05,0.55,210.89,11.33,SUCCESS,True
R057,H006,v3.8,50,82.86,64.86,11.92,666.15,17.65,1.26,239.32,5.48,SUCCESS,True
R057,H007,v3.8,5,68.15,62.28,9.25,794.37,1.67,1.68,156.05,7.48,SUCCESS,True
R057,H008,v3.8,50,82.01,63.16,8.61,617.76,19.06,0.69,120.25,6.37,SUCCESS,True
R057,H009,v3.8,5,72.67,58.19,5.13,431.55,5.83,0.99,224.74,9.26,FAILED,True
R057,H010,v3.8,5,70.12,77.89,8.52,768.95,25.12,1.18,242.06,8.08,SUCCESS,True
R057,H011,v3.8,5,90.37,83.05,9.35,554.62,27.77,0.79,234.04,6.52,SUCCESS,True
R057,H012,v3.8,10,71.55,73.1,11.83,570.36,14.97,1.78,229.35,5.02,FAILED,True
R057,H013,v3.8,100,63.49,82.41,6.31,720.13,27.5,1.91,104.82,7.92,SUCCESS,True
R057,H014,v3.8,5,83.56,74.78,9.6,516.12,12.6,1.22,159.34,6.21,SUCCESS,True
R057,H015,v3.8,50,60.13,80.22,10.78,646.17,14.93,0.65,184.07,9.52,ROLLED_BACK,True
R057,H016,v3.8,5,81.24,74.16,5.64,637.59,28.49,0.61,124.8,11.43,FAILED,True
R057,H017,v3.8,5,54.6,76.84,9.01,676.24,21.58,1.6,246.76,6.46,FAILED,True
R057,H018,v3.8,5,59.82,64.96,7.43,595.95,22.91,1.44,187.93,11.82,ROLLED_BACK,True
R057,H019,v3.8,5,68.16,90.19,5.76,469.22,7.76,1.58,163.24,10.68,SUCCESS,True
R057,H020,v3.8,5,92.67,80.48,6.92,748.26,6.23,0.72,140.86,5.76,ROLLED_BACK,True
R057,H021,v3.8,25,84.13,75.33,7.95,578.71,19.18,0.61,172.56,5.79,SUCCESS,True
R057,H022,v3.8,5,76.6,71.22,9.12,665.12,24.53,0.71,204.92,8.54,SUCCESS,True
R057,H023,v3.8,50,95.02,79.79,10.25,636.6,7.82,1.11,165.28,8.14,ROLLED_BACK,True
R057,H024,v3.8,5,60.48,86.49,5.29,469.55,5.28,0.85,151.84,6.81,SUCCESS,True
R057,H025,v3.8,10,72.57,79.3,7.8,558.51,17.53,1.95,167.01,8.82,SUCCESS,True
R057,H026,v3.8,5,81.31,73.32,9.54,756.1,0.84,1.39,219.71,10.5,SUCCESS,True
R057,H027,v3.8,10,46.15,72.7,9.41,477.54,25.76,1.93,144.21,6.82,FAILED,True
R057,H028,v3.8,10,72.3,66.57,6.11,556.34,17.97,1.59,158.08,7.08,SUCCESS,True
R057,H029,v3.8,100,79.23,76.35,7.6,522.18,7.96,0.64,203.16,6.21,SUCCESS,True
R057,H030,v3.8,5,62.1,,11.34,400.71,27.48,0.91,115.14,9.2,SUCCESS,True
R057,H031,v3.8,100,81.45,76.09,9.75,436.77,11.29,0.65,139.21,10.23,ROLLED_BACK,True
R057,H032,v3.8,25,74.96,73.57,11.5,512.59,18.61,0.89,127.27,5.3,SUCCESS,True
R057,H033,v3.8,10,65.0,83.16,10.6,703.38,27.25,0.74,113.53,6.39,SUCCESS,True
R057,H034,v3.8,5,37.85,86.42,11.31,638.45,12.76,1.91,244.49,6.86,FAILED,True
R057,H035,v3.8,5,80.63,91.76,6.75,661.85,10.01,1.52,110.26,5.95,SUCCESS,True
R057,H036,v3.8,5,74.87,84.39,9.95,585.07,4.95,0.77,191.21,7.16,SUCCESS,True
R057,H037,v3.8,100,72.25,63.81,9.83,575.88,21.52,1.95,124.8,11.25,FAILED,True
R057,H038,v3.8,10,66.19,69.8,8.82,620.76,0.79,1.96,150.16,11.45,SUCCESS,True
R057,H039,v3.8,5,69.33,93.16,8.32,758.22,6.52,1.57,172.75,6.48,FAILED,True
R057,H040,v3.8,10,77.61,73.63,10.61,456.1,2.8,0.84,120.39,5.33,SUCCESS,True
R057,H041,v3.8,5,99.04,71.6,7.58,469.44,22.87,1.09,118.61,8.17,SUCCESS,True
R057,H042,v3.8,10,70.99,60.52,5.56,686.36,13.03,0.82,104.04,8.86,SUCCESS,True
R057,H043,v3.8,50,51.64,72.45,6.83,559.79,5.31,1.31,215.58,5.02,SUCCESS,True
R057,H044,v3.8,10,95.38,74.67,7.47,477.49,1.7,1.88,191.13,10.93,FAILED,True
R057,H045,v3.8,10,73.71,80.09,9.77,657.46,22.3,2.0,158.19,5.61,SUCCESS,True
R057,H046,v3.8,100,91.22,75.21,11.95,653.44,6.56,1.34,177.91,7.65,SUCCESS,True
R057,H047,v3.8,25,77.55,98.24,8.37,652.95,19.22,1.93,152.5,7.17,FAILED,True
R057,H048,v3.8,10,76.75,58.1,5.71,628.24,1.04,1.18,118.06,7.73,SUCCESS,True
R057,H049,v3.8,5,62.77,55.62,5.64,402.11,10.12,0.94,153.26,10.15,FAILED,True
R057,H050,v3.8,10,100.0,80.9,6.28,449.46,26.8,1.41,133.0,11.82,FAILED,True
R058,H001,v3.9,5,32.13,39.57,2.77,271.95,80.92,1.31,214.72,0.64,SUCCESS,False
R058,H002,v3.9,5,46.42,53.72,2.1,187.43,57.27,0.55,129.63,1.53,SUCCESS,False
R058,H003,v3.9,5,44.53,56.71,1.46,202.88,92.19,0.64,139.11,2.91,IN_PROGRESS,False
R058,H004,v3.9,50,60.2,39.09,2.52,126.73,89.48,1.35,153.66,0.6,SUCCESS,False
R058,H005,v3.9,5,35.21,47.57,2.56,237.94,69.19,0.79,151.15,2.59,SUCCESS,False
R058,H006,v3.9,5,35.45,47.27,0.89,203.09,58.03,1.56,178.6,2.93,SUCCESS,False
R058,H007,v3.9,25,51.75,54.9,2.33,231.47,95.54,1.28,210.59,2.1,IN_PROGRESS,False
R058,H008,v3.9,100,52.13,48.04,2.25,139.11,94.98,1.07,134.9,2.18,SUCCESS,False
R058,H009,v3.9,100,35.45,59.06,2.56,194.09,65.07,0.82,208.21,2.25,SUCCESS,False
R058,H010,v3.9,10,51.59,47.2,2.54,216.18,89.07,0.81,231.16,1.32,SUCCESS,False
R058,H011,v3.9,25,56.4,42.56,1.33,144.98,65.74,1.49,182.22,2.86,SUCCESS,False
R058,H012,v3.9,25,54.52,59.62,1.72,123.74,81.21,1.68,141.05,2.93,SUCCESS,False
R058,H013,v3.9,25,42.54,61.67,2.26,202.09,56.8,1.79,158.95,0.91,SUCCESS,False
R058,H014,v3.9,50,48.93,52.06,0.68,283.85,65.81,1.08,226.55,1.69,SUCCESS,False
R058,H015,v3.9,10,41.06,66.54,2.19,227.38,99.33,1.15,244.2,1.33,SUCCESS,False
R058,H016,v3.9,5,56.41,59.79,1.14,100.83,84.36,0.95,129.85,1.56,SUCCESS,False
R058,H017,v3.9,10,54.0,46.4,1.05,184.68,91.53,0.52,111.08,2.05,SUCCESS,False
R058,H018,v3.9,5,66.55,63.33,1.25,115.71,70.11,1.05,238.2,1.41,SUCCESS,False
R058,H019,v3.9,25,42.93,63.16,0.76,158.3,84.49,1.92,205.57,1.51,IN_PROGRESS,False
R058,H020,v3.9,50,73.56,43.45,2.41,169.98,54.72,1.12,126.32,0.87,SUCCESS,False
R058,H021,v3.9,100,51.35,53.2,1.22,281.86,94.43,0.95,128.74,0.72,SUCCESS,False
R058,H022,v3.9,10,42.31,56.59,2.98,256.88,63.38,1.15,198.04,2.26,SUCCESS,False
R058,H023,v3.9,50,53.13,56.09,0.55,152.15,58.67,0.8,156.11,2.41,SUCCESS,False
R058,H024,v3.9,50,47.53,47.31,0.64,166.27,58.41,1.94,140.12,2.11,SUCCESS,False
R058,H025,v3.9,10,52.25,65.12,0.74,290.9,92.07,1.13,162.9,2.65,SUCCESS,False
R058,H026,v3.9,100,40.25,60.15,1.48,160.48,65.45,1.91,138.17,1.47,SUCCESS,False
R058,H027,v3.9,50,45.39,53.71,1.52,147.48,89.17,1.35,217.07,1.93,SUCCESS,False
R058,H028,v3.9,5,51.68,61.0,1.38,108.38,93.36,1.52,104.58,1.53,IN_PROGRESS,False
R058,H029,v3.9,5,52.59,46.94,2.63,229.64,98.85,1.07,182.15,1.37,IN_PROGRESS,False
R058,H030,v3.9,50,55.93,55.57,2.7,121.37,93.69,0.89,122.54,0.64,SUCCESS,False
R058,H031,v3.9,5,52.07,64.45,1.31,195.93,84.57,1.92,224.08,2.86,SUCCESS,False
R058,H032,v3.9,50,42.68,57.54,2.99,132.21,62.46,1.68,208.44,1.99,SUCCESS,False
R058,H033,v3.9,10,42.32,63.03,2.23,115.16,73.71,0.62,193.56,1.4,SUCCESS,False
R058,H034,v3.9,25,62.01,45.3,2.59,130.76,83.44,1.44,177.66,1.35,SUCCESS,False
R058,H035,v3.9,10,51.99,58.01,,229.77,75.76,1.47,120.26,2.22,SUCCESS,False
R058,H036,v3.9,50,25.39,51.93,1.12,296.71,51.19,1.74,158.35,1.13,SUCCESS,False
R058,H037,v3.9,25,50.64,52.27,0.81,142.76,65.66,1.05,160.34,2.29,SUCCESS,False
R058,H038,v3.9,5,48.74,68.66,1.64,257.53,57.61,1.43,210.98,0.98,SUCCESS,False
R058,H039,v3.9,5,68.1,42.53,0.77,135.77,71.22,0.99,234.5,0.59,IN_PROGRESS,False
R058,H040,v3.9,50,54.85,46.72,0.98,183.49,56.46,1.39,155.32,2.56,SUCCESS,False
R058,H041,v3.9,5,32.01,55.4,2.95,198.54,85.03,1.25,145.3,2.36,SUCCESS,False
R058,H042,v3.9,25,46.16,45.59,2.28,263.08,59.06,1.19,112.29,1.69,SUCCESS,False
R058,H043,v3.9,10,,51.34,2.95,231.94,57.3,0.7,237.0,1.39,IN_PROGRESS,False
R058,H044,v3.9,25,51.77,54.07,1.4,245.31,71.82,1.68,199.14,2.62,SUCCESS,False
R058,H045,v3.9,10,45.71,58.91,2.97,283.29,83.0,1.39,117.63,2.01,SUCCESS,False
R058,H046,v3.9,50,30.56,56.13,0.73,164.74,85.6,1.36,223.49,2.7,SUCCESS,False
R058,H047,v3.9,5,52.69,63.62,1.36,205.3,79.19,0.98,145.15,1.15,SUCCESS,False
R058,H048,v3.9,50,46.47,48.96,2.58,107.04,71.24,1.49,178.45,1.1,SUCCESS,False
R058,H049,v3.9,10,63.5,53.67,2.24,111.56,99.54,0.64,210.8,1.75,SUCCESS,False
R058,H050,v3.9,5,35.56,48.3,2.8,125.4,88.35,1.55,198.97,1.58,SUCCESS,False
R059,H001,v3.10,10,57.8,37.35,1.29,173.6,89.3,1.8,242.27,0.57,IN_PROGRESS,False
R059,H002,v3.10,50,48.89,49.8,2.85,235.04,69.24,1.79,181.68,2.15,SUCCESS,False
R059,H003,v3.10,25,45.19,61.25,1.7,295.63,50.31,1.34,162.83,2.92,SUCCESS,False
R059,H004,v3.10,25,68.16,60.34,2.01,297.83,80.49,1.17,209.93,2.97,SUCCESS,False
R059,H005,v3.10,5,50.22,49.5,1.52,205.5,52.38,1.1,202.41,2.65,SUCCESS,False
R059,H006,v3.10,25,56.52,54.8,2.86,282.72,51.88,1.24,172.15,2.72,SUCCESS,False
R059,H007,v3.10,10,57.84,73.97,1.93,244.36,63.2,1.66,131.23,2.87,SUCCESS,False
R059,H008,v3.10,10,53.61,48.94,0.82,164.54,76.95,1.92,171.95,1.07,SUCCESS,False
R059,H009,v3.10,10,68.14,57.68,1.32,212.26,64.82,1.18,232.95,2.32,SUCCESS,False
R059,H010,v3.10,25,34.12,57.55,2.17,276.95,90.62,0.98,207.18,1.28,SUCCESS,False
R059,H011,v3.10,5,73.89,61.85,2.61,110.13,82.15,0.67,231.09,1.47,SUCCESS,False
R059,H012,v3.10,10,50.57,42.92,0.97,172.27,90.39,0.53,125.58,2.38,SUCCESS,False
R059,H013,v3.10,25,45.52,100.0,2.32,112.54,77.38,1.93,231.68,2.86,SUCCESS,False
R059,H014,v3.10,5,44.69,51.9,1.95,245.11,86.76,1.51,167.55,1.21,SUCCESS,False
R059,H015,v3.10,25,46.8,42.62,2.47,149.5,54.52,0.91,118.32,1.86,SUCCESS,False
R059,H016,v3.10,10,40.3,53.27,1.2,201.07,98.41,1.64,211.6,2.67,SUCCESS,False
R059,H017,v3.10,10,46.89,53.63,1.55,223.63,90.52,1.44,136.56,2.47,IN_PROGRESS,False
R059,H018,v3.10,10,48.0,51.3,2.96,279.89,93.81,1.71,139.95,1.49,SUCCESS,False
R059,H019,v3.10,5,46.4,47.68,1.28,276.03,67.67,0.8,229.27,1.14,SUCCESS,False
R059,H020,v3.10,5,47.66,53.36,2.74,113.57,62.25,1.15,158.72,0.75,IN_PROGRESS,False
R059,H021,v3.10,50,61.84,63.29,2.45,266.11,84.35,1.07,144.08,1.17,SUCCESS,False
R059,H022,v3.10,5,59.47,53.45,1.83,249.7,55.3,0.61,129.21,0.94,SUCCESS,False
R059,H023,v3.10,50,52.45,50.91,1.72,138.59,77.23,1.14,177.82,1.98,SUCCESS,False
R059,H024,v3.10,5,52.94,56.46,1.6,148.92,62.5,1.53,129.96,1.5,SUCCESS,False
R059,H025,v3.10,5,52.14,50.44,2.83,114.9,86.47,1.58,199.86,1.54,SUCCESS,False
R059,H026,v3.10,50,51.0,58.54,2.82,238.09,58.08,1.93,215.14,2.77,SUCCESS,False
R059,H027,v3.10,10,35.55,49.91,0.96,203.04,73.62,0.98,106.53,2.02,SUCCESS,False
R059,H028,v3.10,5,41.85,53.05,2.44,162.55,76.57,1.8,107.04,0.78,IN_PROGRESS,False
R059,H029,v3.10,25,34.36,54.98,2.5,286.21,61.65,0.55,119.78,0.51,SUCCESS,False
R059,H030,v3.10,50,43.58,59.9,2.91,101.17,54.42,1.46,138.61,1.92,SUCCESS,False
R059,H031,v3.10,50,50.73,55.73,0.9,265.3,81.86,1.39,137.7,2.93,SUCCESS,False
R059,H032,v3.10,25,37.19,59.23,2.31,160.18,69.59,1.32,239.42,1.18,SUCCESS,False
R059,H033,v3.10,50,31.08,68.4,2.93,198.77,50.77,0.89,211.99,2.14,SUCCESS,False
R059,H034,v3.10,10,30.09,63.99,2.05,163.8,98.32,1.85,172.93,1.46,SUCCESS,False
R059,H035,v3.10,10,72.08,65.42,2.38,295.19,55.58,1.1,114.18,2.05,SUCCESS,False
R059,H036,v3.10,5,69.56,67.18,1.03,225.81,94.26,0.88,212.54,2.43,SUCCESS,False
R059,H037,v3.10,10,73.99,61.64,2.98,297.0,51.7,0.84,232.33,1.97,SUCCESS,False
R059,H038,v3.10,100,33.15,55.85,2.87,223.83,69.2,0.63,185.22,1.08,SUCCESS,False
R059,H039,v3.10,5,46.88,50.05,3.0,118.87,63.58,0.9,121.73,1.03,SUCCESS,False
R059,H040,v3.10,5,26.5,57.75,2.49,168.78,65.5,1.48,194.61,1.08,SUCCESS,False
R059,H041,v3.10,50,56.5,61.22,1.42,220.83,62.27,1.39,167.0,2.32,SUCCESS,False
R059,H042,v3.10,5,46.39,62.32,2.42,235.21,92.25,0.75,171.97,2.1,SUCCESS,False
R059,H043,v3.10,100,43.73,46.76,1.29,121.83,56.81,1.69,231.79,2.32,SUCCESS,False
R059,H044,v3.10,50,49.91,63.07,2.97,120.68,82.07,1.74,189.34,2.52,SUCCESS,False
R059,H045,v3.10,50,59.02,47.29,1.69,251.58,77.78,0.76,129.56,1.72,SUCCESS,False
R059,H046,v3.10,10,55.86,60.96,2.02,147.76,52.51,0.99,132.95,0.93,SUCCESS,False
R059,H047,v3.10,25,67.17,63.12,2.12,,95.89,1.04,166.74,2.52,SUCCESS,False
R059,H048,v3.10,25,50.33,47.39,1.91,292.57,96.14,1.22,174.7,0.58,SUCCESS,False
R059,H049,v3.10,10,69.43,52.8,2.22,194.56,53.16,0.84,194.02,1.48,SUCCESS,False
R059,H050,v3.10,10,64.65,55.15,1.17,174.31,99.65,0.63,186.96,2.22,IN_PROGRESS,False
R060,H001,v3.11,10,59.73,46.68,2.68,157.6,71.7,1.4,157.97,2.27,SUCCESS,False
R060,H002,v3.11,10,56.15,60.75,2.41,299.54,69.44,1.64,147.2,0.85,SUCCESS,False
R060,H003,v3.11,5,50.62,49.33,1.11,260.33,57.31,1.56,210.66,0.62,SUCCESS,False
R060,H004,v3.11,50,37.57,43.87,1.63,184.11,67.0,1.27,131.59,2.18,SUCCESS,False
R060,H005,v3.11,100,49.91,51.6,1.06,216.41,75.56,0.77,167.73,2.54,SUCCESS,False
R060,H006,v3.11,25,48.71,50.63,2.6,126.61,76.78,1.96,168.43,2.34,IN_PROGRESS,False
R060,H007,v3.11,50,42.67,64.41,1.72,267.15,72.87,1.86,157.74,2.09,SUCCESS,False
R060,H008,v3.11,5,35.64,58.9,1.45,294.5,93.22,1.35,160.94,2.84,SUCCESS,False
R060,H009,v3.11,25,33.44,40.51,0.66,164.12,62.51,0.89,104.96,2.79,SUCCESS,False
R060,H010,v3.11,25,44.06,55.6,1.48,,65.05,0.74,121.43,0.99,SUCCESS,False
R060,H011,v3.11,5,51.22,44.11,0.61,125.39,92.31,1.49,117.54,2.66,SUCCESS,False
R060,H012,v3.11,5,41.48,39.19,2.18,293.45,83.35,1.37,189.61,2.73,SUCCESS,False
R060,H013,v3.11,5,52.94,61.83,2.16,120.76,72.72,0.77,194.57,2.16,SUCCESS,False
R060,H014,v3.11,10,33.71,44.2,2.34,241.28,81.6,1.34,122.06,2.77,SUCCESS,False
R060,H015,v3.11,5,55.48,49.55,2.43,258.16,93.33,1.62,119.88,1.23,SUCCESS,False
R060,H016,v3.11,25,38.9,64.02,2.34,210.09,68.38,0.66,206.64,1.9,SUCCESS,False
R060,H017,v3.11,5,56.14,45.86,2.82,219.94,98.82,0.5,249.55,2.5,SUCCESS,False
R060,H018,v3.11,10,53.11,63.86,1.69,162.27,88.22,1.76,228.0,0.51,SUCCESS,False
R060,H019,v3.11,5,49.28,60.61,0.76,234.83,71.9,1.89,100.2,2.74,SUCCESS,False
R060,H020,v3.11,50,45.71,41.11,0.51,160.69,81.61,0.94,163.95,1.61,SUCCESS,False
R060,H021,v3.11,100,66.04,57.81,0.53,155.27,75.35,1.09,132.53,2.56,SUCCESS,False
R060,H022,v3.11,25,55.57,45.02,0.57,218.45,89.75,1.01,110.62,2.89,SUCCESS,False
R060,H023,v3.11,10,39.01,52.76,2.78,258.71,68.27,1.96,248.48,1.78,SUCCESS,False
R060,H024,v3.11,50,34.45,55.01,0.51,211.91,81.56,0.53,238.09,1.11,SUCCESS,False
R060,H025,v3.11,25,57.3,74.88,0.83,139.42,84.66,1.18,168.71,0.85,SUCCESS,False
R060,H026,v3.11,10,58.55,63.56,2.51,276.9,92.22,1.35,111.16,2.4,SUCCESS,False
R060,H027,v3.11,100,46.04,61.56,0.88,227.9,68.96,1.32,154.98,0.61,SUCCESS,False
R060,H028,v3.11,100,75.11,63.93,2.59,198.56,80.74,1.72,248.15,1.52,SUCCESS,False
R060,H029,v3.11,25,53.4,51.53,0.58,298.5,83.55,1.51,172.07,2.57,IN_PROGRESS,False
R060,H030,v3.11,25,65.18,53.21,1.76,194.94,76.99,0.92,155.42,1.25,SUCCESS,False
R060,H031,v3.11,10,61.22,58.96,2.9,249.24,64.96,0.58,151.55,1.57,SUCCESS,False
R060,H032,v3.11,25,59.28,49.82,0.93,221.69,77.48,0.86,148.55,0.63,SUCCESS,False
R060,H033,v3.11,10,48.57,54.24,2.01,237.49,80.14,1.02,223.96,1.24,SUCCESS,False
R060,H034,v3.11,5,39.35,47.28,2.93,245.65,84.97,0.54,247.21,1.96,SUCCESS,False
R060,H035,v3.11,10,67.76,44.31,0.95,161.01,78.97,0.94,110.59,2.1,SUCCESS,False
R060,H036,v3.11,25,54.99,61.2,1.75,154.64,88.83,1.55,229.08,2.69,SUCCESS,False
R060,H037,v3.11,10,59.83,45.93,0.69,181.91,88.28,1.76,233.93,1.72,SUCCESS,False
R060,H038,v3.11,25,46.23,60.57,1.77,146.17,84.17,0.99,247.83,1.79,SUCCESS,False
R060,H039,v3.11,100,46.05,57.52,1.34,276.96,70.06,0.54,224.72,1.8,IN_PROGRESS,False
R060,H040,v3.11,25,67.44,59.23,1.96,236.89,91.64,1.41,139.64,1.14,SUCCESS,False
R060,H041,v3.11,10,58.12,47.98,2.7,142.18,93.77,0.77,183.34,0.9,SUCCESS,False
R060,H042,v3.11,10,64.85,54.95,1.28,201.12,96.72,0.85,199.89,1.15,SUCCESS,False
R060,H043,v3.11,5,52.46,54.31,0.93,258.78,61.18,0.54,178.89,1.29,IN_PROGRESS,False
R060,H044,v3.11,25,62.13,65.26,2.37,121.76,77.56,1.99,188.98,2.86,SUCCESS,False
R060,H045,v3.11,25,51.24,56.81,0.55,147.97,79.14,1.35,241.53,1.53,SUCCESS,False
R060,H046,v3.11,50,44.41,60.03,2.5,290.64,98.93,1.45,238.16,0.84,SUCCESS,False
R060,H047,v3.11,50,63.27,63.01,,219.14,65.64,1.6,179.4,2.62,SUCCESS,False
R060,H048,v3.11,5,56.16,68.87,1.64,253.11,99.36,1.16,181.44,1.45,IN_PROGRESS,False
R060,H049,v3.11,10,49.24,63.09,1.84,272.91,66.09,1.37,140.9,2.49,SUCCESS,False
R060,H050,v3.11,10,47.85,52.57,2.47,198.98,59.27,0.56,164.81,1.43,SUCCESS,False
R061,H001,v3.12,10,53.1,47.48,1.3,229.66,66.65,0.66,102.56,1.77,SUCCESS,False
R061,H002,v3.12,50,33.39,57.79,2.89,214.95,89.28,1.31,123.56,2.91,SUCCESS,False
R061,H003,v3.12,5,38.61,34.67,0.82,104.69,92.87,1.09,132.85,0.85,SUCCESS,False
R061,H004,v3.12,5,61.01,51.92,2.2,128.86,88.53,0.56,170.84,2.97,SUCCESS,False
R061,H005,v3.12,10,50.66,54.63,2.64,192.98,74.83,0.95,198.23,0.98,SUCCESS,False
R061,H006,v3.12,5,65.2,56.41,1.09,241.51,81.89,1.65,129.54,2.3,SUCCESS,False
R061,H007,v3.12,25,44.24,44.15,0.68,167.48,74.75,1.73,136.7,1.52,SUCCESS,False
R061,H008,v3.12,50,51.13,47.14,2.9,233.25,63.05,1.17,207.72,2.55,SUCCESS,False
R061,H009,v3.12,5,59.54,57.53,1.26,296.83,70.15,1.23,177.36,2.62,SUCCESS,False
R061,H010,v3.12,50,47.54,53.59,2.88,153.52,97.21,0.94,120.7,0.52,SUCCESS,False
R061,H011,v3.12,5,69.12,61.83,0.87,197.69,91.82,1.39,109.28,2.91,SUCCESS,False
R061,H012,v3.12,10,62.15,68.24,1.52,139.35,76.0,1.65,183.14,1.44,SUCCESS,False
R061,H013,v3.12,100,46.63,46.28,1.06,235.2,72.19,1.78,125.8,0.71,SUCCESS,False
R061,H014,v3.12,100,52.78,63.59,2.23,270.23,97.37,1.95,152.68,0.83,SUCCESS,False
R061,H015,v3.12,50,42.96,50.78,2.3,159.7,60.73,1.52,209.42,1.06,SUCCESS,False
R061,H016,v3.12,50,66.31,42.45,1.75,133.49,84.18,1.53,211.58,0.62,SUCCESS,False
R061,H017,v3.12,25,43.94,58.72,2.6,199.79,56.6,1.65,231.02,0.67,SUCCESS,False
R061,H018,v3.12,5,58.63,55.99,1.92,202.01,57.38,1.21,133.88,2.38,IN_PROGRESS,False
R061,H019,v3.12,50,54.14,54.16,1.14,208.45,66.16,1.45,196.18,0.94,SUCCESS,False
R061,H020,v3.12,100,60.45,54.24,0.56,216.29,53.19,1.66,140.19,1.08,IN_PROGRESS,False
R061,H021,v3.12,50,52.62,69.01,2.63,223.38,96.26,0.72,171.42,1.58,SUCCESS,False
R061,H022,v3.12,50,32.11,49.23,2.93,233.44,93.91,1.31,232.83,1.56,SUCCESS,False
R061,H023,v3.12,25,49.94,62.16,1.04,204.32,86.17,1.24,162.9,0.59,SUCCESS,False
R061,H024,v3.12,50,76.88,57.24,1.11,217.85,92.28,1.12,135.94,1.5,SUCCESS,False
R061,H025,v3.12,5,56.35,62.84,2.51,152.55,99.78,0.56,162.35,2.7,SUCCESS,False
R061,H026,v3.12,5,64.19,62.85,1.1,129.18,70.67,1.05,249.63,2.71,SUCCESS,False
R061,H027,v3.12,25,59.86,50.19,1.55,150.45,74.8,1.63,174.62,0.55,SUCCESS,False
R061,H028,v3.12,10,55.96,52.73,2.27,107.43,74.73,1.56,229.09,2.48,IN_PROGRESS,False
R061,H029,v3.12,100,58.16,63.62,2.6,203.96,76.75,0.91,170.79,1.3,SUCCESS,False
R061,H030,v3.12,5,40.82,68.63,1.74,168.68,67.92,0.55,109.69,1.13,SUCCESS,False
R061,H031,v3.12,10,53.06,50.22,1.92,261.9,89.58,1.22,145.29,1.09,SUCCESS,False
R061,H032,v3.12,5,35.33,60.01,1.41,277.94,80.01,1.52,136.59,1.75,SUCCESS,False
R061,H033,v3.12,50,51.47,62.89,0.67,195.33,72.11,0.86,193.25,1.03,SUCCESS,False
R061,H034,v3.12,10,63.45,60.7,2.16,228.1,67.82,1.27,240.35,2.78,SUCCESS,False
R061,H035,v3.12,50,53.56,54.97,1.01,761.6,96.13,1.04,121.35,1.18,SUCCESS,False
R061,H036,v3.12,25,28.38,69.71,2.8,102.12,73.99,1.95,127.82,2.97,SUCCESS,False
R061,H037,v3.12,25,43.52,53.34,2.52,157.94,80.43,1.49,197.34,2.62,SUCCESS,False
R061,H038,v3.12,25,48.76,59.93,2.65,144.1,78.67,1.73,123.96,0.57,SUCCESS,False
R061,H039,v3.12,5,51.9,76.65,1.38,117.76,59.21,0.57,132.53,1.08,SUCCESS,False
R061,H040,v3.12,100,57.93,53.7,2.03,158.88,99.61,1.83,174.67,1.91,SUCCESS,False
R061,H041,v3.12,100,37.75,63.54,2.19,282.71,70.72,0.85,234.34,1.75,IN_PROGRESS,False
R061,H042,v3.12,100,57.54,60.72,2.31,107.82,96.81,0.62,150.59,0.83,SUCCESS,False
R061,H043,v3.12,25,50.75,50.02,1.15,266.48,85.73,1.03,124.86,1.37,SUCCESS,False
R061,H044,v3.12,10,48.24,44.72,1.75,195.68,78.23,1.77,154.51,2.52,SUCCESS,False
R061,H045,v3.12,5,60.54,35.28,0.55,203.12,88.68,1.8,108.43,1.48,SUCCESS,False
R061,H046,v3.12,5,56.75,53.13,2.94,279.63,93.45,1.77,151.25,3.0,SUCCESS,False
R061,H047,v3.12,50,34.68,58.5,1.23,296.13,71.03,0.86,173.37,2.04,SUCCESS,False
R061,H048,v3.12,25,42.47,55.93,2.86,158.74,58.48,1.27,153.87,0.68,SUCCESS,False
R061,H049,v3.12,25,48.05,58.28,2.49,131.56,72.81,0.91,165.39,0.95,SUCCESS,False
R061,H050,v3.12,25,100.0,68.79,2.31,265.38,74.22,1.41,109.9,1.31,SUCCESS,False
R062,H001,v3.13,10,89.44,94.56,22.36,666.74,26.34,0.87,185.91,7.69,SUCCESS,True
R062,H002,v3.13,50,,78.44,10.75,624.59,19.3,0.59,225.77,6.85,SUCCESS,True
R062,H003,v3.13,25,86.08,84.37,6.94,795.9,2.68,0.89,187.26,6.7,ROLLED_BACK,True
R062,H004,v3.13,10,67.74,75.03,6.45,733.2,6.93,1.77,159.5,8.35,SUCCESS,True
R062,H005,v3.13,5,77.25,81.52,8.53,476.33,27.87,0.84,153.24,8.9,FAILED,True
R062,H006,v3.13,10,72.92,84.5,10.27,788.5,20.75,0.98,175.51,9.43,ROLLED_BACK,True
R062,H007,v3.13,100,88.79,68.53,11.33,580.71,10.6,0.6,132.19,7.0,FAILED,True
R062,H008,v3.13,25,78.47,68.82,5.15,556.12,3.5,1.56,190.58,7.92,SUCCESS,True
R062,H009,v3.13,5,95.19,77.0,7.88,645.26,26.89,0.6,138.46,9.18,SUCCESS,True
R062,H010,v3.13,10,76.78,80.9,8.08,702.15,29.87,1.18,246.02,8.59,FAILED,True
R062,H011,v3.13,25,74.88,79.3,5.98,660.9,29.21,1.76,222.01,5.5,FAILED,True
R062,H012,v3.13,5,74.67,95.23,10.27,516.43,19.52,1.28,118.18,10.8,ROLLED_BACK,True
R062,H013,v3.13,50,73.71,82.71,7.09,423.8,19.65,1.01,164.69,8.1,SUCCESS,True
R062,H014,v3.13,50,76.13,76.69,7.84,492.18,19.27,0.74,213.56,5.69,SUCCESS,True
R062,H015,v3.13,5,100.0,55.31,10.23,484.21,23.43,1.06,240.59,11.85,SUCCESS,True
R062,H016,v3.13,25,36.52,73.18,11.69,601.85,29.52,0.56,121.3,8.62,SUCCESS,True
R062,H017,v3.13,10,69.82,74.87,6.55,572.32,16.86,1.01,243.31,9.73,FAILED,True
R062,H018,v3.13,25,72.89,67.78,9.63,778.27,26.88,0.92,243.69,8.51,SUCCESS,True
R062,H019,v3.13,50,73.79,67.9,5.57,519.82,10.03,1.17,171.29,5.89,SUCCESS,True
R062,H020,v3.13,10,56.57,77.2,10.15,518.9,11.61,1.25,225.5,10.29,SUCCESS,True
R062,H021,v3.13,5,75.15,75.85,9.59,699.83,14.33,1.91,184.3,10.75,FAILED,True
R062,H022,v3.13,50,84.37,88.43,7.22,654.05,6.51,0.79,125.07,10.39,FAILED,True
R062,H023,v3.13,25,72.49,89.17,5.83,664.16,27.58,0.62,224.57,9.01,SUCCESS,True
R062,H024,v3.13,10,83.35,64.13,8.18,622.06,15.95,0.73,246.96,11.53,SUCCESS,True
R062,H025,v3.13,100,98.05,75.56,11.75,510.43,13.14,0.88,208.29,10.18,FAILED,True
R062,H026,v3.13,10,73.71,72.15,8.82,429.65,24.4,1.23,206.32,9.92,SUCCESS,True
R062,H027,v3.13,10,58.98,73.48,10.03,643.16,29.88,0.75,243.23,10.71,SUCCESS,True
R062,H028,v3.13,10,91.47,65.0,11.92,436.67,28.22,1.57,166.17,7.95,SUCCESS,True
R062,H029,v3.13,10,46.88,78.11,8.44,1913.48,29.89,0.81,126.45,7.45,SUCCESS,True
R062,H030,v3.13,5,75.38,79.31,8.13,633.46,24.54,1.07,179.63,11.8,SUCCESS,True
R062,H031,v3.13,25,90.86,82.88,5.86,502.93,25.24,1.49,166.13,6.36,FAILED,True
R062,H032,v3.13,25,97.52,75.83,6.45,530.85,23.83,1.87,111.52,7.93,SUCCESS,True
R062,H033,v3.13,5,61.36,77.18,8.04,761.52,10.85,1.88,147.67,11.97,SUCCESS,True
R062,H034,v3.13,25,62.54,83.41,10.49,738.98,27.83,1.24,215.27,9.19,FAILED,True
R062,H035,v3.13,25,100.0,57.13,8.88,660.76,7.7,1.28,153.44,8.54,ROLLED_BACK,True
R062,H036,v3.13,5,89.32,70.54,5.02,637.97,16.02,1.46,207.13,9.29,FAILED,True
R062,H037,v3.13,10,100.0,70.05,10.87,593.37,14.64,1.18,149.97,7.26,FAILED,True
R062,H038,v3.13,25,70.43,65.71,5.34,633.39,11.32,0.94,131.36,6.23,SUCCESS,True
R062,H039,v3.13,25,77.71,58.1,5.8,774.05,29.15,1.31,200.36,10.98,SUCCESS,True
R062,H040,v3.13,100,78.71,78.95,5.28,408.74,29.92,1.29,218.18,8.74,ROLLED_BACK,True
R062,H041,v3.13,10,80.34,68.65,8.21,430.71,17.56,1.6,151.17,10.53,SUCCESS,True
R062,H042,v3.13,25,88.49,90.75,8.72,468.79,20.79,1.8,192.03,7.35,SUCCESS,True
R062,H043,v3.13,5,56.9,63.34,6.21,533.7,13.12,1.52,173.38,7.74,FAILED,True
R062,H044,v3.13,25,81.26,75.84,10.23,596.72,8.37,0.78,141.58,6.69,FAILED,True
R062,H045,v3.13,5,53.48,77.98,6.98,434.89,24.9,1.9,226.71,11.67,SUCCESS,True
R062,H046,v3.13,10,73.74,86.9,8.5,516.4,17.03,1.81,189.7,7.71,ROLLED_BACK,True
R062,H047,v3.13,5,87.06,68.82,11.62,699.22,11.74,1.78,154.65,6.22,FAILED,True
R062,H048,v3.13,10,64.71,60.71,11.83,401.36,27.91,1.73,106.99,7.16,SUCCESS,True
R062,H049,v3.13,25,,88.22,10.65,453.28,27.9,1.21,242.04,5.92,SUCCESS,True
R062,H050,v3.13,50,67.62,100.0,5.38,653.0,12.07,0.96,102.2,11.59,ROLLED_BACK,True
R063,H001,v3.14,10,46.53,50.98,0.65,164.02,70.81,1.88,128.41,1.21,SUCCESS,False
R063,H002,v3.14,5,49.47,53.47,0.86,276.56,53.03,0.68,206.32,2.56,SUCCESS,False
R063,H003,v3.14,10,56.78,56.95,1.62,280.3,80.48,1.72,108.68,2.77,SUCCESS,False
R063,H004,v3.14,25,48.88,59.51,2.24,203.63,67.49,0.81,223.01,0.78,SUCCESS,False
R063,H005,v3.14,5,44.37,57.96,1.01,281.53,81.04,0.59,139.12,1.87,SUCCESS,False
R063,H006,v3.14,25,41.91,68.12,0.59,267.93,97.32,1.21,160.45,1.3,SUCCESS,False
R063,H007,v3.14,50,51.98,58.59,2.64,222.09,75.9,1.98,201.69,2.82,SUCCESS,False
R063,H008,v3.14,5,49.52,63.63,2.9,137.12,80.07,0.67,245.79,0.78,SUCCESS,False
R063,H009,v3.14,5,37.73,60.3,2.89,106.58,51.84,1.67,153.92,1.06,IN_PROGRESS,False
R063,H010,v3.14,25,31.37,46.06,1.21,157.36,62.82,0.54,239.73,2.5,SUCCESS,False
R063,H011,v3.14,5,48.15,67.62,0.84,,64.4,1.9,147.03,1.08,SUCCESS,False
R063,H012,v3.14,10,61.75,52.33,1.13,110.55,98.83,1.58,103.05,1.74,SUCCESS,False
R063,H013,v3.14,5,56.39,47.98,1.76,280.99,74.25,1.12,224.58,2.93,SUCCESS,False
R063,H014,v3.14,5,38.38,57.79,0.58,158.3,96.67,1.95,164.89,2.82,SUCCESS,False
R063,H015,v3.14,25,46.83,53.81,0.85,158.13,98.28,1.0,177.4,2.94,SUCCESS,False
R063,H016,v3.14,10,42.17,55.51,2.5,238.26,82.36,1.08,106.73,1.38,SUCCESS,False
R063,H017,v3.14,50,43.56,47.83,1.09,,86.06,0.82,184.42,1.82,SUCCESS,False
R063,H018,v3.14,10,52.44,42.35,2.98,296.81,56.59,1.43,229.66,1.29,IN_PROGRESS,False
R063,H019,v3.14,5,49.04,60.26,2.04,156.22,87.73,1.63,124.13,1.69,SUCCESS,False
R063,H020,v3.14,5,34.69,46.77,0.66,189.23,97.55,1.41,191.89,1.34,SUCCESS,False
R063,H021,v3.14,50,48.63,55.75,2.62,166.83,87.02,1.22,111.36,2.1,SUCCESS,False
R063,H022,v3.14,50,42.57,67.51,1.7,220.86,53.36,1.58,234.42,2.96,SUCCESS,False
R063,H023,v3.14,10,44.21,47.36,0.88,235.71,61.34,1.66,129.29,1.0,SUCCESS,False
R063,H024,v3.14,50,41.75,67.3,2.44,103.24,66.87,1.3,144.66,1.82,SUCCESS,False
R063,H025,v3.14,5,51.58,61.29,2.13,292.1,57.0,1.92,154.28,2.56,SUCCESS,False
R063,H026,v3.14,25,70.76,59.62,1.78,237.79,76.48,1.49,146.93,1.71,IN_PROGRESS,False
R063,H027,v3.14,10,54.3,56.59,2.99,100.04,55.04,1.0,239.0,2.96,SUCCESS,False
R063,H028,v3.14,100,49.35,48.71,1.19,115.32,98.87,1.32,157.92,2.18,SUCCESS,False
R063,H029,v3.14,5,41.47,57.37,0.65,286.12,63.91,0.93,151.63,2.5,SUCCESS,False
R063,H030,v3.14,50,56.26,62.59,2.81,,95.49,1.04,199.12,2.51,SUCCESS,False
R063,H031,v3.14,10,35.63,62.12,1.04,243.34,79.86,0.84,183.59,2.27,SUCCESS,False
R063,H032,v3.14,100,41.24,52.13,1.41,221.65,93.51,1.22,103.05,0.56,SUCCESS,False
R063,H033,v3.14,10,49.39,53.37,0.81,104.47,63.71,0.87,100.65,2.65,SUCCESS,False
R063,H034,v3.14,25,47.89,55.3,1.59,157.77,50.19,0.69,103.86,1.3,IN_PROGRESS,False
R063,H035,v3.14,25,46.96,67.43,1.43,264.63,56.89,1.7,191.19,2.66,SUCCESS,False
R063,H036,v3.14,100,44.38,48.86,0.8,152.8,91.68,1.28,196.82,1.73,SUCCESS,False
R063,H037,v3.14,25,56.34,59.6,0.53,255.56,79.29,1.13,247.65,0.99,SUCCESS,False
R063,H038,v3.14,10,53.96,56.11,2.44,193.83,52.25,0.56,106.15,0.64,SUCCESS,False
R063,H039,v3.14,50,100.0,53.91,1.88,149.29,87.64,1.56,190.81,1.02,SUCCESS,False
R063,H040,v3.14,5,59.8,74.73,2.62,106.35,87.49,1.1,181.67,1.33,SUCCESS,False
R063,H041,v3.14,25,41.8,63.31,1.56,102.8,97.67,1.56,127.93,2.61,SUCCESS,False
R063,H042,v3.14,25,42.56,45.16,2.95,256.36,74.35,1.7,117.72,2.71,SUCCESS,False
R063,H043,v3.14,50,44.52,52.91,0.65,183.82,89.51,0.74,108.63,1.0,SUCCESS,False
R063,H044,v3.14,25,49.97,71.84,1.19,158.08,91.38,1.15,108.36,1.63,SUCCESS,False
R063,H045,v3.14,50,48.75,46.7,2.41,292.27,84.42,1.9,103.09,1.54,SUCCESS,False
R063,H046,v3.14,25,64.0,45.86,0.81,254.08,66.22,1.64,129.05,0.83,SUCCESS,False
R063,H047,v3.14,100,40.75,66.36,1.07,201.77,69.6,0.54,102.52,1.17,SUCCESS,False
R063,H048,v3.14,5,43.76,52.15,2.63,235.92,50.85,1.71,208.69,1.23,IN_PROGRESS,False
R063,H049,v3.14,100,59.06,59.51,0.75,279.73,62.96,1.04,169.49,2.83,SUCCESS,False
R063,H050,v3.14,10,61.36,66.89,1.43,226.01,70.48,1.43,215.12,0.76,SUCCESS,False
R064,H001,v3.15,50,52.14,53.83,2.45,107.31,55.63,1.15,132.81,2.86,SUCCESS,False
R064,H002,v3.15,5,69.11,53.48,0.68,266.52,63.12,1.66,146.03,0.6,SUCCESS,False
R064,H003,v3.15,5,59.66,52.39,0.67,211.22,55.01,1.98,162.0,2.91,SUCCESS,False
R064,H004,v3.15,25,67.78,56.05,1.72,137.85,55.92,0.85,146.06,2.27,SUCCESS,False
R064,H005,v3.15,10,60.34,64.72,2.39,200.04,90.78,1.5,233.38,1.05,SUCCESS,False
R064,H006,v3.15,10,43.3,63.07,0.62,110.37,57.38,0.81,231.74,1.24,SUCCESS,False
R064,H007,v3.15,5,38.74,51.85,2.88,163.17,73.15,1.76,218.87,2.43,SUCCESS,False
R064,H008,v3.15,50,75.11,54.31,1.06,214.11,81.31,0.89,164.56,2.74,SUCCESS,False
R064,H009,v3.15,10,28.61,55.85,2.24,142.44,59.72,1.19,178.36,2.63,SUCCESS,False
R064,H010,v3.15,10,61.01,53.05,0.81,258.64,67.42,1.06,171.27,2.14,IN_PROGRESS,False
R064,H011,v3.15,10,60.69,57.24,2.76,193.29,62.5,1.47,241.96,1.68,SUCCESS,False
R064,H012,v3.15,50,55.03,60.93,1.82,204.21,71.72,1.64,197.38,0.77,SUCCESS,False
R064,H013,v3.15,5,47.49,61.36,0.94,251.73,85.62,1.69,211.25,1.97,IN_PROGRESS,False
R064,H014,v3.15,5,46.06,50.44,2.43,225.69,57.94,1.79,102.55,1.47,SUCCESS,False
R064,H015,v3.15,10,46.66,42.16,1.28,193.24,74.1,1.41,236.93,2.24,SUCCESS,False
R064,H016,v3.15,50,52.81,63.61,1.37,298.25,93.64,1.15,177.33,1.11,IN_PROGRESS,False
R064,H017,v3.15,50,49.51,66.93,1.17,214.99,83.74,1.5,202.12,0.77,SUCCESS,False
R064,H018,v3.15,5,65.9,54.92,1.91,269.64,62.16,1.42,198.82,1.22,SUCCESS,False
R064,H019,v3.15,100,62.16,49.83,1.77,287.89,66.19,1.72,161.89,1.2,IN_PROGRESS,False
R064,H020,v3.15,10,53.1,41.9,2.65,119.49,80.49,1.76,142.51,1.91,SUCCESS,False
R064,H021,v3.15,50,45.85,54.02,1.15,114.67,60.72,1.36,215.19,0.7,SUCCESS,False
R064,H022,v3.15,100,41.37,52.82,2.44,123.94,51.41,1.48,102.98,0.76,IN_PROGRESS,False
R064,H023,v3.15,10,40.72,42.52,2.05,170.07,67.14,0.59,123.69,2.89,IN_PROGRESS,False
R064,H024,v3.15,25,39.75,46.52,1.06,177.11,69.38,1.35,176.36,0.82,SUCCESS,False
R064,H025,v3.15,5,54.39,55.0,0.77,200.1,62.28,0.86,141.69,2.21,IN_PROGRESS,False
R064,H026,v3.15,25,49.43,53.14,2.83,255.8,76.93,0.51,146.67,2.05,SUCCESS,False
R064,H027,v3.15,5,61.1,61.36,2.93,206.09,96.9,1.03,178.0,0.91,IN_PROGRESS,False
R064,H028,v3.15,5,65.07,57.31,2.15,157.61,94.47,1.78,242.98,1.97,SUCCESS,False
R064,H029,v3.15,5,53.57,53.07,2.88,111.07,70.75,1.47,176.42,2.06,SUCCESS,False
R064,H030,v3.15,10,46.3,56.12,1.46,108.46,54.38,0.68,145.3,1.39,SUCCESS,False
R064,H031,v3.15,25,40.49,55.79,2.83,126.61,71.77,1.26,238.36,3.0,SUCCESS,False
R064,H032,v3.15,5,52.94,47.74,2.45,124.7,97.94,1.13,201.43,2.12,IN_PROGRESS,False
R064,H033,v3.15,50,40.33,52.93,2.47,128.59,55.38,1.83,148.55,2.55,SUCCESS,False
R064,H034,v3.15,10,50.5,100.0,1.07,115.26,88.99,1.4,100.14,1.04,SUCCESS,False
R064,H035,v3.15,5,60.44,49.37,0.51,249.82,95.07,1.16,144.96,2.53,SUCCESS,False
R064,H036,v3.15,100,52.95,60.16,2.64,278.35,98.26,1.82,169.53,0.73,SUCCESS,False
R064,H037,v3.15,25,46.65,54.27,1.66,244.81,73.14,1.84,160.09,1.25,SUCCESS,False
R064,H038,v3.15,25,49.59,64.41,2.0,246.41,86.54,1.07,106.24,2.14,SUCCESS,False
R064,H039,v3.15,5,41.79,52.59,1.06,936.52,89.01,1.85,245.49,0.93,IN_PROGRESS,False
R064,H040,v3.15,5,44.53,52.77,1.09,284.25,65.82,0.82,131.85,2.73,IN_PROGRESS,False
R064,H041,v3.15,25,49.36,50.61,2.8,288.74,74.07,0.6,151.34,2.95,SUCCESS,False
R064,H042,v3.15,25,42.92,57.67,0.74,181.73,56.65,1.83,236.74,1.23,SUCCESS,False
R064,H043,v3.15,5,63.13,70.87,1.76,636.84,94.52,0.96,129.86,1.09,SUCCESS,False
R064,H044,v3.15,5,47.27,57.33,,150.3,65.19,1.23,204.72,1.14,SUCCESS,False
R064,H045,v3.15,5,23.68,58.41,2.52,214.13,75.77,1.88,219.09,1.54,SUCCESS,False
R064,H046,v3.15,100,55.44,61.3,0.75,174.92,99.63,1.13,177.29,1.13,SUCCESS,False
R064,H047,v3.15,100,100.0,62.27,2.23,211.94,75.62,1.0,196.3,2.88,SUCCESS,False
R064,H048,v3.15,25,43.24,54.09,6.6,127.52,52.36,1.56,232.07,2.12,SUCCESS,False
R064,H049,v3.15,5,59.34,46.62,2.8,285.75,65.61,1.18,107.78,1.8,IN_PROGRESS,False
R064,H050,v3.15,50,50.56,60.73,2.24,178.46,63.59,1.19,116.83,0.84,SUCCESS,False
R065,H001,v3.16,100,51.29,64.72,2.15,125.95,94.21,1.77,112.88,1.49,SUCCESS,False
R065,H002,v3.16,5,57.12,58.87,2.51,102.92,71.17,1.53,236.65,0.81,SUCCESS,False
R065,H003,v3.16,10,55.15,56.19,1.18,233.2,50.05,1.09,181.52,0.59,SUCCESS,False
R065,H004,v3.16,5,62.39,66.58,2.46,209.25,63.97,1.09,106.13,2.06,SUCCESS,False
R065,H005,v3.16,100,44.01,60.6,0.65,194.45,79.41,1.98,227.09,1.29,SUCCESS,False
R065,H006,v3.16,10,50.85,38.54,1.89,162.97,63.04,0.54,235.76,1.27,SUCCESS,False
R065,H007,v3.16,25,42.5,46.51,2.5,277.16,96.63,0.66,188.79,2.25,IN_PROGRESS,False
R065,H008,v3.16,10,46.07,48.71,1.45,261.46,72.25,0.66,224.42,0.71,SUCCESS,False
R065,H009,v3.16,25,46.22,60.92,1.66,248.22,50.45,1.98,110.73,2.78,SUCCESS,False
R065,H010,v3.16,25,59.09,42.47,2.15,229.8,57.61,0.75,214.57,0.55,SUCCESS,False
R065,H011,v3.16,25,61.3,49.2,0.57,277.07,75.21,1.63,160.92,1.6,SUCCESS,False
R065,H012,v3.16,25,56.44,39.67,0.55,248.54,84.47,0.68,178.07,0.92,SUCCESS,False
R065,H013,v3.16,10,32.46,53.85,2.35,261.04,64.85,1.95,103.57,2.56,SUCCESS,False
R065,H014,v3.16,5,45.87,68.09,2.52,294.1,69.28,1.87,188.72,0.93,SUCCESS,False
R065,H015,v3.16,5,48.23,35.91,1.24,235.98,93.99,1.47,135.75,0.78,SUCCESS,False
R065,H016,v3.16,5,25.86,58.52,2.46,244.07,98.27,1.64,241.89,2.13,SUCCESS,False
R065,H017,v3.16,10,46.77,39.94,0.73,176.32,95.14,1.48,125.82,1.56,SUCCESS,False
R065,H018,v3.16,25,63.3,35.38,2.06,199.77,67.97,0.94,159.16,1.53,SUCCESS,False
R065,H019,v3.16,25,55.69,63.86,2.03,172.03,86.25,1.94,156.24,2.1,SUCCESS,False
R065,H020,v3.16,10,61.75,51.15,1.31,298.15,90.42,1.85,202.68,2.45,SUCCESS,False
R065,H021,v3.16,10,72.63,58.88,1.46,140.12,56.94,1.65,126.14,2.74,SUCCESS,False
R065,H022,v3.16,25,47.48,39.7,2.22,258.95,75.69,1.71,234.31,1.94,SUCCESS,False
R065,H023,v3.16,5,42.85,74.15,0.89,272.99,63.5,1.83,196.54,0.63,SUCCESS,False
R065,H024,v3.16,5,46.43,60.44,1.27,149.27,71.4,1.37,194.07,2.45,SUCCESS,False
R065,H025,v3.16,5,55.84,54.79,0.57,118.33,60.46,1.8,139.82,1.11,SUCCESS,False
R065,H026,v3.16,25,57.5,64.91,2.48,287.85,89.34,0.96,110.73,1.96,SUCCESS,False
R065,H027,v3.16,10,46.46,56.04,1.38,214.49,52.24,1.58,219.39,1.77,IN_PROGRESS,False
R065,H028,v3.16,5,43.42,55.69,1.56,251.57,79.77,1.15,161.47,3.0,IN_PROGRESS,False
R065,H029,v3.16,25,45.64,39.78,1.73,204.14,88.75,0.82,171.35,0.84,SUCCESS,False
R065,H030,v3.16,50,53.71,44.79,2.78,170.11,54.88,1.88,201.16,2.88,SUCCESS,False
R065,H031,v3.16,5,60.18,54.15,1.5,298.99,84.8,0.99,216.53,0.55,IN_PROGRESS,False
R065,H032,v3.16,25,31.65,59.25,1.1,195.41,71.04,1.14,177.31,1.24,SUCCESS,False
R065,H033,v3.16,5,62.68,42.29,0.75,182.8,63.1,1.64,172.44,2.53,IN_PROGRESS,False
R065,H034,v3.16,10,43.89,63.61,2.26,288.69,99.05,1.61,184.67,1.2,SUCCESS,False
R065,H035,v3.16,5,48.18,53.75,,159.24,97.47,0.96,114.4,2.85,SUCCESS,False
R065,H036,v3.16,100,51.27,62.56,2.83,285.29,79.12,0.91,166.71,1.65,SUCCESS,False
R065,H037,v3.16,50,51.41,47.55,1.11,129.68,62.55,0.97,146.96,1.07,SUCCESS,False
R065,H038,v3.16,10,50.24,65.64,1.8,203.82,66.23,1.68,186.14,1.31,SUCCESS,False
R065,H039,v3.16,25,49.58,43.09,0.87,200.81,66.23,1.03,132.6,1.5,SUCCESS,False
R065,H040,v3.16,5,58.86,56.64,2.86,245.36,74.48,1.83,180.68,1.37,SUCCESS,False
R065,H041,v3.16,10,60.24,56.76,1.55,260.03,52.99,1.13,107.57,2.51,SUCCESS,False
R065,H042,v3.16,10,46.0,54.4,0.87,202.45,57.31,1.39,122.68,1.93,SUCCESS,False
R065,H043,v3.16,10,30.2,64.48,1.39,130.15,51.47,0.72,213.7,1.35,SUCCESS,False
R065,H044,v3.16,5,56.01,49.12,1.31,150.66,74.33,1.82,167.85,0.9,SUCCESS,False
R065,H045,v3.16,10,21.14,52.25,2.4,112.58,78.79,0.5,222.68,1.42,SUCCESS,False
R065,H046,v3.16,10,55.42,51.04,1.55,188.77,79.78,1.99,148.93,1.87,SUCCESS,False
R065,H047,v3.16,5,54.55,66.63,2.39,230.68,65.07,0.94,126.01,0.76,SUCCESS,False
R065,H048,v3.16,50,56.32,65.5,0.51,176.05,60.9,1.62,151.78,1.23,SUCCESS,False
R065,H049,v3.16,50,49.89,63.02,2.74,112.61,70.77,0.82,126.16,2.79,SUCCESS,False
R065,H050,v3.16,5,41.21,51.4,1.48,144.11,89.09,1.98,204.55,1.74,SUCCESS,False
R066,H001,v3.17,5,37.79,53.1,1.96,103.45,50.13,0.92,196.83,0.99,SUCCESS,False
R066,H002,v3.17,10,49.11,60.68,1.18,124.54,92.09,1.75,201.25,2.18,SUCCESS,False
R066,H003,v3.17,5,49.21,52.04,2.46,211.08,96.43,1.46,178.01,1.21,SUCCESS,False
R066,H004,v3.17,50,54.88,50.57,2.37,146.52,85.51,1.26,202.33,1.31,SUCCESS,False
R066,H005,v3.17,50,66.08,62.82,2.99,236.54,99.49,0.61,166.89,2.05,SUCCESS,False
R066,H006,v3.17,10,57.66,57.81,0.74,208.03,83.37,0.65,145.97,1.24,SUCCESS,False
R066,H007,v3.17,10,62.35,51.78,1.2,101.26,55.97,0.79,180.52,2.64,SUCCESS,False
R066,H008,v3.17,5,32.67,54.41,1.78,253.35,98.53,1.72,160.84,2.77,SUCCESS,False
R066,H009,v3.17,5,48.08,56.13,2.44,268.8,77.18,1.65,126.77,2.76,SUCCESS,False
R066,H010,v3.17,25,51.56,53.06,1.03,206.54,80.96,1.32,171.88,0.74,IN_PROGRESS,False
R066,H011,v3.17,100,52.74,54.99,0.67,239.35,53.92,0.96,165.49,1.4,IN_PROGRESS,False
R066,H012,v3.17,5,68.3,40.92,,269.35,83.23,1.64,224.27,1.61,SUCCESS,False
R066,H013,v3.17,25,41.12,46.75,0.61,258.18,74.04,1.74,172.07,1.95,SUCCESS,False
R066,H014,v3.17,5,61.3,41.25,2.66,785.28,95.18,1.98,222.38,0.63,SUCCESS,False
R066,H015,v3.17,25,46.13,53.39,2.06,115.06,81.08,1.37,156.13,0.68,SUCCESS,False
R066,H016,v3.17,10,44.75,41.43,2.48,284.51,73.88,1.32,210.68,2.73,SUCCESS,False
R066,H017,v3.17,50,35.29,48.27,2.88,153.18,94.97,0.97,124.43,0.95,SUCCESS,False
R066,H018,v3.17,25,53.31,44.27,1.52,269.85,72.19,0.99,174.44,1.54,SUCCESS,False
R066,H019,v3.17,50,20.73,57.26,2.74,101.99,82.62,0.91,202.7,2.13,SUCCESS,False
R066,H020,v3.17,50,39.11,47.83,1.76,279.57,89.43,0.6,184.57,2.05,SUCCESS,False
R066,H021,v3.17,100,30.27,57.14,1.08,114.77,64.46,1.25,182.77,2.3,SUCCESS,False
R066,H022,v3.17,5,55.56,78.49,1.1,123.15,54.87,1.7,138.42,1.03,SUCCESS,False
R066,H023,v3.17,50,45.14,49.07,1.78,276.23,75.35,1.32,199.99,0.61,SUCCESS,False
R066,H024,v3.17,25,50.92,54.96,1.39,185.51,54.04,0.71,124.99,1.58,SUCCESS,False
R066,H025,v3.17,10,47.11,58.52,2.18,259.6,66.87,1.42,108.1,1.85,IN_PROGRESS,False
R066,H026,v3.17,5,56.89,46.04,1.5,266.37,82.68,1.08,120.77,1.76,SUCCESS,False
R066,H027,v3.17,10,65.8,53.03,1.02,187.36,80.7,0.58,188.15,0.95,SUCCESS,False
R066,H028,v3.17,100,47.25,43.23,2.98,182.53,97.22,1.66,143.02,1.0,SUCCESS,False
R066,H029,v3.17,50,40.3,68.53,2.17,267.35,64.83,1.73,225.44,1.38,SUCCESS,False
R066,H030,v3.17,50,53.39,44.35,1.21,173.62,92.36,0.71,119.93,2.83,SUCCESS,False
R066,H031,v3.17,50,51.68,60.46,1.57,202.54,96.46,1.93,109.66,2.57,SUCCESS,False
R066,H032,v3.17,10,45.6,56.49,0.6,126.08,76.82,1.83,217.89,1.95,IN_PROGRESS,False
R066,H033,v3.17,5,58.19,70.43,0.77,111.41,68.08,1.77,168.94,1.44,SUCCESS,False
R066,H034,v3.17,50,42.56,57.68,3.0,203.76,98.37,1.24,175.0,2.77,SUCCESS,False
R066,H035,v3.17,25,58.09,54.48,2.98,138.28,57.31,1.68,107.23,2.68,SUCCESS,False
R066,H036,v3.17,25,57.52,46.19,2.74,250.99,89.07,1.1,142.15,2.59,IN_PROGRESS,False
R066,H037,v3.17,50,35.32,48.01,1.1,231.7,97.68,0.98,249.37,0.77,SUCCESS,False
R066,H038,v3.17,5,60.0,49.27,1.6,158.16,77.72,1.13,155.44,1.26,SUCCESS,False
R066,H039,v3.17,5,44.39,54.48,1.69,285.78,68.25,0.75,126.87,0.53,SUCCESS,False
R066,H040,v3.17,25,50.42,48.98,2.35,148.4,58.78,0.51,220.27,0.76,SUCCESS,False
R066,H041,v3.17,25,60.01,52.62,1.62,279.55,58.77,1.56,249.66,0.73,SUCCESS,False
R066,H042,v3.17,25,34.24,60.37,0.86,288.23,83.7,1.07,101.55,0.8,SUCCESS,False
R066,H043,v3.17,25,56.22,55.61,0.63,252.09,68.68,1.26,178.15,1.08,SUCCESS,False
R066,H044,v3.17,5,52.5,51.98,2.47,267.18,75.36,0.91,155.96,1.96,SUCCESS,False
R066,H045,v3.17,100,36.58,43.63,2.63,245.83,63.98,1.95,235.78,2.26,SUCCESS,False
R066,H046,v3.17,50,73.9,47.97,0.6,192.22,74.64,1.09,198.09,1.89,SUCCESS,False
R066,H047,v3.17,10,56.29,49.23,0.53,293.71,95.07,1.54,113.01,0.98,SUCCESS,False
R066,H048,v3.17,10,67.82,58.45,2.7,193.64,66.68,0.73,178.89,1.08,SUCCESS,False
R066,H049,v3.17,5,45.44,,2.15,146.92,84.22,0.87,188.71,1.2,SUCCESS,False
R066,H050,v3.17,50,35.08,60.39,2.68,278.06,82.27,1.94,134.99,1.31,SUCCESS,False
R067,H001,v3.18,50,39.77,58.03,2.03,159.69,90.44,1.27,241.27,1.43,IN_PROGRESS,False
R067,H002,v3.18,10,49.46,58.06,2.5,274.24,63.3,1.98,238.53,0.61,SUCCESS,False
R067,H003,v3.18,5,38.55,36.69,2.45,150.52,50.71,1.06,136.59,1.27,IN_PROGRESS,False
R067,H004,v3.18,50,52.48,77.87,2.14,159.52,70.27,0.63,155.26,2.39,SUCCESS,False
R067,H005,v3.18,10,45.56,58.9,1.92,248.07,73.62,1.38,203.17,1.0,SUCCESS,False
R067,H006,v3.18,5,42.46,59.5,1.53,265.15,68.69,0.85,208.5,0.7,SUCCESS,False
R067,H007,v3.18,10,84.51,40.6,1.1,211.74,72.17,1.99,106.23,1.05,SUCCESS,False
R067,H008,v3.18,5,60.11,56.38,2.86,271.78,81.84,1.99,241.05,1.51,SUCCESS,False
R067,H009,v3.18,10,63.33,63.28,0.98,173.38,99.3,1.71,226.6,1.36,IN_PROGRESS,False
R067,H010,v3.18,5,33.69,56.12,2.93,108.35,88.25,1.87,140.21,0.94,SUCCESS,False
R067,H011,v3.18,100,50.27,61.88,1.5,143.52,89.59,1.49,195.12,0.86,SUCCESS,False
R067,H012,v3.18,25,56.21,49.97,2.62,138.64,85.69,0.92,225.73,2.52,SUCCESS,False
R067,H013,v3.18,100,58.45,55.86,0.81,218.1,56.73,1.69,103.15,2.33,SUCCESS,False
R067,H014,v3.18,10,65.08,47.86,2.48,135.73,50.39,0.9,227.96,0.8,SUCCESS,False
R067,H015,v3.18,50,49.75,50.66,1.4,211.7,79.42,1.64,103.6,0.67,SUCCESS,False
R067,H016,v3.18,5,44.45,53.15,2.8,114.87,74.57,0.97,100.08,2.88,SUCCESS,False
R067,H017,v3.18,5,52.65,47.02,2.86,209.89,58.94,0.54,216.77,1.21,SUCCESS,False
R067,H018,v3.18,10,46.22,54.11,0.98,286.63,80.04,0.79,135.49,0.87,SUCCESS,False
R067,H019,v3.18,5,56.92,32.62,2.85,103.22,53.63,0.62,130.63,2.39,SUCCESS,False
R067,H020,v3.18,5,54.57,57.74,1.12,248.04,77.24,0.9,192.66,1.27,SUCCESS,False
R067,H021,v3.18,10,39.05,64.61,1.66,189.98,99.03,0.51,219.02,1.19,SUCCESS,False
R067,H022,v3.18,25,43.73,57.94,2.2,116.85,98.89,0.54,176.77,2.52,SUCCESS,False
R067,H023,v3.18,25,45.31,57.81,2.48,277.74,82.64,1.9,106.82,2.65,SUCCESS,False
R067,H024,v3.18,5,37.89,59.0,0.78,210.21,68.49,1.91,155.99,1.89,SUCCESS,False
R067,H025,v3.18,10,51.95,58.56,1.36,101.37,98.47,1.88,116.94,2.51,IN_PROGRESS,False
R067,H026,v3.18,10,74.13,59.56,2.32,110.2,67.76,0.96,115.36,1.19,SUCCESS,False
R067,H027,v3.18,10,46.88,40.6,0.86,241.91,77.12,1.14,179.01,1.42,SUCCESS,False
R067,H028,v3.18,10,41.64,54.11,2.38,117.0,68.71,1.84,149.47,2.08,SUCCESS,False
R067,H029,v3.18,10,45.06,52.68,2.5,240.46,58.13,0.92,176.23,0.71,SUCCESS,False
R067,H030,v3.18,10,45.78,59.13,0.64,262.33,66.89,1.73,246.09,1.27,SUCCESS,False
R067,H031,v3.18,5,74.88,54.7,0.91,132.19,92.24,1.48,246.98,1.65,IN_PROGRESS,False
R067,H032,v3.18,50,56.53,61.14,2.71,215.3,51.32,0.94,132.93,2.74,SUCCESS,False
R067,H033,v3.18,5,31.97,36.11,2.45,254.27,82.28,1.69,223.34,2.67,SUCCESS,False
R067,H034,v3.18,5,49.07,48.37,1.77,168.0,77.47,0.79,130.84,1.53,SUCCESS,False
R067,H035,v3.18,50,50.66,74.92,2.8,224.0,85.65,0.95,212.11,1.42,IN_PROGRESS,False
R067,H036,v3.18,5,38.4,51.65,2.58,234.62,72.34,1.17,164.9,2.01,SUCCESS,False
R067,H037,v3.18,25,38.85,62.5,2.91,221.1,59.84,0.65,170.72,2.11,SUCCESS,False
R067,H038,v3.18,5,56.85,63.49,0.74,223.27,76.41,1.26,129.81,2.96,SUCCESS,False
R067,H039,v3.18,25,51.4,58.97,0.64,111.89,85.5,1.06,132.15,2.85,SUCCESS,False
R067,H040,v3.18,50,44.83,49.44,0.97,104.86,91.78,0.91,157.43,0.62,SUCCESS,False
R067,H041,v3.18,25,29.87,63.07,2.25,211.54,84.18,0.58,113.28,0.58,SUCCESS,False
R067,H042,v3.18,50,54.79,57.79,2.91,163.57,96.88,1.02,113.38,0.81,SUCCESS,False
R067,H043,v3.18,5,81.87,39.8,2.01,274.55,79.98,1.03,148.05,0.86,SUCCESS,False
R067,H044,v3.18,5,45.68,52.77,1.03,227.28,93.27,1.37,206.38,1.67,SUCCESS,False
R067,H045,v3.18,10,54.34,51.19,0.6,173.94,86.82,1.32,146.81,0.72,SUCCESS,False
R067,H046,v3.18,5,48.75,52.98,0.95,242.08,63.65,1.68,219.88,2.92,SUCCESS,False
R067,H047,v3.18,25,44.81,100.0,2.88,225.61,69.37,1.96,194.07,1.8,SUCCESS,False
R067,H048,v3.18,5,52.84,68.31,0.71,105.36,90.11,1.51,118.5,1.41,SUCCESS,False
R067,H049,v3.18,5,43.47,52.31,2.2,143.34,52.52,0.62,237.3,1.69,IN_PROGRESS,False
R067,H050,v3.18,10,42.59,100.0,0.7,291.09,88.56,1.02,237.19,0.71,SUCCESS,False
R068,H001,v3.19,5,38.77,48.81,1.42,128.62,92.26,0.54,120.49,2.38,SUCCESS,False
R068,H002,v3.19,5,57.49,53.82,1.01,269.22,86.72,0.8,247.29,1.28,IN_PROGRESS,False
R068,H003,v3.19,5,65.17,49.71,0.85,135.35,71.86,1.41,225.32,2.11,SUCCESS,False
R068,H004,v3.19,25,48.1,40.18,1.92,212.3,91.19,0.81,243.28,2.44,SUCCESS,False
R068,H005,v3.19,50,55.58,56.75,0.71,198.85,59.79,1.41,101.54,2.06,SUCCESS,False
R068,H006,v3.19,50,49.18,53.08,1.79,287.17,79.7,1.91,162.76,2.71,SUCCESS,False
R068,H007,v3.19,25,57.21,59.79,1.04,194.81,83.79,1.31,171.41,2.43,SUCCESS,False
R068,H008,v3.19,25,59.48,58.31,0.82,251.36,65.41,1.15,244.04,2.0,SUCCESS,False
R068,H009,v3.19,5,55.42,63.94,1.28,172.0,97.41,1.51,146.07,2.86,SUCCESS,False
R068,H010,v3.19,100,41.78,59.76,2.55,193.69,63.72,0.61,183.02,1.74,SUCCESS,False
R068,H011,v3.19,10,67.42,45.24,2.44,284.92,71.03,0.74,121.35,2.09,SUCCESS,False
R068,H012,v3.19,25,45.71,55.01,0.95,177.49,59.24,1.26,108.85,1.88,SUCCESS,False
R068,H013,v3.19,100,55.21,55.62,2.33,166.18,77.19,1.71,221.64,2.03,SUCCESS,False
R068,H014,v3.19,25,44.96,72.8,1.28,181.03,56.97,0.88,239.81,2.46,SUCCESS,False
R068,H015,v3.19,10,36.82,61.7,1.46,150.02,71.8,1.47,249.36,0.84,SUCCESS,False
R068,H016,v3.19,5,28.84,50.38,2.54,186.06,63.42,1.25,218.96,2.78,SUCCESS,False
R068,H017,v3.19,10,53.28,58.22,1.27,202.3,52.8,1.27,162.73,1.58,SUCCESS,False
R068,H018,v3.19,10,51.69,44.49,1.09,201.93,58.46,1.43,222.74,1.95,SUCCESS,False
R068,H019,v3.19,100,72.79,50.62,1.42,260.27,64.98,1.23,171.42,1.22,SUCCESS,False
R068,H020,v3.19,5,53.81,50.68,2.95,237.64,92.76,1.87,101.61,2.81,SUCCESS,False
R068,H021,v3.19,10,60.25,56.54,2.34,168.17,89.52,0.54,243.59,2.75,SUCCESS,False
R068,H022,v3.19,25,42.86,58.77,0.55,177.97,64.16,0.67,229.87,2.19,IN_PROGRESS,False
R068,H023,v3.19,10,49.51,48.08,2.95,190.78,98.86,1.84,220.52,2.83,SUCCESS,False
R068,H024,v3.19,5,44.8,46.69,0.76,186.0,79.75,0.91,170.13,2.57,SUCCESS,False
R068,H025,v3.19,5,43.26,55.84,0.66,161.01,51.03,1.05,192.17,2.43,SUCCESS,False
R068,H026,v3.19,10,60.39,54.66,2.13,238.51,71.02,0.57,207.05,2.42,SUCCESS,False
R068,H027,v3.19,25,53.12,48.46,1.68,143.57,76.94,1.35,147.72,0.61,SUCCESS,False
R068,H028,v3.19,5,43.27,62.45,1.11,298.96,54.25,0.89,126.24,0.88,SUCCESS,False
R068,H029,v3.19,100,48.8,45.98,1.76,160.96,85.59,1.65,209.0,0.91,SUCCESS,False
R068,H030,v3.19,10,55.64,57.73,1.77,222.05,57.16,1.01,161.76,2.66,SUCCESS,False
R068,H031,v3.19,100,60.09,56.69,1.11,202.19,89.03,1.35,178.59,1.18,SUCCESS,False
R068,H032,v3.19,5,42.21,47.61,1.28,190.35,57.22,1.84,233.59,2.57,SUCCESS,False
R068,H033,v3.19,10,63.42,67.86,0.77,463.84,54.78,1.3,238.21,0.82,SUCCESS,False
R068,H034,v3.19,10,46.29,49.5,1.15,245.67,98.57,0.6,107.01,2.29,SUCCESS,False
R068,H035,v3.19,10,55.31,49.47,2.31,299.51,84.23,1.5,205.41,2.78,SUCCESS,False
R068,H036,v3.19,50,44.74,60.63,1.91,181.07,65.51,1.65,116.7,1.36,SUCCESS,False
R068,H037,v3.19,25,65.9,74.4,2.84,170.31,65.23,1.98,159.63,2.97,SUCCESS,False
R068,H038,v3.19,25,62.01,56.76,2.6,245.25,79.51,1.28,156.44,2.88,SUCCESS,False
R068,H039,v3.19,10,51.14,42.42,2.15,297.5,73.19,1.86,225.72,0.58,IN_PROGRESS,False
R068,H040,v3.19,5,54.73,53.47,1.33,222.04,67.27,1.38,230.04,2.31,SUCCESS,False
R068,H041,v3.19,5,57.11,55.76,2.0,226.92,86.1,1.45,201.6,2.0,SUCCESS,False
R068,H042,v3.19,25,55.85,52.2,2.64,112.77,94.47,1.42,131.22,1.22,SUCCESS,False
R068,H043,v3.19,25,58.29,45.73,1.34,220.83,72.43,1.13,120.44,1.01,SUCCESS,False
R068,H044,v3.19,10,44.83,58.53,1.18,115.76,62.53,1.54,244.74,0.84,SUCCESS,False
R068,H045,v3.19,10,39.28,61.13,0.93,113.54,92.1,0.69,141.68,1.75,SUCCESS,False
R068,H046,v3.19,25,48.36,50.83,2.18,290.49,58.83,1.82,229.96,2.51,SUCCESS,False
R068,H047,v3.19,10,72.47,50.5,2.15,137.94,51.03,1.41,115.49,0.78,IN_PROGRESS,False
R068,H048,v3.19,10,73.49,31.36,1.95,231.26,71.65,0.61,112.79,2.17,SUCCESS,False
R068,H049,v3.19,10,50.12,48.39,1.84,167.23,77.85,0.99,135.79,2.94,SUCCESS,False
R068,H050,v3.19,100,42.24,49.25,2.52,113.82,82.01,1.83,170.69,2.1,SUCCESS,False
R069,H001,v3.20,10,36.85,69.25,0.87,299.61,66.82,1.75,178.47,1.83,SUCCESS,False
R069,H002,v3.20,50,30.1,53.06,2.57,231.26,70.73,0.61,190.85,2.4,IN_PROGRESS,False
R069,H003,v3.20,100,49.09,67.46,1.77,151.44,71.57,0.62,116.32,1.58,SUCCESS,False
R069,H004,v3.20,25,37.98,40.9,1.93,140.54,84.31,1.27,229.25,1.48,SUCCESS,False
R069,H005,v3.20,5,58.3,57.47,2.37,112.32,82.49,1.23,214.72,0.78,SUCCESS,False
R069,H006,v3.20,25,54.42,49.36,2.24,202.88,89.88,1.12,196.94,1.2,SUCCESS,False
R069,H007,v3.20,50,70.98,58.83,1.2,139.14,64.66,1.38,165.52,1.18,SUCCESS,False
R069,H008,v3.20,10,30.0,56.16,1.57,247.8,87.4,1.08,145.06,2.06,SUCCESS,False
R069,H009,v3.20,100,56.87,100.0,2.99,143.46,56.39,1.21,207.73,1.55,SUCCESS,False
R069,H010,v3.20,5,42.6,55.88,0.58,267.5,78.01,1.62,186.03,2.25,SUCCESS,False
R069,H011,v3.20,5,37.85,64.78,2.14,285.29,66.4,1.18,101.66,1.98,SUCCESS,False
R069,H012,v3.20,25,44.47,65.73,1.25,144.46,63.67,1.16,134.65,0.96,SUCCESS,False
R069,H013,v3.20,10,43.56,54.45,2.42,274.38,84.56,1.38,109.03,2.91,SUCCESS,False
R069,H014,v3.20,50,54.97,48.1,2.33,260.26,72.0,1.16,197.66,2.54,IN_PROGRESS,False
R069,H015,v3.20,25,39.68,45.05,1.04,291.14,96.72,1.34,168.6,2.05,SUCCESS,False
R069,H016,v3.20,10,71.98,42.75,2.73,138.56,83.31,1.84,187.34,2.91,SUCCESS,False
R069,H017,v3.20,25,36.82,62.26,1.19,280.56,88.16,0.6,227.83,2.6,SUCCESS,False
R069,H018,v3.20,5,35.26,58.1,2.13,249.0,92.13,1.15,237.93,1.88,SUCCESS,False
R069,H019,v3.20,5,36.17,36.3,2.56,122.05,80.22,1.82,178.28,0.57,SUCCESS,False
R069,H020,v3.20,25,49.64,58.3,2.94,264.77,75.58,1.78,234.67,1.6,SUCCESS,False
R069,H021,v3.20,100,39.34,55.71,1.84,165.84,80.75,1.57,220.78,0.53,SUCCESS,False
R069,H022,v3.20,50,48.75,44.89,0.92,133.37,90.95,0.96,132.77,2.09,SUCCESS,False
R069,H023,v3.20,100,70.76,53.54,2.94,297.28,54.6,0.92,182.97,1.77,SUCCESS,False
R069,H024,v3.20,100,54.56,100.0,2.97,274.15,63.89,0.89,180.5,1.35,SUCCESS,False
R069,H025,v3.20,50,56.15,42.21,2.83,110.33,64.25,1.63,178.45,1.17,SUCCESS,False
R069,H026,v3.20,5,40.38,53.01,2.07,170.4,71.29,1.89,213.44,1.56,IN_PROGRESS,False
R069,H027,v3.20,25,,55.51,1.41,283.77,86.33,1.83,237.69,1.75,SUCCESS,False
R069,H028,v3.20,10,55.51,56.36,2.83,243.66,84.15,1.41,231.6,1.2,SUCCESS,False
R069,H029,v3.20,50,45.67,35.96,1.78,238.37,98.75,1.13,178.52,2.38,SUCCESS,False
R069,H030,v3.20,10,44.07,71.88,1.55,212.97,92.55,1.76,121.98,2.21,SUCCESS,False
R069,H031,v3.20,10,39.12,45.44,2.98,270.87,75.68,1.35,130.02,2.59,SUCCESS,False
R069,H032,v3.20,50,32.59,65.44,1.19,283.67,57.31,1.29,248.12,1.43,SUCCESS,False
R069,H033,v3.20,5,33.93,47.23,1.48,197.56,72.12,1.19,112.55,0.96,SUCCESS,False
R069,H034,v3.20,50,67.0,55.4,2.6,136.26,93.11,1.5,118.16,1.06,SUCCESS,False
R069,H035,v3.20,5,45.02,57.1,2.92,196.45,81.09,1.44,221.2,2.44,IN_PROGRESS,False
R069,H036,v3.20,10,47.31,60.78,0.72,130.91,94.08,1.26,126.65,1.78,SUCCESS,False
R069,H037,v3.20,100,52.79,60.08,2.86,130.49,60.63,0.58,249.15,2.86,SUCCESS,False
R069,H038,v3.20,5,50.1,59.97,1.87,280.67,82.48,1.67,211.39,2.8,SUCCESS,False
R069,H039,v3.20,50,50.86,50.26,2.6,149.44,70.7,1.67,136.36,2.42,SUCCESS,False
R069,H040,v3.20,5,42.04,50.93,1.39,194.35,57.82,0.92,149.72,1.88,SUCCESS,False
R069,H041,v3.20,10,26.66,55.85,1.47,223.72,93.52,1.79,152.88,2.23,SUCCESS,False
R069,H042,v3.20,25,61.41,63.02,2.31,226.05,58.36,1.06,245.23,1.21,IN_PROGRESS,False
R069,H043,v3.20,5,46.15,46.3,1.1,247.36,95.46,1.06,107.26,2.76,SUCCESS,False
R069,H044,v3.20,5,50.05,54.73,,277.3,58.11,1.45,152.49,2.83,SUCCESS,False
R069,H045,v3.20,10,48.95,53.34,0.74,206.15,94.54,0.64,210.94,2.11,SUCCESS,False
R069,H046,v3.20,5,68.85,68.8,2.26,116.61,57.19,1.32,168.69,2.37,SUCCESS,False
R069,H047,v3.20,5,50.86,53.55,1.03,258.89,73.89,1.27,180.19,1.28,SUCCESS,False
R069,H048,v3.20,5,58.23,53.56,1.37,182.11,89.82,0.57,190.86,1.82,SUCCESS,False
R069,H049,v3.20,50,23.25,65.14,,248.31,59.62,1.29,215.8,0.83,SUCCESS,False
R069,H050,v3.20,10,62.24,51.05,2.92,286.61,67.74,1.15,193.84,1.86,SUCCESS,False
R070,H001,v3.21,5,73.82,89.49,10.64,665.43,13.43,1.66,150.22,6.41,FAILED,True
R070,H002,v3.21,10,80.53,72.41,7.41,762.98,18.13,0.91,189.15,6.96,SUCCESS,True
R070,H003,v3.21,50,89.85,68.96,5.53,650.29,9.3,1.18,114.18,8.55,FAILED,True
R070,H004,v3.21,10,86.5,51.29,5.37,404.7,14.63,0.63,120.4,6.35,SUCCESS,True
R070,H005,v3.21,50,49.21,72.06,5.17,763.43,4.08,0.81,151.99,7.01,SUCCESS,True
R070,H006,v3.21,10,84.91,98.79,10.99,629.33,18.68,0.6,210.32,11.69,SUCCESS,True
R070,H007,v3.21,10,62.7,73.24,9.08,613.05,15.65,1.4,231.45,10.9,FAILED,True
R070,H008,v3.21,10,80.09,100.0,7.89,568.61,17.93,0.76,187.6,6.15,FAILED,True
R070,H009,v3.21,25,99.22,68.76,6.0,705.55,16.01,0.55,102.85,5.9,SUCCESS,True
R070,H010,v3.21,5,66.58,49.55,6.18,797.96,0.06,0.79,233.9,11.46,FAILED,True
R070,H011,v3.21,10,72.42,89.44,8.72,502.27,23.81,1.07,104.32,10.49,FAILED,True
R070,H012,v3.21,50,70.17,67.56,10.99,715.05,2.71,1.34,134.65,9.52,ROLLED_BACK,True
R070,H013,v3.21,50,66.07,79.82,8.1,499.33,2.32,0.7,197.83,7.95,FAILED,True
R070,H014,v3.21,25,67.91,67.12,5.96,2210.52,4.83,1.12,229.97,11.91,FAILED,True
R070,H015,v3.21,100,71.61,80.7,5.4,766.72,0.41,0.95,224.42,7.31,SUCCESS,True
R070,H016,v3.21,5,78.94,74.98,8.61,716.28,28.24,0.96,218.57,7.53,FAILED,True
R070,H017,v3.21,50,89.11,75.72,5.72,455.26,2.47,1.71,149.51,10.01,SUCCESS,True
R070,H018,v3.21,5,61.91,67.58,6.6,548.16,3.19,0.67,114.85,6.5,FAILED,True
R070,H019,v3.21,50,100.0,63.5,7.25,645.25,25.27,1.96,122.97,9.37,FAILED,True
R070,H020,v3.21,5,78.95,73.75,5.83,498.59,17.53,0.89,184.67,11.08,SUCCESS,True
R070,H021,v3.21,50,80.33,70.47,7.42,709.38,9.04,1.24,106.39,9.64,SUCCESS,True
R070,H022,v3.21,10,67.37,77.38,10.51,730.04,4.87,1.28,191.79,7.03,FAILED,True
R070,H023,v3.21,10,71.78,56.94,8.71,726.06,20.49,1.86,196.33,11.03,SUCCESS,True
R070,H024,v3.21,5,75.67,94.3,10.82,696.41,12.55,0.95,110.91,10.32,FAILED,True
R070,H025,v3.21,100,53.54,82.08,10.1,694.31,25.37,1.92,112.33,5.0,SUCCESS,True
R070,H026,v3.21,5,71.27,62.43,11.47,430.14,17.16,1.45,144.45,8.85,FAILED,True
R070,H027,v3.21,25,100.0,75.42,9.71,727.64,3.36,1.87,232.94,8.55,SUCCESS,True
R070,H028,v3.21,50,74.4,64.8,6.44,792.91,17.0,1.25,126.16,6.39,SUCCESS,True
R070,H029,v3.21,25,93.2,62.35,9.46,421.56,7.41,1.24,101.81,11.5,ROLLED_BACK,True
R070,H030,v3.21,10,70.95,85.35,8.67,426.33,4.17,1.37,174.68,7.7,SUCCESS,True
R070,H031,v3.21,100,66.22,79.96,8.94,692.64,16.64,1.82,245.45,8.59,FAILED,True
R070,H032,v3.21,25,74.75,83.04,10.75,690.62,24.11,0.58,125.64,7.24,SUCCESS,True
R070,H033,v3.21,100,77.37,86.18,6.1,731.82,2.54,1.84,157.04,11.36,ROLLED_BACK,True
R070,H034,v3.21,10,83.02,78.65,11.09,471.55,3.33,1.7,179.98,7.99,FAILED,True
R070,H035,v3.21,10,73.52,67.62,11.92,581.3,21.03,1.93,212.52,9.41,FAILED,True
R070,H036,v3.21,25,72.41,100.0,7.34,441.43,4.11,1.9,241.25,11.18,SUCCESS,True
R070,H037,v3.21,25,73.02,84.4,8.71,557.42,21.93,1.61,181.3,9.47,SUCCESS,True
R070,H038,v3.21,100,66.65,72.38,10.39,659.72,20.25,0.99,211.75,8.6,ROLLED_BACK,True
R070,H039,v3.21,5,63.88,84.36,7.15,649.03,16.77,1.7,154.0,10.19,FAILED,True
R070,H040,v3.21,5,84.97,78.56,9.36,722.48,29.01,1.86,144.59,11.49,SUCCESS,True
R070,H041,v3.21,10,70.38,74.15,7.17,627.33,29.71,1.64,245.52,11.52,SUCCESS,True
R070,H042,v3.21,10,81.28,71.88,9.39,532.2,3.27,1.91,124.81,10.69,ROLLED_BACK,True
R070,H043,v3.21,10,69.63,69.29,8.85,555.99,17.51,0.87,196.13,10.22,SUCCESS,True
R070,H044,v3.21,5,93.11,62.81,10.95,689.76,14.89,1.54,158.78,9.69,SUCCESS,True
R070,H045,v3.21,25,83.46,75.55,8.04,665.76,20.53,0.97,192.73,9.15,SUCCESS,True
R070,H046,v3.21,50,85.14,67.02,11.48,485.21,5.17,1.58,173.34,10.59,ROLLED_BACK,True
R070,H047,v3.21,5,70.39,99.11,9.3,749.29,10.34,1.54,190.92,11.66,SUCCESS,True
R070,H048,v3.21,50,71.35,78.37,6.92,544.64,27.26,1.14,158.75,11.16,FAILED,True
R070,H049,v3.21,25,78.26,86.27,7.74,492.11,10.37,1.93,245.38,8.74,SUCCESS,True
R070,H050,v3.21,25,78.73,76.05,5.18,670.51,4.77,0.61,172.47,5.44,SUCCESS,True
R071,H001,v3.22,10,33.36,51.01,0.94,131.69,55.85,1.15,132.55,2.44,SUCCESS,False
R071,H002,v3.22,5,36.9,57.37,0.79,267.71,73.11,0.57,167.81,2.47,SUCCESS,False
R071,H003,v3.22,10,61.95,57.78,2.37,239.26,69.73,0.88,118.38,2.82,SUCCESS,False
R071,H004,v3.22,25,37.19,51.53,2.64,112.7,60.25,1.72,180.33,2.75,SUCCESS,False
R071,H005,v3.22,5,50.37,50.65,3.0,270.6,94.22,1.03,137.55,0.92,SUCCESS,False
R071,H006,v3.22,5,52.08,46.41,1.78,194.29,73.71,1.82,193.63,1.41,SUCCESS,False
R071,H007,v3.22,5,56.65,50.93,2.16,211.91,98.46,1.35,212.8,2.67,IN_PROGRESS,False
R071,H008,v3.22,50,50.59,55.82,1.63,190.9,68.69,1.48,148.5,2.99,SUCCESS,False
R071,H009,v3.22,25,44.33,56.87,1.89,199.55,56.62,1.69,108.23,2.86,SUCCESS,False
R071,H010,v3.22,5,45.05,60.92,2.65,101.62,87.3,1.72,156.53,2.84,SUCCESS,False
R071,H011,v3.22,25,38.6,57.23,2.43,299.38,69.19,0.84,185.93,1.68,SUCCESS,False
R071,H012,v3.22,50,48.43,58.03,2.05,122.15,75.09,0.67,241.76,0.71,SUCCESS,False
R071,H013,v3.22,5,60.95,60.59,1.0,151.32,80.25,0.57,133.21,1.29,SUCCESS,False
R071,H014,v3.22,25,45.26,51.58,2.08,113.71,54.22,0.96,111.32,2.71,SUCCESS,False
R071,H015,v3.22,10,35.02,60.05,0.57,292.46,56.76,0.99,151.63,2.37,SUCCESS,False
R071,H016,v3.22,5,45.24,61.74,2.44,115.59,68.03,1.63,166.74,2.09,SUCCESS,False
R071,H017,v3.22,100,59.31,53.11,2.99,147.82,65.29,1.68,153.34,2.36,SUCCESS,False
R071,H018,v3.22,5,64.39,42.82,1.92,158.92,53.45,1.24,205.23,1.72,SUCCESS,False
R071,H019,v3.22,10,54.76,72.16,2.46,202.89,91.38,1.61,167.84,1.33,SUCCESS,False
R071,H020,v3.22,50,40.8,44.7,2.61,291.78,50.77,0.61,114.41,0.54,SUCCESS,False
R071,H021,v3.22,5,61.22,42.76,2.07,204.58,92.28,0.92,149.29,2.65,SUCCESS,False
R071,H022,v3.22,50,68.93,56.9,1.33,158.69,69.97,0.88,174.12,2.26,SUCCESS,False
R071,H023,v3.22,5,60.78,42.89,0.65,147.39,64.58,1.73,150.33,0.63,SUCCESS,False
R071,H024,v3.22,5,52.92,57.17,0.61,141.85,91.42,0.7,159.16,1.01,SUCCESS,False
R071,H025,v3.22,100,55.73,70.12,1.89,119.68,76.78,1.16,119.25,2.48,SUCCESS,False
R071,H026,v3.22,10,57.39,68.61,2.41,299.86,85.29,0.67,115.21,1.5,SUCCESS,False
R071,H027,v3.22,25,35.34,67.69,1.13,184.4,50.22,0.68,160.53,1.91,SUCCESS,False
R071,H028,v3.22,25,58.12,50.2,1.47,147.86,64.45,1.92,185.28,1.89,SUCCESS,False
R071,H029,v3.22,25,70.63,51.36,1.78,273.06,73.12,0.91,113.57,1.74,SUCCESS,False
R071,H030,v3.22,100,55.12,68.86,0.93,253.41,92.12,1.97,247.06,2.34,SUCCESS,False
R071,H031,v3.22,5,34.57,51.35,1.56,132.28,53.58,0.81,222.14,2.73,SUCCESS,False
R071,H032,v3.22,50,40.76,57.79,2.04,263.58,99.96,0.53,223.79,2.01,SUCCESS,False
R071,H033,v3.22,50,55.08,69.02,2.42,216.7,56.75,1.44,184.19,1.8,SUCCESS,False
R071,H034,v3.22,10,59.16,65.03,1.15,189.17,59.05,0.72,122.55,1.27,SUCCESS,False
R071,H035,v3.22,10,34.71,64.39,1.74,207.22,99.08,1.18,207.19,2.79,SUCCESS,False
R071,H036,v3.22,5,33.95,54.05,1.13,164.04,58.2,1.54,169.07,2.3,SUCCESS,False
R071,H037,v3.22,5,47.82,68.33,2.75,171.24,87.01,0.58,161.19,2.26,SUCCESS,False
R071,H038,v3.22,25,41.94,51.55,0.73,159.75,63.01,1.32,113.01,0.74,SUCCESS,False
R071,H039,v3.22,5,48.98,55.13,2.96,146.08,86.93,1.78,125.04,1.1,SUCCESS,False
R071,H040,v3.22,5,41.26,41.94,0.64,243.6,95.7,1.76,176.81,1.85,SUCCESS,False
R071,H041,v3.22,5,44.84,60.67,0.89,246.51,92.18,1.92,138.54,2.45,SUCCESS,False
R071,H042,v3.22,50,45.51,54.02,1.97,170.69,78.23,1.35,244.79,1.36,IN_PROGRESS,False
R071,H043,v3.22,50,43.19,68.31,2.84,246.45,90.87,1.84,135.19,1.74,IN_PROGRESS,False
R071,H044,v3.22,25,29.47,52.41,2.55,291.65,84.12,1.52,205.67,2.66,SUCCESS,False
R071,H045,v3.22,10,42.04,55.02,2.6,170.05,68.93,1.67,137.66,1.96,SUCCESS,False
R071,H046,v3.22,10,51.01,49.77,1.44,241.76,66.53,1.69,203.18,0.54,SUCCESS,False
R071,H047,v3.22,100,48.27,74.51,2.58,255.23,94.7,1.47,221.06,2.33,IN_PROGRESS,False
R071,H048,v3.22,10,41.75,64.21,2.67,280.06,56.57,0.64,240.72,0.69,SUCCESS,False
R071,H049,v3.22,5,43.86,55.64,1.79,140.82,62.54,1.07,191.75,1.25,SUCCESS,False
R071,H050,v3.22,5,65.14,,2.92,168.01,66.19,1.49,209.62,2.05,SUCCESS,False
R072,H001,v3.23,10,78.22,92.42,11.33,462.23,4.9,0.73,185.0,8.46,ROLLED_BACK,True
R072,H002,v3.23,10,83.91,78.56,5.82,590.41,26.91,0.92,228.96,9.73,SUCCESS,True
R072,H003,v3.23,5,71.24,64.44,10.06,546.75,23.46,1.22,168.79,7.17,ROLLED_BACK,True
R072,H004,v3.23,100,84.52,87.15,9.85,760.03,22.84,1.7,247.05,9.78,SUCCESS,True
R072,H005,v3.23,5,68.03,67.48,5.24,436.25,25.99,1.7,153.46,9.15,SUCCESS,True
R072,H006,v3.23,10,60.51,81.1,11.84,430.47,8.59,1.48,152.56,8.54,FAILED,True
R072,H007,v3.23,5,83.4,67.89,8.4,428.89,26.79,0.77,217.43,6.16,FAILED,True
R072,H008,v3.23,50,69.46,72.73,7.8,700.57,12.16,1.0,183.49,8.21,SUCCESS,True
R072,H009,v3.23,25,80.35,64.08,8.15,709.4,6.13,0.6,221.11,10.78,FAILED,True
R072,H010,v3.23,100,73.95,64.1,11.44,505.62,12.34,0.75,134.22,8.79,SUCCESS,True
R072,H011,v3.23,10,84.17,81.23,9.22,567.94,2.78,1.78,107.98,9.4,FAILED,True
R072,H012,v3.23,25,47.18,75.33,11.78,776.24,6.63,0.73,171.63,11.67,FAILED,True
R072,H013,v3.23,5,62.36,85.37,6.33,649.71,20.06,1.73,231.99,8.38,SUCCESS,True
R072,H014,v3.23,5,87.97,82.39,6.31,767.93,18.8,1.43,155.13,10.51,ROLLED_BACK,True
R072,H015,v3.23,5,67.56,76.65,5.23,567.96,22.76,1.18,175.96,6.32,FAILED,True
R072,H016,v3.23,5,87.51,69.01,11.07,419.27,13.99,1.54,248.52,11.41,ROLLED_BACK,True
R072,H017,v3.23,100,81.19,65.35,7.88,788.81,12.26,0.86,232.37,6.29,FAILED,True
R072,H018,v3.23,10,78.68,93.5,6.69,597.13,13.36,1.19,137.91,10.81,SUCCESS,True
R072,H019,v3.23,10,97.31,56.63,8.2,762.32,3.12,1.9,192.57,8.21,FAILED,True
R072,H020,v3.23,100,86.31,74.78,11.86,788.49,14.91,1.16,152.81,6.61,SUCCESS,True
R072,H021,v3.23,5,63.86,67.39,10.24,517.82,11.06,1.1,154.71,9.95,FAILED,True
R072,H022,v3.23,25,71.06,69.97,11.51,721.17,28.64,1.87,121.45,7.4,FAILED,True
R072,H023,v3.23,10,80.14,65.51,8.21,508.76,20.05,1.36,249.12,9.85,ROLLED_BACK,True
R072,H024,v3.23,10,79.79,57.76,9.61,636.23,8.96,1.29,153.89,11.68,SUCCESS,True
R072,H025,v3.23,5,75.44,75.34,6.99,440.83,5.3,0.97,138.06,6.44,SUCCESS,True
R072,H026,v3.23,10,68.28,73.81,6.68,440.74,19.35,1.34,151.62,7.41,SUCCESS,True
R072,H027,v3.23,5,82.24,64.78,11.84,732.54,15.61,0.84,201.41,6.12,SUCCESS,True
R072,H028,v3.23,5,61.76,61.42,7.01,741.3,24.5,1.86,129.01,7.31,ROLLED_BACK,True
R072,H029,v3.23,25,79.8,64.96,10.42,704.49,1.75,1.3,217.98,11.75,SUCCESS,True
R072,H030,v3.23,10,69.65,69.34,8.56,716.47,19.1,0.76,221.94,5.5,SUCCESS,True
R072,H031,v3.23,100,79.12,63.53,6.63,708.25,17.15,0.66,173.21,9.51,FAILED,True
R072,H032,v3.23,25,82.17,76.78,8.61,798.54,16.11,1.94,190.17,6.12,SUCCESS,True
R072,H033,v3.23,5,78.23,71.82,6.54,566.63,3.15,0.82,148.0,5.11,ROLLED_BACK,True
R072,H034,v3.23,10,88.93,78.74,11.3,515.49,3.03,0.71,116.18,7.25,FAILED,True
R072,H035,v3.23,100,95.78,79.13,6.1,748.82,26.73,1.63,107.91,10.41,SUCCESS,True
R072,H036,v3.23,100,82.08,68.32,11.23,724.37,29.82,0.77,117.9,8.94,SUCCESS,True
R072,H037,v3.23,10,63.7,69.69,8.38,458.93,26.31,0.69,105.01,5.97,ROLLED_BACK,True
R072,H038,v3.23,50,63.9,70.43,6.66,736.17,13.67,1.75,198.84,9.87,SUCCESS,True
R072,H039,v3.23,10,79.91,75.94,11.31,412.2,9.88,1.15,147.05,8.37,SUCCESS,True
R072,H040,v3.23,50,88.43,85.87,9.08,788.78,12.51,1.21,248.8,7.91,ROLLED_BACK,True
R072,H041,v3.23,25,65.22,59.23,5.5,777.05,5.81,1.43,145.96,6.28,FAILED,True
R072,H042,v3.23,10,90.93,72.37,6.7,744.07,27.0,1.81,181.6,8.77,SUCCESS,True
R072,H043,v3.23,25,74.08,45.43,10.47,513.94,23.26,1.13,243.45,7.04,SUCCESS,True
R072,H044,v3.23,10,74.06,89.02,7.72,498.46,19.18,0.84,217.96,10.28,SUCCESS,True
R072,H045,v3.23,5,79.21,74.03,5.66,609.48,18.2,1.66,227.92,8.55,SUCCESS,True
R072,H046,v3.23,25,99.65,87.08,10.48,432.49,4.95,1.24,140.0,10.0,FAILED,True
R072,H047,v3.23,25,74.09,64.68,6.66,798.53,4.49,1.08,153.83,9.1,FAILED,True
R072,H048,v3.23,10,78.57,59.92,10.28,751.17,3.76,0.94,113.82,10.56,FAILED,True
R072,H049,v3.23,25,59.43,76.03,8.82,541.69,28.49,0.51,110.16,11.35,ROLLED_BACK,True
R072,H050,v3.23,25,71.36,77.55,9.78,772.44,5.6,1.94,196.27,8.78,SUCCESS,True
R073,H001,v3.24,5,,50.2,1.37,162.49,93.66,1.89,216.04,2.66,SUCCESS,False
R073,H002,v3.24,5,58.22,54.96,2.96,141.01,67.67,0.59,113.48,0.88,SUCCESS,False
R073,H003,v3.24,100,50.33,74.68,1.1,126.32,62.99,1.79,165.82,1.04,SUCCESS,False
R073,H004,v3.24,5,43.95,56.42,2.54,266.41,76.4,1.73,182.87,2.71,SUCCESS,False
R073,H005,v3.24,5,51.17,62.94,2.41,155.0,68.66,0.59,123.16,0.84,SUCCESS,False
R073,H006,v3.24,5,51.39,41.42,2.25,149.49,63.01,1.44,165.37,2.02,IN_PROGRESS,False
R073,H007,v3.24,5,100.0,60.81,1.29,165.65,63.93,1.38,220.07,1.85,SUCCESS,False
R073,H008,v3.24,10,37.87,53.32,2.03,257.12,65.9,0.52,203.39,2.17,SUCCESS,False
R073,H009,v3.24,5,48.37,56.25,1.59,602.52,77.43,1.36,137.0,2.22,SUCCESS,False
R073,H010,v3.24,25,49.86,54.21,0.74,123.29,69.07,1.97,178.2,1.14,SUCCESS,False
R073,H011,v3.24,5,61.31,37.92,0.74,204.15,50.41,1.05,116.2,2.39,SUCCESS,False
R073,H012,v3.24,100,48.15,42.65,1.93,294.7,78.1,0.64,102.75,2.72,SUCCESS,False
R073,H013,v3.24,25,60.67,71.67,1.57,249.67,74.25,1.22,145.66,1.21,IN_PROGRESS,False
R073,H014,v3.24,10,58.76,51.79,1.65,216.93,67.81,1.11,116.88,0.95,IN_PROGRESS,False
R073,H015,v3.24,5,62.22,66.05,1.85,198.19,92.03,0.65,187.72,0.68,SUCCESS,False
R073,H016,v3.24,10,54.2,54.99,2.34,262.14,56.7,0.87,238.29,1.47,SUCCESS,False
R073,H017,v3.24,5,55.35,54.08,0.69,217.39,60.09,1.44,229.91,2.44,SUCCESS,False
R073,H018,v3.24,5,60.01,60.27,0.98,268.06,91.04,0.84,168.78,2.03,SUCCESS,False
R073,H019,v3.24,10,22.77,46.43,1.08,139.94,80.26,1.28,116.88,1.12,SUCCESS,False
R073,H020,v3.24,50,54.38,49.17,2.75,135.65,71.22,1.55,164.36,2.01,SUCCESS,False
R073,H021,v3.24,25,45.98,46.55,0.76,193.46,59.4,0.92,184.85,1.03,SUCCESS,False
R073,H022,v3.24,5,63.03,42.63,0.54,148.71,67.79,1.21,199.13,2.36,SUCCESS,False
R073,H023,v3.24,25,53.65,75.08,2.54,148.34,94.75,1.85,179.18,1.5,SUCCESS,False
R073,H024,v3.24,5,63.48,57.69,2.34,273.14,51.12,1.45,243.47,2.92,SUCCESS,False
R073,H025,v3.24,10,87.76,50.99,1.59,150.44,60.48,1.76,215.19,2.65,IN_PROGRESS,False
R073,H026,v3.24,5,42.33,59.62,1.75,141.04,56.24,1.83,119.27,1.33,SUCCESS,False
R073,H027,v3.24,5,45.07,40.87,2.41,188.95,77.49,0.7,206.13,1.06,SUCCESS,False
R073,H028,v3.24,5,48.16,55.97,0.51,135.08,79.0,0.87,241.92,2.86,SUCCESS,False
R073,H029,v3.24,5,64.87,51.18,2.7,275.68,97.43,1.14,156.64,1.49,SUCCESS,False
R073,H030,v3.24,5,45.82,65.22,,248.65,94.91,1.25,188.17,1.98,SUCCESS,False
R073,H031,v3.24,25,36.81,57.26,2.57,162.43,62.48,1.54,182.57,1.84,SUCCESS,False
R073,H032,v3.24,25,44.14,45.89,1.52,288.91,79.31,1.35,173.47,1.56,IN_PROGRESS,False
R073,H033,v3.24,10,60.44,47.61,2.72,167.21,81.93,1.06,207.21,0.84,SUCCESS,False
R073,H034,v3.24,10,56.89,52.25,0.84,124.84,60.45,1.89,159.94,2.84,SUCCESS,False
R073,H035,v3.24,25,55.13,52.81,1.18,227.51,70.04,1.18,196.06,2.86,SUCCESS,False
R073,H036,v3.24,50,41.71,52.23,2.82,197.92,78.89,1.88,204.82,1.49,SUCCESS,False
R073,H037,v3.24,5,38.29,58.69,0.58,291.67,50.1,0.7,176.59,0.57,SUCCESS,False
R073,H038,v3.24,50,72.33,,1.33,247.95,71.05,1.22,216.0,2.26,SUCCESS,False
R073,H039,v3.24,100,56.41,47.43,2.84,264.62,51.67,1.88,106.33,1.2,SUCCESS,False
R073,H040,v3.24,25,77.2,51.29,1.3,241.06,77.07,1.24,156.51,2.67,SUCCESS,False
R073,H041,v3.24,10,69.74,44.32,0.81,230.74,78.84,1.88,179.74,0.74,SUCCESS,False
R073,H042,v3.24,5,48.33,60.28,2.82,238.69,96.89,0.76,177.54,2.46,SUCCESS,False
R073,H043,v3.24,50,57.46,67.48,0.6,254.91,98.1,0.91,218.21,0.83,SUCCESS,False
R073,H044,v3.24,25,34.03,58.61,2.09,234.58,50.82,1.28,194.43,2.33,IN_PROGRESS,False
R073,H045,v3.24,25,58.45,47.99,1.19,516.8,93.01,0.77,137.09,0.77,SUCCESS,False
R073,H046,v3.24,50,57.35,64.21,1.44,226.41,90.5,1.89,195.0,2.59,SUCCESS,False
R073,H047,v3.24,50,47.62,69.86,1.14,278.08,50.9,1.25,152.46,0.78,SUCCESS,False
R073,H048,v3.24,25,49.76,46.14,1.91,160.79,54.03,1.17,130.63,1.05,SUCCESS,False
R073,H049,v3.24,10,25.83,64.78,0.78,250.99,69.74,0.54,176.22,2.22,SUCCESS,False
R073,H050,v3.24,25,48.93,62.24,1.31,228.76,76.19,0.63,156.71,1.01,SUCCESS,False
R074,H001,v3.25,50,40.58,42.93,2.5,177.84,81.8,1.85,171.66,0.62,SUCCESS,False
R074,H002,v3.25,5,56.36,35.34,2.16,180.21,62.64,1.33,118.15,0.63,SUCCESS,False
R074,H003,v3.25,10,37.25,50.75,0.76,254.35,91.62,0.6,117.38,1.67,SUCCESS,False
R074,H004,v3.25,5,39.99,58.73,1.46,252.74,96.06,0.7,221.34,1.21,IN_PROGRESS,False
R074,H005,v3.25,25,29.89,60.06,2.54,168.76,58.29,0.89,154.8,2.11,SUCCESS,False
R074,H006,v3.25,25,51.92,71.55,2.78,265.66,75.57,1.46,247.5,1.87,IN_PROGRESS,False
R074,H007,v3.25,5,41.94,68.33,1.58,139.42,67.47,1.58,139.7,0.52,SUCCESS,False
R074,H008,v3.25,5,52.35,50.73,1.43,244.83,98.39,0.64,235.32,1.51,SUCCESS,False
R074,H009,v3.25,25,50.48,48.39,2.08,118.58,80.86,0.71,100.38,2.16,IN_PROGRESS,False
R074,H010,v3.25,100,50.7,40.45,0.88,234.29,61.78,1.16,173.19,0.56,SUCCESS,False
R074,H011,v3.25,50,38.36,45.88,3.0,145.21,79.47,0.69,197.6,1.01,SUCCESS,False
R074,H012,v3.25,25,36.53,58.85,2.18,140.88,62.99,1.11,189.27,1.72,SUCCESS,False
R074,H013,v3.25,5,56.06,49.65,1.62,193.99,86.46,0.7,125.31,2.11,SUCCESS,False
R074,H014,v3.25,5,49.76,54.59,2.62,230.5,71.93,1.48,100.36,1.61,SUCCESS,False
R074,H015,v3.25,25,51.31,57.04,0.86,187.39,99.34,1.23,169.76,1.22,SUCCESS,False
R074,H016,v3.25,10,40.86,44.54,2.59,154.01,89.04,1.4,133.91,0.58,SUCCESS,False
R074,H017,v3.25,50,51.35,63.78,,106.57,88.1,0.51,238.6,3.0,SUCCESS,False
R074,H018,v3.25,10,45.84,48.88,1.85,217.92,71.77,1.23,207.87,1.84,SUCCESS,False
R074,H019,v3.25,10,52.57,52.2,1.15,292.7,84.3,1.54,112.35,2.9,SUCCESS,False
R074,H020,v3.25,10,58.92,47.33,2.13,277.17,86.99,1.69,216.2,0.96,SUCCESS,False
R074,H021,v3.25,100,57.8,45.2,2.86,132.66,71.37,1.51,188.61,2.96,IN_PROGRESS,False
R074,H022,v3.25,10,51.14,56.85,1.7,137.95,85.58,0.94,150.22,1.79,SUCCESS,False
R074,H023,v3.25,25,63.83,54.41,2.51,201.43,91.31,1.38,107.86,2.88,SUCCESS,False
R074,H024,v3.25,5,45.89,52.88,1.67,237.21,59.14,1.3,178.9,0.99,SUCCESS,False
R074,H025,v3.25,10,43.98,67.6,1.4,102.09,91.06,0.53,113.13,1.25,SUCCESS,False
R074,H026,v3.25,10,41.11,52.6,1.81,218.35,70.7,1.7,247.45,2.9,SUCCESS,False
R074,H027,v3.25,10,49.06,58.6,2.74,203.02,72.57,1.11,138.22,2.55,IN_PROGRESS,False
R074,H028,v3.25,5,52.92,51.22,1.07,261.85,56.18,1.89,203.02,2.02,SUCCESS,False
R074,H029,v3.25,25,61.58,51.67,1.66,128.31,78.07,1.64,170.42,1.19,SUCCESS,False
R074,H030,v3.25,25,52.32,56.11,1.31,158.38,57.08,0.97,153.91,1.16,SUCCESS,False
R074,H031,v3.25,25,41.57,48.67,2.47,130.7,81.88,0.58,184.21,1.32,SUCCESS,False
R074,H032,v3.25,25,46.37,53.13,1.31,155.37,68.44,1.93,249.78,1.94,SUCCESS,False
R074,H033,v3.25,10,78.72,51.48,1.46,291.34,90.68,1.4,117.73,0.83,SUCCESS,False
R074,H034,v3.25,10,54.7,61.95,2.62,246.07,78.53,0.93,216.93,2.89,SUCCESS,False
R074,H035,v3.25,10,33.16,46.04,1.34,920.52,89.87,1.66,125.34,1.74,SUCCESS,False
R074,H036,v3.25,10,36.29,60.8,2.09,275.95,75.13,1.43,241.49,1.92,SUCCESS,False
R074,H037,v3.25,25,49.5,58.71,2.92,162.16,53.75,1.11,241.13,2.21,SUCCESS,False
R074,H038,v3.25,10,46.89,58.18,1.24,257.09,54.65,1.01,167.65,2.84,SUCCESS,False
R074,H039,v3.25,50,66.25,55.11,0.98,192.55,65.34,1.59,121.3,0.8,SUCCESS,False
R074,H040,v3.25,10,44.28,57.26,11.52,248.94,73.89,0.91,211.91,2.04,SUCCESS,False
R074,H041,v3.25,10,51.33,62.72,1.97,174.71,71.43,0.99,191.96,0.71,IN_PROGRESS,False
R074,H042,v3.25,25,53.55,52.98,2.22,125.55,71.81,1.34,236.86,1.43,SUCCESS,False
R074,H043,v3.25,10,54.27,59.21,2.68,214.47,71.52,1.16,178.25,2.04,SUCCESS,False
R074,H044,v3.25,25,44.27,48.09,2.8,125.82,99.74,1.67,137.19,2.88,SUCCESS,False
R074,H045,v3.25,5,47.23,44.16,1.74,112.5,80.22,0.69,223.47,1.61,IN_PROGRESS,False
R074,H046,v3.25,10,29.22,66.08,2.44,221.45,66.15,1.98,150.43,1.9,SUCCESS,False
R074,H047,v3.25,25,55.04,46.69,0.57,131.79,73.07,1.09,211.34,2.73,SUCCESS,False
R074,H048,v3.25,25,61.46,50.5,1.62,133.63,63.19,0.83,112.24,1.86,IN_PROGRESS,False
R074,H049,v3.25,5,50.76,64.04,2.69,126.11,82.99,0.52,171.56,2.25,SUCCESS,False
R074,H050,v3.25,25,52.65,35.66,1.77,185.12,67.52,0.91,115.69,1.32,SUCCESS,False
R075,H001,v3.26,100,58.32,65.55,0.83,226.2,97.84,0.63,132.14,1.52,SUCCESS,False
R075,H002,v3.26,10,59.61,59.02,1.13,245.11,92.43,0.51,114.16,2.04,SUCCESS,False
R075,H003,v3.26,10,55.46,47.36,2.47,243.37,98.38,1.12,242.3,1.55,SUCCESS,False
R075,H004,v3.26,10,65.82,56.51,0.94,163.64,73.04,0.74,113.48,2.08,SUCCESS,False
R075,H005,v3.26,50,49.13,45.53,1.94,145.28,56.05,1.55,203.13,2.4,SUCCESS,False
R075,H006,v3.26,5,43.36,54.94,1.08,204.87,89.7,1.12,197.28,2.35,SUCCESS,False
R075,H007,v3.26,5,37.27,53.52,2.11,153.55,53.19,0.65,168.68,2.75,SUCCESS,False
R075,H008,v3.26,50,40.21,60.18,2.83,113.45,50.63,0.86,107.59,1.31,SUCCESS,False
R075,H009,v3.26,25,42.07,62.5,0.85,153.13,81.37,1.75,116.62,2.64,SUCCESS,False
R075,H010,v3.26,10,74.7,57.24,0.68,166.76,75.75,0.72,149.89,1.35,SUCCESS,False
R075,H011,v3.26,5,55.21,46.5,2.77,187.12,51.1,1.76,217.79,2.81,SUCCESS,False
R075,H012,v3.26,50,54.74,55.32,0.7,157.26,91.52,0.97,103.5,1.67,SUCCESS,False
R075,H013,v3.26,10,45.44,53.96,0.79,171.5,99.05,0.8,237.35,2.78,SUCCESS,False
R075,H014,v3.26,25,51.47,,1.84,291.41,65.79,1.73,176.46,1.72,SUCCESS,False
R075,H015,v3.26,25,49.35,66.81,0.91,108.89,67.01,1.29,218.76,1.08,SUCCESS,False
R075,H016,v3.26,10,62.28,45.44,2.71,117.2,82.26,0.69,211.42,2.97,SUCCESS,False
R075,H017,v3.26,25,56.91,61.74,2.72,253.96,79.19,0.93,241.07,1.22,SUCCESS,False
R075,H018,v3.26,5,53.75,58.18,0.88,241.11,63.81,0.79,115.48,2.07,SUCCESS,False
R075,H019,v3.26,10,52.12,57.74,1.68,288.59,83.74,0.92,103.37,1.23,SUCCESS,False
R075,H020,v3.26,50,62.68,49.44,0.75,234.42,58.96,0.94,112.21,2.72,SUCCESS,False
R075,H021,v3.26,50,,62.2,1.65,207.31,60.18,1.17,130.56,1.84,SUCCESS,False
R075,H022,v3.26,50,59.14,65.48,1.58,277.02,77.1,1.08,202.74,2.43,SUCCESS,False
R075,H023,v3.26,50,51.18,50.63,1.38,207.48,90.19,1.44,162.68,2.42,SUCCESS,False
R075,H024,v3.26,25,46.72,58.52,2.4,123.43,74.58,1.68,202.82,0.73,SUCCESS,False
R075,H025,v3.26,5,43.34,59.24,2.08,101.9,76.67,1.55,249.32,1.67,IN_PROGRESS,False
R075,H026,v3.26,10,45.99,48.65,1.66,168.39,84.03,1.27,248.81,2.91,SUCCESS,False
R075,H027,v3.26,50,49.42,48.96,2.95,298.57,94.65,0.52,139.21,1.58,SUCCESS,False
R075,H028,v3.26,50,20.77,51.63,1.63,162.32,52.61,1.43,150.07,2.08,SUCCESS,False
R075,H029,v3.26,25,56.27,55.7,0.96,151.2,94.63,1.21,129.81,2.98,SUCCESS,False
R075,H030,v3.26,10,38.23,64.75,0.93,241.31,85.94,1.16,162.16,0.58,SUCCESS,False
R075,H031,v3.26,5,36.86,54.46,0.82,215.82,50.28,1.08,115.35,2.06,SUCCESS,False
R075,H032,v3.26,25,48.98,57.27,0.83,122.87,72.96,0.57,241.19,2.6,SUCCESS,False
R075,H033,v3.26,25,51.33,48.91,2.24,117.12,69.79,1.74,222.79,1.06,SUCCESS,False
R075,H034,v3.26,100,69.03,50.47,2.63,198.34,80.42,0.86,170.17,1.73,SUCCESS,False
R075,H035,v3.26,5,100.0,58.52,1.59,219.16,63.28,0.53,153.82,2.92,SUCCESS,False
R075,H036,v3.26,5,59.26,51.04,0.74,282.81,86.93,0.85,184.57,2.6,SUCCESS,False
R075,H037,v3.26,25,50.52,100.0,2.57,229.29,64.25,0.97,225.38,0.98,SUCCESS,False
R075,H038,v3.26,50,47.0,60.54,2.94,180.26,58.04,1.16,211.38,1.55,SUCCESS,False
R075,H039,v3.26,10,61.3,57.47,2.63,242.75,57.75,1.41,159.2,0.98,IN_PROGRESS,False
R075,H040,v3.26,5,38.38,61.86,0.74,162.04,80.62,1.29,201.55,1.76,SUCCESS,False
R075,H041,v3.26,50,38.84,53.5,2.85,101.96,67.28,0.92,184.02,0.97,SUCCESS,False
R075,H042,v3.26,25,77.15,52.32,2.76,270.69,68.59,1.01,241.08,2.65,SUCCESS,False
R075,H043,v3.26,5,60.49,58.94,2.02,295.3,73.6,0.55,192.58,1.34,SUCCESS,False
R075,H044,v3.26,10,45.05,51.19,2.57,139.78,59.04,1.96,229.45,1.63,SUCCESS,False
R075,H045,v3.26,10,63.89,45.35,1.29,186.46,88.1,0.74,220.96,1.84,SUCCESS,False
R075,H046,v3.26,5,45.14,55.54,2.71,235.61,73.45,1.01,220.27,1.14,SUCCESS,False
R075,H047,v3.26,5,31.23,54.75,2.94,249.25,59.07,0.62,189.66,2.22,SUCCESS,False
R075,H048,v3.26,100,45.55,56.58,2.0,278.92,50.38,1.55,162.8,2.09,SUCCESS,False
R075,H049,v3.26,50,54.2,64.97,2.99,113.85,59.96,0.8,161.35,1.11,IN_PROGRESS,False
R075,H050,v3.26,10,38.09,48.37,1.81,259.11,87.87,0.58,194.89,1.51,SUCCESS,False
R076,H001,v3.27,10,48.87,57.0,2.26,168.14,99.41,0.91,127.77,2.92,SUCCESS,False
R076,H002,v3.27,10,54.03,54.77,1.12,182.19,67.55,0.68,111.86,2.1,SUCCESS,False
R076,H003,v3.27,100,47.41,63.17,0.51,268.98,87.79,0.91,238.25,1.22,SUCCESS,False
R076,H004,v3.27,50,52.85,54.55,1.1,255.57,76.47,1.21,212.19,2.37,SUCCESS,False
R076,H005,v3.27,10,50.14,47.14,1.15,223.33,88.94,1.64,154.1,1.8,SUCCESS,False
R076,H006,v3.27,5,58.88,35.33,1.98,195.46,79.46,1.46,232.11,0.65,SUCCESS,False
R076,H007,v3.27,5,34.21,56.36,2.24,256.69,64.87,1.15,211.85,1.41,SUCCESS,False
R076,H008,v3.27,50,42.01,63.87,0.8,123.4,77.4,0.97,168.55,1.19,IN_PROGRESS,False
R076,H009,v3.27,10,50.34,,2.46,142.36,75.53,0.73,140.75,1.8,SUCCESS,False
R076,H010,v3.27,5,68.41,49.78,2.98,181.95,93.39,1.95,239.37,0.78,SUCCESS,False
R076,H011,v3.27,5,49.31,51.97,0.89,228.62,81.23,1.24,207.71,2.89,SUCCESS,False
R076,H012,v3.27,10,49.22,55.55,1.77,280.65,69.01,1.64,228.54,2.86,SUCCESS,False
R076,H013,v3.27,50,41.98,54.65,0.97,130.42,64.97,1.9,175.71,2.22,SUCCESS,False
R076,H014,v3.27,5,47.88,53.26,1.34,289.83,92.09,0.85,188.82,2.91,SUCCESS,False
R076,H015,v3.27,10,48.25,52.95,2.91,167.03,71.1,1.45,209.69,1.17,SUCCESS,False
R076,H016,v3.27,25,53.97,59.42,2.17,106.18,90.62,0.83,197.15,1.1,SUCCESS,False
R076,H017,v3.27,25,60.02,45.35,2.52,108.95,67.54,1.47,162.55,1.45,SUCCESS,False
R076,H018,v3.27,10,46.89,52.91,2.65,207.22,96.71,1.89,222.54,0.55,SUCCESS,False
R076,H019,v3.27,50,59.03,51.15,2.45,180.02,69.72,0.67,153.84,2.16,SUCCESS,False
R076,H020,v3.27,100,45.1,58.42,1.83,222.65,60.52,1.62,118.11,2.73,SUCCESS,False
R076,H021,v3.27,50,48.88,58.8,2.06,210.57,83.48,0.89,112.15,1.03,SUCCESS,False
R076,H022,v3.27,100,60.0,53.34,0.68,125.57,70.77,1.22,125.36,2.74,SUCCESS,False
R076,H023,v3.27,10,34.95,58.81,1.83,155.85,80.09,0.74,234.11,1.29,SUCCESS,False
R076,H024,v3.27,100,52.44,50.67,0.74,145.9,64.15,0.76,194.97,2.12,SUCCESS,False
R076,H025,v3.27,25,47.25,50.93,0.73,273.22,93.05,0.55,116.77,0.67,SUCCESS,False
R076,H026,v3.27,5,57.6,72.68,0.94,268.19,99.31,1.39,200.55,1.32,SUCCESS,False
R076,H027,v3.27,25,34.6,52.0,2.12,290.92,97.71,1.58,161.26,2.06,SUCCESS,False
R076,H028,v3.27,10,54.36,53.31,2.76,259.87,53.91,1.24,197.97,0.79,SUCCESS,False
R076,H029,v3.27,25,67.97,50.19,0.9,142.92,66.47,1.29,208.9,2.76,IN_PROGRESS,False
R076,H030,v3.27,10,42.19,47.9,2.37,277.93,93.24,1.99,248.51,2.16,SUCCESS,False
R076,H031,v3.27,5,47.44,58.19,1.31,199.92,97.7,1.67,241.64,0.9,SUCCESS,False
R076,H032,v3.27,25,68.99,50.23,2.44,106.03,86.49,0.57,130.75,0.88,SUCCESS,False
R076,H033,v3.27,5,58.49,56.51,0.87,250.29,97.0,0.73,101.2,1.93,SUCCESS,False
R076,H034,v3.27,50,52.26,58.19,0.73,273.38,64.91,1.03,131.35,1.37,SUCCESS,False
R076,H035,v3.27,5,50.48,63.09,2.6,240.67,68.19,1.94,242.52,1.75,SUCCESS,False
R076,H036,v3.27,5,53.33,60.05,2.46,183.37,68.43,0.76,101.56,1.25,SUCCESS,False
R076,H037,v3.27,50,42.68,54.98,0.73,226.7,59.66,0.78,134.22,2.08,SUCCESS,False
R076,H038,v3.27,5,45.91,47.38,1.04,158.83,98.8,1.63,210.04,1.22,SUCCESS,False
R076,H039,v3.27,5,41.19,50.08,0.62,275.18,55.37,0.59,182.95,2.0,SUCCESS,False
R076,H040,v3.27,5,36.66,54.98,2.18,299.44,55.02,1.72,149.43,1.53,SUCCESS,False
R076,H041,v3.27,5,52.65,45.28,1.63,263.94,93.75,1.93,193.33,1.36,SUCCESS,False
R076,H042,v3.27,100,46.6,43.73,0.74,127.39,97.58,1.32,236.13,1.21,SUCCESS,False
R076,H043,v3.27,25,41.76,61.43,2.99,165.02,92.24,1.86,239.08,2.18,SUCCESS,False
R076,H044,v3.27,5,66.53,66.0,2.57,201.89,56.94,0.52,230.8,1.39,SUCCESS,False
R076,H045,v3.27,25,57.23,55.79,1.79,277.5,77.9,1.16,220.83,1.8,SUCCESS,False
R076,H046,v3.27,5,33.34,59.76,1.58,204.98,91.05,0.68,224.53,1.98,SUCCESS,False
R076,H047,v3.27,50,59.31,56.83,2.48,216.79,71.95,0.88,152.53,2.96,SUCCESS,False
R076,H048,v3.27,100,61.58,53.98,2.59,167.19,75.49,1.24,129.34,0.62,SUCCESS,False
R076,H049,v3.27,5,54.2,60.06,1.47,225.9,99.27,1.47,115.22,0.97,SUCCESS,False
R076,H050,v3.27,5,45.8,66.22,1.35,114.73,97.8,1.38,121.62,2.99,SUCCESS,False
R077,H001,v3.28,100,79.25,80.21,9.88,746.46,5.66,1.58,243.39,9.79,FAILED,True
R077,H002,v3.28,10,73.86,75.49,5.16,591.84,26.08,0.56,139.63,12.0,ROLLED_BACK,True
R077,H003,v3.28,10,83.57,66.2,9.61,463.27,9.87,0.54,237.74,6.37,FAILED,True
R077,H004,v3.28,25,56.72,67.16,9.54,787.83,27.07,0.76,117.91,5.03,SUCCESS,True
R077,H005,v3.28,25,67.09,82.04,8.98,571.23,23.61,0.65,121.09,7.13,FAILED,True
R077,H006,v3.28,5,80.23,75.7,5.11,799.34,24.98,1.27,222.57,9.84,SUCCESS,True
R077,H007,v3.28,50,81.21,76.94,8.07,541.18,20.49,1.0,148.66,11.26,SUCCESS,True
R077,H008,v3.28,10,61.12,62.33,8.35,686.99,2.43,0.61,191.84,6.93,SUCCESS,True
R077,H009,v3.28,100,68.36,68.41,6.55,525.53,26.87,1.49,141.31,5.68,ROLLED_BACK,True
R077,H010,v3.28,50,66.32,56.57,7.48,466.09,25.78,0.59,115.96,5.78,SUCCESS,True
R077,H011,v3.28,5,94.93,89.29,10.66,491.96,28.86,1.4,137.27,8.24,FAILED,True
R077,H012,v3.28,25,83.97,91.66,9.88,645.43,12.48,0.9,213.54,8.64,SUCCESS,True
R077,H013,v3.28,25,61.49,69.94,6.86,679.86,6.2,0.9,104.22,11.71,SUCCESS,True
R077,H014,v3.28,10,73.33,62.99,7.39,697.94,22.09,0.98,136.33,6.66,SUCCESS,True
R077,H015,v3.28,25,80.49,59.74,5.53,607.3,10.11,0.76,142.41,5.61,FAILED,True
R077,H016,v3.28,25,86.62,61.15,11.76,485.55,27.2,1.61,138.19,9.58,SUCCESS,True
R077,H017,v3.28,5,67.52,69.64,10.16,782.04,1.47,1.04,138.7,7.69,FAILED,True
R077,H018,v3.28,25,69.23,64.96,8.44,770.29,26.16,1.86,121.07,11.35,SUCCESS,True
R077,H019,v3.28,100,80.89,82.74,10.75,463.18,20.33,0.82,121.19,11.19,FAILED,True
R077,H020,v3.28,10,67.19,79.66,6.57,678.62,5.1,0.7,180.89,6.89,ROLLED_BACK,True
R077,H021,v3.28,10,78.02,81.56,7.52,543.09,1.01,1.21,154.2,8.52,ROLLED_BACK,True
R077,H022,v3.28,50,64.88,75.74,10.63,594.58,21.56,1.74,124.85,6.11,SUCCESS,True
R077,H023,v3.28,5,82.35,75.99,7.76,543.25,28.15,1.93,154.2,6.14,FAILED,True
R077,H024,v3.28,100,89.88,82.01,11.57,720.89,24.62,1.31,183.45,11.54,SUCCESS,True
R077,H025,v3.28,5,53.34,64.49,6.36,419.57,2.21,1.69,227.48,10.22,ROLLED_BACK,True
R077,H026,v3.28,5,75.75,73.13,11.6,404.3,21.11,1.3,152.36,6.89,ROLLED_BACK,True
R077,H027,v3.28,5,64.76,54.97,8.36,456.93,0.27,0.82,110.7,8.25,SUCCESS,True
R077,H028,v3.28,50,50.75,48.96,9.52,417.71,9.81,0.8,213.23,5.55,SUCCESS,True
R077,H029,v3.28,5,79.41,72.72,5.04,796.52,3.62,1.94,126.17,5.25,SUCCESS,True
R077,H030,v3.28,5,78.42,73.36,7.73,705.6,1.94,0.61,104.78,6.33,FAILED,True
R077,H031,v3.28,10,60.32,84.35,10.91,642.05,17.0,0.94,116.43,11.01,FAILED,True
R077,H032,v3.28,5,84.84,84.14,9.39,422.67,0.54,1.41,180.06,11.32,FAILED,True
R077,H033,v3.28,10,64.66,83.54,10.04,477.35,8.81,1.47,154.49,10.06,SUCCESS,True
R077,H034,v3.28,25,63.92,64.66,7.14,531.21,8.12,1.89,123.43,9.88,SUCCESS,True
R077,H035,v3.28,10,85.34,70.5,8.71,491.28,20.85,0.59,242.88,6.35,ROLLED_BACK,True
R077,H036,v3.28,10,66.34,74.49,11.44,,20.02,1.09,220.94,9.68,SUCCESS,True
R077,H037,v3.28,10,65.77,59.92,7.19,513.15,16.4,1.5,227.53,8.57,SUCCESS,True
R077,H038,v3.28,50,80.0,75.68,11.69,443.95,3.43,1.83,208.01,8.66,FAILED,True
R077,H039,v3.28,25,74.51,64.29,10.83,700.29,24.33,1.18,123.39,11.17,SUCCESS,True
R077,H040,v3.28,5,75.66,71.29,7.78,494.96,13.68,0.78,140.17,5.94,FAILED,True
R077,H041,v3.28,5,91.65,74.29,5.26,456.61,7.01,1.6,135.28,5.69,SUCCESS,True
R077,H042,v3.28,5,43.81,95.31,8.61,696.82,13.71,0.61,184.65,9.03,SUCCESS,True
R077,H043,v3.28,50,50.08,68.47,9.3,614.44,10.09,1.07,202.59,6.63,SUCCESS,True
R077,H044,v3.28,100,100.0,88.76,7.1,650.45,3.1,1.29,205.12,10.3,SUCCESS,True
R077,H045,v3.28,10,72.52,56.61,10.14,568.9,0.92,1.3,197.48,11.59,SUCCESS,True
R077,H046,v3.28,5,60.87,80.11,10.16,436.35,25.84,1.61,237.75,9.85,ROLLED_BACK,True
R077,H047,v3.28,100,85.48,84.75,9.29,725.1,22.21,1.68,216.14,5.24,FAILED,True
R077,H048,v3.28,5,83.26,70.43,9.11,558.0,26.11,1.68,243.55,10.77,SUCCESS,True
R077,H049,v3.28,10,68.35,78.87,9.05,555.53,4.71,0.6,144.08,10.14,SUCCESS,True
R077,H050,v3.28,25,80.45,71.6,11.37,567.93,15.61,0.97,112.28,9.35,SUCCESS,True
R078,H001,v3.29,10,56.2,65.61,0.62,100.15,55.87,1.55,244.15,1.75,SUCCESS,False
R078,H002,v3.29,5,45.48,56.9,2.06,273.9,55.91,1.75,207.81,2.41,IN_PROGRESS,False
R078,H003,v3.29,100,54.22,61.94,0.64,170.17,77.32,1.73,202.12,1.57,SUCCESS,False
R078,H004,v3.29,25,54.02,48.04,2.52,147.6,56.96,1.81,209.92,2.95,SUCCESS,False
R078,H005,v3.29,10,46.44,54.86,0.55,155.53,68.3,0.77,169.74,2.35,SUCCESS,False
R078,H006,v3.29,10,53.77,50.27,1.67,189.03,85.55,0.64,102.24,0.55,SUCCESS,False
R078,H007,v3.29,10,51.02,58.06,0.67,211.54,52.88,1.62,223.28,1.77,SUCCESS,False
R078,H008,v3.29,5,32.94,45.15,0.91,219.76,75.69,1.64,227.75,2.8,IN_PROGRESS,False
R078,H009,v3.29,5,54.16,60.38,1.35,169.88,96.38,0.88,117.65,2.61,SUCCESS,False
R078,H010,v3.29,5,52.92,41.76,2.86,272.33,50.86,0.71,141.52,1.77,SUCCESS,False
R078,H011,v3.29,10,44.81,43.05,2.06,170.63,59.1,0.71,133.47,1.62,SUCCESS,False
R078,H012,v3.29,5,40.47,49.92,1.24,262.5,62.05,1.76,155.04,0.88,SUCCESS,False
R078,H013,v3.29,100,28.35,41.6,1.47,167.65,68.31,1.5,154.42,0.92,IN_PROGRESS,False
R078,H014,v3.29,5,58.62,55.77,1.34,282.67,96.44,1.82,146.78,1.09,SUCCESS,False
R078,H015,v3.29,10,55.68,54.91,1.2,156.92,69.6,1.17,175.2,2.59,SUCCESS,False
R078,H016,v3.29,25,58.98,62.74,2.68,105.23,90.89,0.85,245.99,2.03,SUCCESS,False
R078,H017,v3.29,25,57.09,69.56,2.47,184.33,87.3,1.14,168.04,1.54,SUCCESS,False
R078,H018,v3.29,5,74.89,46.41,2.28,204.54,67.64,0.97,179.04,0.75,SUCCESS,False
R078,H019,v3.29,25,37.11,50.59,1.04,175.52,98.0,1.14,106.84,2.95,SUCCESS,False
R078,H020,v3.29,5,29.99,63.12,2.35,122.87,86.38,0.58,225.36,1.22,SUCCESS,False
R078,H021,v3.29,5,35.25,59.72,1.37,109.8,67.24,1.83,165.33,1.71,SUCCESS,False
R078,H022,v3.29,10,49.3,,2.4,285.84,69.21,0.79,245.99,2.01,IN_PROGRESS,False
R078,H023,v3.29,5,39.25,64.55,2.17,269.17,51.03,0.57,243.67,2.68,SUCCESS,False
R078,H024,v3.29,10,61.21,54.77,2.51,199.19,88.29,0.67,135.94,2.46,SUCCESS,False
R078,H025,v3.29,5,51.76,54.71,2.49,250.12,82.09,0.51,112.08,1.19,SUCCESS,False
R078,H026,v3.29,10,47.35,43.31,1.81,117.13,71.1,1.98,149.4,2.51,SUCCESS,False
R078,H027,v3.29,100,61.56,56.27,11.84,210.04,68.06,0.76,151.83,0.8,SUCCESS,False
R078,H028,v3.29,100,58.16,37.08,2.94,225.67,92.16,1.25,145.08,0.89,SUCCESS,False
R078,H029,v3.29,50,75.59,54.6,1.55,113.06,72.02,1.85,140.23,0.64,SUCCESS,False
R078,H030,v3.29,5,49.08,64.09,1.71,165.3,68.18,1.34,106.48,1.03,IN_PROGRESS,False
R078,H031,v3.29,5,41.77,40.37,1.77,100.64,59.75,1.67,107.26,1.72,SUCCESS,False
R078,H032,v3.29,100,60.45,63.72,1.53,119.64,99.62,1.87,159.85,1.46,SUCCESS,False
R078,H033,v3.29,25,55.37,55.8,1.77,218.04,80.01,1.37,195.61,1.68,SUCCESS,False
R078,H034,v3.29,10,50.0,42.37,2.81,132.25,63.26,1.1,223.16,0.51,IN_PROGRESS,False
R078,H035,v3.29,10,42.04,47.42,1.47,226.9,96.43,1.65,212.69,1.8,SUCCESS,False
R078,H036,v3.29,50,38.6,44.91,2.8,188.32,64.72,0.8,154.38,1.17,SUCCESS,False
R078,H037,v3.29,100,39.73,55.39,2.27,263.02,79.09,1.9,213.42,2.63,SUCCESS,False
R078,H038,v3.29,5,48.53,56.07,2.77,124.8,67.32,1.34,155.36,0.72,IN_PROGRESS,False
R078,H039,v3.29,5,26.28,57.38,2.03,143.27,69.16,0.72,100.15,2.58,SUCCESS,False
R078,H040,v3.29,5,49.75,47.56,2.37,201.55,53.18,0.73,215.21,1.77,SUCCESS,False
R078,H041,v3.29,50,57.08,57.31,2.1,257.66,79.48,1.34,176.29,1.7,SUCCESS,False
R078,H042,v3.29,10,57.89,51.06,1.44,283.55,92.44,0.6,186.43,1.68,SUCCESS,False
R078,H043,v3.29,5,45.65,54.89,0.7,145.42,83.02,1.49,143.29,2.52,SUCCESS,False
R078,H044,v3.29,10,50.19,64.28,1.56,155.81,76.3,1.75,163.97,0.82,SUCCESS,False
R078,H045,v3.29,10,53.14,57.27,1.94,211.91,64.43,1.33,225.55,2.76,SUCCESS,False
R078,H046,v3.29,10,59.46,52.39,1.3,246.48,60.07,1.25,220.46,2.17,SUCCESS,False
R078,H047,v3.29,5,60.59,48.19,0.91,292.1,74.42,1.49,217.29,1.08,IN_PROGRESS,False
R078,H048,v3.29,10,51.67,53.23,2.68,181.52,51.52,1.55,169.04,2.16,SUCCESS,False
R078,H049,v3.29,100,47.64,59.05,1.99,186.87,88.13,1.76,198.25,1.61,SUCCESS,False
R078,H050,v3.29,50,40.92,46.76,2.25,219.02,78.58,1.33,138.26,2.56,SUCCESS,False
R079,H001,v3.30,100,45.62,59.87,10.58,470.2,14.95,1.58,162.2,5.41,SUCCESS,True
R079,H002,v3.30,25,79.36,72.0,10.24,735.45,24.22,1.94,209.81,6.78,FAILED,True
R079,H003,v3.30,50,94.29,59.44,10.89,626.37,9.19,1.36,167.89,5.91,FAILED,True
R079,H004,v3.30,5,55.72,65.79,10.81,601.61,12.84,0.91,172.64,8.52,FAILED,True
R079,H005,v3.30,5,73.83,71.64,7.97,721.12,16.71,1.57,205.65,5.21,SUCCESS,True
R079,H006,v3.30,5,87.41,73.28,8.33,560.45,23.71,0.6,112.78,8.72,SUCCESS,True
R079,H007,v3.30,100,75.33,67.34,7.4,455.04,11.65,0.68,205.74,5.0,SUCCESS,True
R079,H008,v3.30,10,73.06,68.38,11.2,403.11,19.7,1.66,163.31,11.27,ROLLED_BACK,True
R079,H009,v3.30,5,86.96,88.4,6.2,694.73,13.69,0.92,156.21,6.09,FAILED,True
R079,H010,v3.30,100,74.99,86.67,7.57,513.78,2.18,1.99,176.32,6.97,SUCCESS,True
R079,H011,v3.30,100,73.47,65.06,5.29,758.01,24.16,1.5,229.6,6.03,ROLLED_BACK,True
R079,H012,v3.30,25,73.03,63.47,6.98,771.16,15.66,1.61,196.84,8.51,SUCCESS,True
R079,H013,v3.30,10,63.33,83.86,7.94,567.28,0.31,1.98,117.08,11.53,SUCCESS,True
R079,H014,v3.30,10,67.08,79.69,10.49,605.07,20.15,0.86,169.19,5.99,FAILED,True
R079,H015,v3.30,5,58.47,100.0,10.58,458.49,25.61,1.55,233.09,7.39,SUCCESS,True
R079,H016,v3.30,10,71.22,81.55,11.81,731.09,22.27,1.74,124.52,8.19,FAILED,True
R079,H017,v3.30,100,66.25,68.99,7.86,546.98,12.83,0.7,201.47,5.32,ROLLED_BACK,True
R079,H018,v3.30,100,66.88,81.93,6.73,529.73,17.49,1.26,143.07,7.76,SUCCESS,True
R079,H019,v3.30,5,85.56,77.17,7.27,785.5,27.74,0.7,132.28,6.21,FAILED,True
R079,H020,v3.30,10,92.69,79.11,8.7,538.06,2.34,0.82,184.17,11.38,FAILED,True
R079,H021,v3.30,5,50.0,69.31,7.5,462.75,18.23,0.83,118.29,9.62,ROLLED_BACK,True
R079,H022,v3.30,5,58.01,70.09,5.02,665.26,5.12,0.61,197.21,8.09,ROLLED_BACK,True
R079,H023,v3.30,10,69.64,76.02,6.08,408.83,14.75,0.92,140.91,8.74,SUCCESS,True
R079,H024,v3.30,25,76.5,85.6,6.91,617.29,5.56,1.0,149.07,6.87,SUCCESS,True
R079,H025,v3.30,5,67.53,85.8,11.7,700.84,27.07,1.86,174.74,8.18,FAILED,True
R079,H026,v3.30,5,63.36,88.02,6.62,471.22,3.77,0.88,234.2,7.19,SUCCESS,True
R079,H027,v3.30,10,60.22,73.75,5.62,692.98,28.14,1.11,244.03,6.03,FAILED,True
R079,H028,v3.30,5,72.62,85.03,10.31,766.74,11.27,1.07,105.01,9.57,FAILED,True
R079,H029,v3.30,10,58.4,74.84,11.24,741.29,29.11,0.72,217.02,8.91,ROLLED_BACK,True
R079,H030,v3.30,5,79.44,80.46,8.31,464.76,20.98,1.12,224.79,5.25,ROLLED_BACK,True
R079,H031,v3.30,50,88.05,94.52,10.34,496.38,7.21,0.78,224.43,9.3,SUCCESS,True
R079,H032,v3.30,25,73.15,68.33,10.02,754.46,23.79,1.27,204.24,5.24,SUCCESS,True
R079,H033,v3.30,5,54.42,73.6,9.31,574.41,0.24,0.65,153.06,11.01,ROLLED_BACK,True
R079,H034,v3.30,25,72.38,86.15,7.1,707.33,6.15,1.32,145.12,6.02,SUCCESS,True
R079,H035,v3.30,100,71.08,77.75,6.46,413.78,17.8,1.4,245.61,10.84,SUCCESS,True
R079,H036,v3.30,25,86.42,92.08,9.53,751.53,3.49,0.9,147.01,6.12,FAILED,True
R079,H037,v3.30,100,57.8,62.72,11.91,649.23,13.42,1.34,185.09,10.78,SUCCESS,True
R079,H038,v3.30,25,74.9,65.52,11.63,535.57,18.26,0.73,158.05,5.35,FAILED,True
R079,H039,v3.30,50,65.86,75.02,7.11,514.04,25.3,1.91,200.97,5.41,ROLLED_BACK,True
R079,H040,v3.30,25,69.08,100.0,9.09,556.18,13.22,1.22,228.61,8.65,SUCCESS,True
R079,H041,v3.30,5,83.84,89.91,10.64,616.99,28.88,1.21,153.19,9.41,SUCCESS,True
R079,H042,v3.30,10,89.68,74.47,7.53,681.38,18.36,0.8,112.4,8.42,SUCCESS,True
R079,H043,v3.30,50,100.0,56.97,10.29,523.6,12.3,0.97,243.81,7.27,SUCCESS,True
R079,H044,v3.30,5,80.59,78.13,7.09,711.32,23.93,1.62,109.56,7.92,FAILED,True
R079,H045,v3.30,100,76.82,53.17,8.91,434.43,2.75,1.76,198.99,11.81,FAILED,True
R079,H046,v3.30,5,74.78,76.12,7.64,637.63,26.06,1.09,178.83,9.82,SUCCESS,True
R079,H047,v3.30,25,57.16,66.31,8.4,758.04,18.35,1.2,199.25,9.72,FAILED,True
R079,H048,v3.30,5,98.11,72.48,5.05,444.46,27.84,1.26,122.18,11.74,SUCCESS,True
R079,H049,v3.30,10,55.09,66.68,9.77,687.16,20.92,1.69,228.39,11.89,SUCCESS,True
R079,H050,v3.30,5,79.87,72.98,7.83,750.65,24.94,0.64,166.66,7.15,SUCCESS,True
R080,H001,v3.31,10,84.43,79.13,6.37,431.71,9.77,1.53,179.43,7.33,FAILED,True
R080,H002,v3.31,10,68.66,62.16,6.86,723.49,10.16,0.66,161.91,5.03,ROLLED_BACK,True
R080,H003,v3.31,50,96.12,64.71,7.6,579.33,1.09,1.04,109.89,10.78,SUCCESS,True
R080,H004,v3.31,10,35.02,65.32,6.78,418.53,0.82,1.1,238.59,7.1,FAILED,True
R080,H005,v3.31,50,78.63,79.14,8.56,780.02,3.81,1.5,229.38,10.72,SUCCESS,True
R080,H006,v3.31,10,74.62,96.63,10.51,677.36,10.52,1.3,113.95,5.79,FAILED,True
R080,H007,v3.31,100,95.54,73.61,7.31,446.98,19.33,0.62,128.54,7.21,FAILED,True
R080,H008,v3.31,10,98.11,78.49,8.31,496.84,25.2,0.94,239.13,8.83,SUCCESS,True
R080,H009,v3.31,100,60.06,74.94,6.37,640.83,10.25,1.95,157.94,9.39,SUCCESS,True
R080,H010,v3.31,5,47.7,65.78,6.15,465.6,3.8,1.33,108.73,8.15,SUCCESS,True
R080,H011,v3.31,10,80.81,73.21,6.68,432.23,16.19,1.62,224.56,11.48,SUCCESS,True
R080,H012,v3.31,50,90.41,83.08,7.19,498.01,17.26,0.94,231.02,7.86,FAILED,True
R080,H013,v3.31,25,93.4,71.9,11.21,600.47,5.24,1.5,137.66,11.91,SUCCESS,True
R080,H014,v3.31,10,65.42,71.11,11.69,717.99,10.95,1.15,173.09,10.7,SUCCESS,True
R080,H015,v3.31,100,92.64,92.32,11.36,524.67,7.97,1.46,136.41,6.4,SUCCESS,True
R080,H016,v3.31,10,98.92,80.64,8.85,502.69,13.13,0.76,151.46,11.43,SUCCESS,True
R080,H017,v3.31,50,57.72,,11.94,468.82,0.02,0.77,225.71,11.45,SUCCESS,True
R080,H018,v3.31,100,83.03,87.4,5.12,681.25,20.48,1.83,195.65,6.24,SUCCESS,True
R080,H019,v3.31,10,73.61,78.74,10.05,2937.36,22.62,1.54,178.41,6.78,SUCCESS,True
R080,H020,v3.31,50,75.22,67.21,5.63,718.27,14.26,0.68,140.77,5.28,SUCCESS,True
R080,H021,v3.31,10,53.77,75.14,11.41,690.23,2.67,0.8,223.98,9.28,ROLLED_BACK,True
R080,H022,v3.31,25,73.3,76.3,9.32,420.88,22.08,1.24,232.37,10.04,SUCCESS,True
R080,H023,v3.31,10,60.46,76.1,9.59,637.89,7.41,1.18,116.37,7.03,SUCCESS,True
R080,H024,v3.31,10,90.11,55.13,8.9,544.54,18.48,1.11,151.49,9.22,SUCCESS,True
R080,H025,v3.31,10,80.25,89.05,6.66,465.18,22.77,1.57,132.3,6.72,SUCCESS,True
R080,H026,v3.31,10,66.17,75.62,6.13,779.47,25.06,1.78,231.21,5.94,SUCCESS,True
R080,H027,v3.31,100,94.23,88.49,9.35,693.36,3.08,1.42,158.33,5.47,SUCCESS,True
R080,H028,v3.31,5,81.68,73.15,11.27,781.24,15.04,1.31,127.8,9.14,FAILED,True
R080,H029,v3.31,10,85.02,77.75,7.02,612.92,21.12,1.51,209.27,8.01,SUCCESS,True
R080,H030,v3.31,10,83.76,75.17,5.92,405.37,22.94,1.24,193.4,8.65,FAILED,True
R080,H031,v3.31,25,48.48,79.61,11.69,716.59,19.53,1.72,236.81,8.3,SUCCESS,True
R080,H032,v3.31,5,53.2,73.3,6.37,516.55,2.93,1.8,173.53,9.55,SUCCESS,True
R080,H033,v3.31,100,58.78,72.33,10.51,402.79,18.15,0.66,219.1,7.43,SUCCESS,True
R080,H034,v3.31,50,67.32,66.43,6.61,601.32,5.52,1.13,121.79,11.34,SUCCESS,True
R080,H035,v3.31,5,63.37,87.52,11.32,781.42,15.31,0.73,232.3,7.79,SUCCESS,True
R080,H036,v3.31,25,73.36,90.89,5.51,449.8,16.39,1.05,102.16,9.4,SUCCESS,True
R080,H037,v3.31,5,84.39,62.64,8.42,484.5,2.12,0.63,192.99,5.49,FAILED,True
R080,H038,v3.31,25,92.47,84.66,6.57,504.6,14.28,0.82,229.27,11.35,FAILED,True
R080,H039,v3.31,50,84.04,75.8,11.1,738.54,13.6,1.85,209.52,11.17,SUCCESS,True
R080,H040,v3.31,25,81.9,64.63,5.77,616.33,28.43,0.6,120.49,10.89,SUCCESS,True
R080,H041,v3.31,100,55.47,71.75,11.02,527.28,9.6,1.08,152.96,8.15,SUCCESS,True
R080,H042,v3.31,5,81.83,53.78,6.01,500.47,16.87,0.55,240.51,8.05,ROLLED_BACK,True
R080,H043,v3.31,10,71.22,79.89,11.0,435.64,15.09,1.15,159.46,11.69,ROLLED_BACK,True
R080,H044,v3.31,5,81.63,59.7,7.09,542.78,28.6,0.79,163.17,7.11,SUCCESS,True
R080,H045,v3.31,5,75.34,77.85,8.33,790.59,27.27,1.82,143.06,6.59,FAILED,True
R080,H046,v3.31,25,55.11,63.9,9.98,689.1,12.06,0.73,122.75,8.95,FAILED,True
R080,H047,v3.31,50,88.63,72.38,8.51,595.52,3.82,0.6,156.11,8.88,FAILED,True
R080,H048,v3.31,25,83.94,83.05,6.89,679.42,8.96,1.93,112.02,9.62,FAILED,True
R080,H049,v3.31,100,90.08,66.51,5.5,602.91,6.84,0.84,120.2,8.63,SUCCESS,True
R080,H050,v3.31,25,76.6,70.14,8.32,537.99,20.46,0.85,151.04,9.92,SUCCESS,True
R081,H001,v3.32,25,56.03,75.06,10.86,469.87,9.2,1.59,229.87,11.57,SUCCESS,True
R081,H002,v3.32,5,69.94,60.62,10.31,603.91,10.1,1.11,130.43,10.38,SUCCESS,True
R081,H003,v3.32,10,75.27,78.84,11.46,592.98,4.39,1.2,187.46,5.31,SUCCESS,True
R081,H004,v3.32,10,66.85,76.12,5.1,442.1,18.19,1.97,217.85,7.29,SUCCESS,True
R081,H005,v3.32,10,86.77,62.46,,789.01,11.88,1.66,223.16,7.83,SUCCESS,True
R081,H006,v3.32,50,84.45,72.03,11.31,489.71,3.09,1.04,172.32,10.27,SUCCESS,True
R081,H007,v3.32,5,73.16,73.77,5.54,409.94,28.28,1.41,222.52,5.82,SUCCESS,True
R081,H008,v3.32,25,71.55,81.52,7.2,499.55,7.14,0.55,189.46,8.54,FAILED,True
R081,H009,v3.32,25,94.77,88.03,5.45,,14.58,0.65,212.43,8.46,SUCCESS,True
R081,H010,v3.32,25,77.08,94.5,7.6,2759.96,13.95,0.73,116.92,8.19,SUCCESS,True
R081,H011,v3.32,10,72.22,74.05,5.82,796.68,20.74,1.94,168.52,11.72,FAILED,True
R081,H012,v3.32,5,66.39,76.95,5.72,643.97,10.2,1.07,151.8,9.45,SUCCESS,True
R081,H013,v3.32,25,87.85,80.76,7.77,408.72,13.32,0.71,195.61,10.68,FAILED,True
R081,H014,v3.32,100,77.63,95.61,9.1,719.44,13.5,1.19,204.48,9.0,FAILED,True
R081,H015,v3.32,5,77.55,75.64,5.28,688.8,0.7,1.14,230.77,7.2,FAILED,True
R081,H016,v3.32,10,66.09,69.73,5.77,459.93,27.68,1.68,193.69,11.08,ROLLED_BACK,True
R081,H017,v3.32,50,51.33,70.76,9.09,643.27,21.2,1.94,226.85,9.02,FAILED,True
R081,H018,v3.32,50,69.62,81.26,7.86,510.5,21.85,1.39,149.28,11.1,SUCCESS,True
R081,H019,v3.32,25,61.19,93.63,6.91,424.1,3.66,1.84,207.91,10.61,SUCCESS,True
R081,H020,v3.32,10,76.89,80.69,11.85,560.29,7.71,1.74,246.73,8.66,ROLLED_BACK,True
R081,H021,v3.32,50,91.38,,6.31,694.78,29.59,1.39,111.82,11.15,SUCCESS,True
R081,H022,v3.32,25,91.85,78.93,5.58,472.51,19.03,0.81,110.39,5.65,SUCCESS,True
R081,H023,v3.32,5,58.78,92.66,6.25,661.34,24.82,1.34,104.83,7.31,ROLLED_BACK,True
R081,H024,v3.32,10,85.91,86.81,6.89,613.65,11.04,1.3,107.9,9.76,FAILED,True
R081,H025,v3.32,10,79.54,89.52,7.66,406.42,25.1,1.1,135.35,7.28,FAILED,True
R081,H026,v3.32,5,76.52,76.94,9.98,497.77,20.89,1.98,230.28,9.1,SUCCESS,True
R081,H027,v3.32,10,88.47,59.12,6.03,642.11,23.05,0.97,116.08,10.19,ROLLED_BACK,True
R081,H028,v3.32,50,64.07,83.42,8.08,790.6,2.24,0.63,229.25,8.86,ROLLED_BACK,True
R081,H029,v3.32,25,70.18,77.86,8.68,408.75,10.94,1.67,164.87,7.84,ROLLED_BACK,True
R081,H030,v3.32,10,90.91,82.76,10.54,677.58,9.92,1.3,152.61,7.31,SUCCESS,True
R081,H031,v3.32,5,71.86,84.63,11.8,529.7,29.69,0.74,182.85,6.82,SUCCESS,True
R081,H032,v3.32,10,85.29,81.3,9.16,493.41,27.02,1.08,208.11,7.33,FAILED,True
R081,H033,v3.32,10,73.26,85.0,11.92,471.23,0.5,0.53,172.56,7.46,SUCCESS,True
R081,H034,v3.32,5,80.2,64.1,11.69,722.62,28.53,0.75,163.1,6.51,FAILED,True
R081,H035,v3.32,100,64.5,72.13,7.09,676.93,12.63,0.65,140.65,8.34,SUCCESS,True
R081,H036,v3.32,25,72.15,85.75,11.55,697.4,8.7,1.63,155.88,9.95,FAILED,True
R081,H037,v3.32,25,82.99,70.39,10.38,461.43,28.8,1.83,185.45,11.11,SUCCESS,True
R081,H038,v3.32,5,67.42,80.97,9.89,628.86,23.84,1.45,160.14,5.95,SUCCESS,True
R081,H039,v3.32,50,100.0,68.18,6.69,480.98,3.67,1.14,204.15,9.97,SUCCESS,True
R081,H040,v3.32,10,61.45,76.88,9.71,462.63,15.71,1.45,166.05,10.23,FAILED,True
R081,H041,v3.32,50,77.53,59.95,5.13,786.09,27.14,1.7,244.86,6.23,FAILED,True
R081,H042,v3.32,10,76.18,81.2,7.91,529.95,21.7,0.75,163.37,9.09,SUCCESS,True
R081,H043,v3.32,10,89.31,72.7,6.76,426.39,17.67,1.99,166.16,10.98,SUCCESS,True
R081,H044,v3.32,25,66.88,95.2,7.34,771.03,6.58,1.2,159.37,10.45,FAILED,True
R081,H045,v3.32,25,76.13,69.93,10.64,558.17,27.79,1.54,191.99,9.11,SUCCESS,True
R081,H046,v3.32,10,73.43,72.62,11.23,623.01,25.03,1.76,165.28,11.4,SUCCESS,True
R081,H047,v3.32,25,86.48,80.54,7.9,528.43,20.61,1.0,143.35,10.78,SUCCESS,True
R081,H048,v3.32,25,83.31,70.34,9.49,776.0,1.56,0.83,144.25,5.64,FAILED,True
R081,H049,v3.32,25,67.67,87.66,7.88,686.35,8.86,0.96,242.9,7.13,FAILED,True
R081,H050,v3.32,5,68.62,76.74,11.49,521.59,7.61,1.07,133.64,11.49,SUCCESS,True
R082,H001,v3.33,50,52.68,56.07,2.0,155.94,88.1,1.21,149.98,2.41,SUCCESS,False
R082,H002,v3.33,5,40.32,48.05,0.69,296.97,58.21,1.71,155.89,1.42,SUCCESS,False
R082,H003,v3.33,5,36.13,65.05,0.77,280.05,85.94,1.12,226.16,2.89,SUCCESS,False
R082,H004,v3.33,25,35.61,57.33,1.96,252.71,91.14,0.62,113.76,0.52,SUCCESS,False
R082,H005,v3.33,25,44.31,62.63,0.76,249.55,96.25,0.81,191.0,1.68,SUCCESS,False
R082,H006,v3.33,50,51.58,60.54,1.8,153.79,77.85,1.52,178.94,0.91,SUCCESS,False
R082,H007,v3.33,5,53.12,70.09,1.8,194.96,82.71,1.25,199.56,1.11,SUCCESS,False
R082,H008,v3.33,50,43.55,52.81,1.26,142.39,71.18,1.39,117.63,1.89,SUCCESS,False
R082,H009,v3.33,5,60.49,47.43,2.33,239.6,93.69,1.32,167.48,2.55,SUCCESS,False
R082,H010,v3.33,10,53.63,50.81,2.47,127.84,97.26,1.49,190.25,2.04,SUCCESS,False
R082,H011,v3.33,10,28.95,53.26,1.1,230.0,67.9,1.93,193.65,1.98,IN_PROGRESS,False
R082,H012,v3.33,100,20.23,51.75,2.67,134.43,76.46,1.63,234.57,0.56,SUCCESS,False
R082,H013,v3.33,5,51.85,67.77,1.58,191.16,86.23,1.06,232.6,2.71,SUCCESS,False
R082,H014,v3.33,5,48.24,50.79,2.12,263.22,56.08,1.25,197.92,2.94,SUCCESS,False
R082,H015,v3.33,25,40.34,56.24,2.84,297.68,88.82,0.82,222.29,1.84,SUCCESS,False
R082,H016,v3.33,100,41.71,48.24,1.39,284.96,77.61,1.05,173.57,1.49,SUCCESS,False
R082,H017,v3.33,100,57.89,55.71,2.79,177.89,93.57,0.81,229.07,2.13,SUCCESS,False
R082,H018,v3.33,10,51.18,62.63,1.97,261.4,50.9,1.71,146.44,0.84,SUCCESS,False
R082,H019,v3.33,5,38.66,50.72,1.75,263.16,51.29,1.79,232.43,2.21,SUCCESS,False
R082,H020,v3.33,10,,61.3,2.46,168.53,95.24,1.73,121.42,2.87,SUCCESS,False
R082,H021,v3.33,10,56.11,54.59,1.92,239.21,93.87,0.62,141.11,0.72,SUCCESS,False
R082,H022,v3.33,25,47.37,53.89,1.6,229.87,74.52,1.21,121.38,1.11,SUCCESS,False
R082,H023,v3.33,10,38.97,57.15,2.75,286.97,65.16,1.05,142.91,2.15,SUCCESS,False
R082,H024,v3.33,5,58.02,57.54,1.46,124.38,70.3,0.75,132.61,0.53,SUCCESS,False
R082,H025,v3.33,25,41.44,59.08,2.38,136.25,53.85,1.46,236.85,1.9,SUCCESS,False
R082,H026,v3.33,10,49.29,38.27,2.43,140.98,91.59,1.01,215.41,2.51,IN_PROGRESS,False
R082,H027,v3.33,25,62.26,47.95,0.79,227.11,82.58,0.59,105.96,1.17,SUCCESS,False
R082,H028,v3.33,5,51.28,57.95,2.59,296.22,61.9,0.75,170.25,1.85,IN_PROGRESS,False
R082,H029,v3.33,25,53.72,67.33,1.68,264.68,68.32,1.66,233.6,2.43,SUCCESS,False
R082,H030,v3.33,5,55.31,39.14,2.58,151.94,97.42,0.88,232.48,0.81,SUCCESS,False
R082,H031,v3.33,50,,51.07,1.48,113.99,79.86,1.76,141.43,0.84,SUCCESS,False
R082,H032,v3.33,25,58.92,58.65,2.08,161.99,82.42,1.41,114.5,0.51,SUCCESS,False
R082,H033,v3.33,10,51.35,62.41,2.95,130.04,55.39,1.12,215.1,0.52,SUCCESS,False
R082,H034,v3.33,50,50.7,44.07,2.28,156.83,88.97,1.61,219.15,2.6,SUCCESS,False
R082,H035,v3.33,50,50.87,49.23,0.85,215.1,80.28,0.78,193.31,1.42,SUCCESS,False
R082,H036,v3.33,50,60.49,56.29,0.78,146.78,73.27,0.83,122.32,2.36,SUCCESS,False
R082,H037,v3.33,25,50.71,50.22,0.6,280.19,95.03,1.78,236.16,1.57,SUCCESS,False
R082,H038,v3.33,100,55.33,49.36,2.09,274.42,64.77,1.65,133.3,1.19,SUCCESS,False
R082,H039,v3.33,10,47.13,63.42,0.6,113.4,81.1,1.5,151.66,2.93,SUCCESS,False
R082,H040,v3.33,5,45.96,73.22,2.86,695.36,83.51,0.51,247.32,2.31,SUCCESS,False
R082,H041,v3.33,25,57.98,48.23,0.94,,50.49,1.49,190.51,2.74,IN_PROGRESS,False
R082,H042,v3.33,5,49.09,46.6,2.14,292.21,63.2,0.68,115.8,1.17,SUCCESS,False
R082,H043,v3.33,5,59.42,52.08,2.86,175.69,53.43,0.9,167.36,2.56,SUCCESS,False
R082,H044,v3.33,5,54.76,60.26,0.71,209.23,78.86,0.93,173.79,2.68,SUCCESS,False
R082,H045,v3.33,10,44.84,59.18,2.74,211.19,82.59,0.97,181.5,2.79,SUCCESS,False
R082,H046,v3.33,5,47.72,75.02,0.72,148.95,65.69,0.75,186.1,1.09,SUCCESS,False
R082,H047,v3.33,5,50.2,63.23,2.46,289.73,79.4,0.82,186.01,1.04,SUCCESS,False
R082,H048,v3.33,100,49.8,49.4,1.55,161.05,96.29,1.56,178.62,2.86,SUCCESS,False
R082,H049,v3.33,50,52.5,60.03,1.86,243.61,97.11,0.67,173.62,2.15,IN_PROGRESS,False
R082,H050,v3.33,10,53.37,59.98,0.58,283.95,97.47,0.8,119.73,2.76,SUCCESS,False
R083,H001,v3.34,25,76.76,81.71,10.27,743.26,17.38,0.8,240.37,7.72,SUCCESS,True
R083,H002,v3.34,10,71.39,68.23,6.65,704.66,24.51,1.33,165.5,8.53,FAILED,True
R083,H003,v3.34,50,95.86,59.84,11.04,404.82,1.88,0.59,186.75,5.08,ROLLED_BACK,True
R083,H004,v3.34,10,72.81,77.77,11.26,,11.17,0.85,105.83,9.04,FAILED,True
R083,H005,v3.34,5,76.47,68.87,10.61,581.19,8.12,1.05,116.31,8.67,FAILED,True
R083,H006,v3.34,5,72.41,78.5,8.4,607.63,1.97,0.69,165.38,11.9,FAILED,True
R083,H007,v3.34,5,72.93,71.67,9.83,660.59,0.01,0.74,136.53,8.88,SUCCESS,True
R083,H008,v3.34,100,78.1,83.05,9.41,741.07,22.06,1.81,123.24,7.84,FAILED,True
R083,H009,v3.34,5,73.16,59.75,7.5,434.52,8.6,0.94,240.99,6.27,SUCCESS,True
R083,H010,v3.34,25,67.06,77.63,8.34,730.89,27.16,1.14,230.51,10.14,SUCCESS,True
R083,H011,v3.34,5,82.84,77.96,11.45,642.81,29.82,1.24,116.55,8.75,FAILED,True
R083,H012,v3.34,5,76.87,76.67,9.23,462.66,28.64,0.52,165.88,5.75,SUCCESS,True
R083,H013,v3.34,50,65.13,87.86,9.38,409.26,29.94,1.35,173.19,10.77,ROLLED_BACK,True
R083,H014,v3.34,5,88.45,53.92,6.51,431.39,19.13,0.95,168.6,8.78,FAILED,True
R083,H015,v3.34,5,53.39,66.36,6.24,444.38,27.34,0.56,127.7,11.57,FAILED,True
R083,H016,v3.34,25,78.29,96.62,7.89,539.16,22.17,0.94,179.59,10.44,FAILED,True
R083,H017,v3.34,100,80.62,87.71,11.14,685.27,20.02,1.53,161.18,10.39,SUCCESS,True
R083,H018,v3.34,10,82.47,80.77,5.21,412.91,3.71,1.57,163.19,11.32,FAILED,True
R083,H019,v3.34,10,63.03,67.99,8.68,476.21,15.45,0.84,238.54,9.81,SUCCESS,True
R083,H020,v3.34,5,80.93,56.73,10.34,768.48,3.18,0.97,224.99,7.88,SUCCESS,True
R083,H021,v3.34,25,67.05,70.93,5.73,560.04,26.05,0.81,225.81,8.01,SUCCESS,True
R083,H022,v3.34,5,78.64,78.29,9.85,447.39,28.06,0.9,200.37,10.66,SUCCESS,True
R083,H023,v3.34,100,81.44,,8.97,768.23,7.35,0.58,206.33,5.94,SUCCESS,True
R083,H024,v3.34,10,97.99,70.53,7.39,745.0,14.81,1.69,249.98,5.26,SUCCESS,True
R083,H025,v3.34,10,53.64,71.26,10.62,623.13,0.25,1.19,145.85,6.13,SUCCESS,True
R083,H026,v3.34,5,64.09,54.6,7.77,655.45,14.84,1.43,221.98,5.61,FAILED,True
R083,H027,v3.34,5,82.18,64.76,11.51,687.54,13.28,1.59,219.45,7.91,SUCCESS,True
R083,H028,v3.34,100,66.53,90.75,9.96,649.21,9.42,1.1,165.31,10.38,FAILED,True
R083,H029,v3.34,5,59.29,69.26,5.98,454.56,24.1,1.79,123.42,7.44,ROLLED_BACK,True
R083,H030,v3.34,50,78.48,83.73,8.73,556.42,10.36,1.49,227.25,8.23,SUCCESS,True
R083,H031,v3.34,10,97.28,53.32,10.18,550.34,3.44,0.83,111.73,6.41,SUCCESS,True
R083,H032,v3.34,50,81.06,71.84,10.64,793.72,23.47,0.63,162.46,5.83,SUCCESS,True
R083,H033,v3.34,10,63.11,92.51,11.15,425.54,15.44,0.69,152.25,7.34,SUCCESS,True
R083,H034,v3.34,5,73.59,84.85,9.01,512.65,14.76,1.88,114.41,6.91,SUCCESS,True
R083,H035,v3.34,5,80.19,68.26,8.16,747.4,2.64,1.77,225.78,6.92,FAILED,True
R083,H036,v3.34,10,72.37,81.75,11.16,792.33,23.29,0.55,120.94,7.77,SUCCESS,True
R083,H037,v3.34,5,62.64,88.76,7.64,443.95,18.37,0.98,184.57,11.89,SUCCESS,True
R083,H038,v3.34,10,82.84,65.79,11.36,401.04,21.97,0.89,166.94,8.89,ROLLED_BACK,True
R083,H039,v3.34,50,59.79,83.09,7.44,586.8,5.67,1.29,138.54,8.49,FAILED,True
R083,H040,v3.34,25,94.1,69.51,7.9,602.7,16.66,1.18,146.17,8.34,SUCCESS,True
R083,H041,v3.34,25,80.56,85.35,5.68,799.17,12.03,0.67,217.74,9.31,ROLLED_BACK,True
R083,H042,v3.34,5,70.37,94.7,5.05,428.56,11.98,1.33,114.39,9.92,FAILED,True
R083,H043,v3.34,50,72.86,76.54,5.47,423.37,15.03,1.78,237.97,11.86,SUCCESS,True
R083,H044,v3.34,5,81.33,77.4,11.04,557.59,24.28,1.02,128.17,7.18,SUCCESS,True
R083,H045,v3.34,50,75.66,74.84,8.81,570.98,25.37,0.51,174.98,6.71,SUCCESS,True
R083,H046,v3.34,5,55.69,61.61,8.72,452.08,16.74,1.26,163.06,11.1,SUCCESS,True
R083,H047,v3.34,50,79.81,75.3,11.74,639.9,3.17,1.16,247.68,9.07,ROLLED_BACK,True
R083,H048,v3.34,10,58.24,76.94,10.63,701.12,3.52,1.76,143.73,7.04,SUCCESS,True
R083,H049,v3.34,10,53.29,89.66,5.84,603.77,11.34,1.76,112.27,8.62,SUCCESS,True
R083,H050,v3.34,5,94.83,64.74,,467.9,13.96,0.74,173.04,9.81,SUCCESS,True
R084,H001,v3.35,10,66.56,90.94,10.32,656.16,12.97,0.93,153.41,7.53,FAILED,True
R084,H002,v3.35,100,69.18,76.02,8.53,492.0,14.7,1.58,248.38,7.34,SUCCESS,True
R084,H003,v3.35,5,88.78,71.37,11.18,700.39,21.64,0.75,214.83,7.78,SUCCESS,True
R084,H004,v3.35,25,60.64,80.95,9.15,584.19,12.31,1.63,184.4,8.0,SUCCESS,True
R084,H005,v3.35,25,88.86,77.34,5.31,602.88,0.13,0.54,107.28,10.96,SUCCESS,True
R084,H006,v3.35,25,75.04,69.04,10.15,470.9,16.39,1.26,122.75,9.84,SUCCESS,True
R084,H007,v3.35,10,92.76,68.7,9.59,655.78,29.81,1.32,168.8,11.24,FAILED,True
R084,H008,v3.35,5,73.46,89.22,8.83,527.9,22.4,1.27,178.68,10.81,FAILED,True
R084,H009,v3.35,10,82.95,,6.43,533.65,16.08,0.69,155.29,6.01,FAILED,True
R084,H010,v3.35,25,75.01,76.31,9.87,464.27,11.96,1.86,225.61,11.58,ROLLED_BACK,True
R084,H011,v3.35,5,99.4,56.48,10.97,518.17,1.99,1.12,112.48,8.97,ROLLED_BACK,True
R084,H012,v3.35,10,76.9,70.46,11.19,626.02,12.65,1.22,211.49,5.56,FAILED,True
R084,H013,v3.35,5,74.06,75.12,6.71,701.33,29.79,1.05,237.46,5.36,ROLLED_BACK,True
R084,H014,v3.35,25,79.9,61.99,7.91,638.08,6.9,1.14,129.42,7.31,FAILED,True
R084,H015,v3.35,5,99.9,82.5,11.34,658.72,3.53,0.64,180.86,11.41,FAILED,True
R084,H016,v3.35,100,71.67,91.32,5.24,662.96,8.66,1.33,241.45,6.78,SUCCESS,True
R084,H017,v3.35,100,87.5,65.04,6.78,579.2,7.62,1.62,153.62,6.12,SUCCESS,True
R084,H018,v3.35,5,90.11,68.65,8.05,660.16,18.49,1.16,144.75,11.81,SUCCESS,True
R084,H019,v3.35,25,79.43,75.39,11.36,729.54,11.41,1.05,208.67,5.24,FAILED,True
R084,H020,v3.35,100,45.5,71.68,10.36,758.05,14.67,1.68,133.03,7.01,FAILED,True
R084,H021,v3.35,50,74.72,87.59,8.08,735.08,3.71,1.31,216.8,11.02,ROLLED_BACK,True
R084,H022,v3.35,25,64.64,80.48,11.01,489.16,8.0,0.92,145.63,7.46,SUCCESS,True
R084,H023,v3.35,25,96.36,86.11,9.41,693.38,27.81,1.62,106.3,11.52,FAILED,True
R084,H024,v3.35,50,55.98,84.19,9.27,426.48,16.37,1.78,144.37,6.33,SUCCESS,True
R084,H025,v3.35,10,89.55,72.24,10.94,454.1,6.09,1.56,138.77,7.48,ROLLED_BACK,True
R084,H026,v3.35,25,78.96,75.49,7.94,684.97,24.04,1.87,145.49,10.55,SUCCESS,True
R084,H027,v3.35,25,57.25,86.86,7.86,684.35,13.04,1.07,146.66,10.97,SUCCESS,True
R084,H028,v3.35,10,60.62,91.29,9.24,471.54,2.24,1.72,234.17,5.21,SUCCESS,True
R084,H029,v3.35,5,94.59,74.88,7.05,785.15,17.9,1.38,249.74,6.74,ROLLED_BACK,True
R084,H030,v3.35,10,73.54,79.31,5.87,637.24,1.87,0.62,136.52,8.5,SUCCESS,True
R084,H031,v3.35,5,79.66,64.64,10.15,639.01,3.74,1.8,193.82,5.81,SUCCESS,True
R084,H032,v3.35,50,96.02,61.89,11.66,668.64,20.53,0.52,187.15,11.31,SUCCESS,True
R084,H033,v3.35,50,70.43,63.81,11.31,413.37,10.52,1.13,124.17,9.42,SUCCESS,True
R084,H034,v3.35,5,81.69,89.46,5.77,741.24,21.63,0.9,211.05,6.21,SUCCESS,True
R084,H035,v3.35,5,80.56,84.42,7.05,683.78,18.3,0.76,147.84,9.72,SUCCESS,True
R084,H036,v3.35,10,92.15,65.96,6.96,640.81,3.18,0.62,220.34,5.24,SUCCESS,True
R084,H037,v3.35,100,68.44,63.55,9.74,789.18,26.55,0.61,169.41,9.86,SUCCESS,True
R084,H038,v3.35,25,67.33,72.69,11.27,782.54,13.12,1.69,133.43,11.0,SUCCESS,True
R084,H039,v3.35,10,84.71,81.9,11.09,497.19,10.35,1.13,164.66,6.1,SUCCESS,True
R084,H040,v3.35,100,90.72,76.72,9.63,629.06,13.93,1.07,160.38,9.54,FAILED,True
R084,H041,v3.35,50,79.8,89.01,6.77,744.43,17.78,0.95,226.51,5.21,FAILED,True
R084,H042,v3.35,50,81.01,88.0,9.01,452.31,20.36,1.86,184.5,8.06,SUCCESS,True
R084,H043,v3.35,10,76.83,54.79,9.55,781.24,2.56,1.74,104.36,7.15,SUCCESS,True
R084,H044,v3.35,100,65.11,66.1,8.05,756.52,14.84,1.47,186.7,9.06,SUCCESS,True
R084,H045,v3.35,100,73.33,68.45,6.32,561.97,8.29,1.37,129.4,7.79,FAILED,True
R084,H046,v3.35,5,81.36,74.94,6.22,526.41,7.4,1.12,216.39,5.81,FAILED,True
R084,H047,v3.35,10,99.47,61.47,11.21,792.78,16.74,1.77,165.97,11.86,SUCCESS,True
R084,H048,v3.35,50,59.36,84.45,7.21,555.37,13.12,0.53,176.4,6.92,SUCCESS,True
R084,H049,v3.35,10,45.05,90.29,9.09,491.87,28.26,1.56,175.92,6.45,SUCCESS,True
R084,H050,v3.35,25,80.03,74.39,10.68,,0.25,0.95,201.97,9.12,FAILED,True
R085,H001,v3.36,5,61.97,60.33,2.71,272.13,56.28,1.06,127.38,0.75,IN_PROGRESS,False
R085,H002,v3.36,10,44.17,43.09,2.05,141.25,64.15,1.33,189.5,3.0,SUCCESS,False
R085,H003,v3.36,5,36.69,50.63,0.81,285.1,58.44,1.35,113.65,2.25,IN_PROGRESS,False
R085,H004,v3.36,5,71.16,58.65,2.56,195.65,86.68,1.59,185.63,2.19,SUCCESS,False
R085,H005,v3.36,25,24.88,54.0,1.01,149.06,70.95,1.65,128.47,1.09,SUCCESS,False
R085,H006,v3.36,25,69.84,55.18,2.43,107.11,67.72,0.53,138.61,1.84,SUCCESS,False
R085,H007,v3.36,25,51.87,61.55,2.73,130.62,76.66,1.68,247.66,0.61,IN_PROGRESS,False
R085,H008,v3.36,25,58.42,47.43,7.52,104.69,87.61,0.56,170.59,1.52,IN_PROGRESS,False
R085,H009,v3.36,5,77.2,54.59,2.72,239.54,77.62,1.44,203.7,2.76,SUCCESS,False
R085,H010,v3.36,10,27.65,51.79,1.89,185.7,74.53,1.22,138.39,1.59,IN_PROGRESS,False
R085,H011,v3.36,10,55.27,67.39,1.34,151.57,75.19,0.99,237.49,1.13,SUCCESS,False
R085,H012,v3.36,10,58.02,68.15,1.79,185.64,92.11,0.85,171.83,2.38,SUCCESS,False
R085,H013,v3.36,10,59.47,55.89,1.25,102.62,59.05,1.43,175.66,2.24,SUCCESS,False
R085,H014,v3.36,5,67.6,45.37,0.76,227.09,60.38,0.79,161.85,1.63,SUCCESS,False
R085,H015,v3.36,100,43.89,49.73,2.16,120.53,60.69,1.03,234.69,1.64,SUCCESS,False
R085,H016,v3.36,10,51.02,50.92,0.8,173.98,69.9,1.6,151.34,2.98,SUCCESS,False
R085,H017,v3.36,25,48.39,65.78,2.3,104.37,83.59,1.92,190.95,2.47,SUCCESS,False
R085,H018,v3.36,10,44.04,54.77,1.88,286.1,56.16,0.66,226.74,0.72,SUCCESS,False
R085,H019,v3.36,10,48.48,56.04,0.95,159.09,72.21,1.99,127.87,2.68,SUCCESS,False
R085,H020,v3.36,10,24.67,49.17,2.23,292.62,97.77,1.94,120.3,1.22,SUCCESS,False
R085,H021,v3.36,100,47.81,46.83,2.6,187.51,63.51,1.76,202.69,1.59,SUCCESS,False
R085,H022,v3.36,5,55.54,63.29,0.84,281.32,51.78,1.84,183.29,2.3,SUCCESS,False
R085,H023,v3.36,5,39.85,41.88,1.62,246.94,59.76,1.39,146.54,1.51,SUCCESS,False
R085,H024,v3.36,5,50.63,54.9,2.01,222.92,75.3,0.8,164.2,2.94,SUCCESS,False
R085,H025,v3.36,5,43.89,56.97,2.4,284.03,69.02,1.22,182.71,1.14,SUCCESS,False
R085,H026,v3.36,25,36.43,54.75,1.27,118.99,67.31,1.82,151.8,0.99,SUCCESS,False
R085,H027,v3.36,5,51.7,59.43,1.83,158.89,61.5,1.63,179.92,1.09,SUCCESS,False
R085,H028,v3.36,50,51.99,50.02,2.37,105.34,56.81,1.59,107.31,1.23,SUCCESS,False
R085,H029,v3.36,5,49.88,55.09,1.42,284.87,79.87,1.35,176.22,2.49,SUCCESS,False
R085,H030,v3.36,25,61.37,66.14,0.68,220.77,50.02,1.54,197.8,2.46,SUCCESS,False
R085,H031,v3.36,10,35.06,62.36,1.41,249.23,75.9,0.67,142.45,1.94,SUCCESS,False
R085,H032,v3.36,50,49.32,66.29,1.2,131.02,71.24,1.4,180.75,1.9,SUCCESS,False
R085,H033,v3.36,10,35.76,68.42,2.42,205.91,57.39,1.31,146.22,1.22,SUCCESS,False
R085,H034,v3.36,100,59.76,54.18,0.57,151.88,66.16,1.08,211.89,1.86,SUCCESS,False
R085,H035,v3.36,25,54.21,49.91,2.75,231.38,99.93,1.75,147.34,2.62,SUCCESS,False
R085,H036,v3.36,25,53.11,55.67,1.13,171.2,67.05,1.85,178.13,2.43,SUCCESS,False
R085,H037,v3.36,25,64.4,52.26,0.55,665.08,76.06,0.62,136.59,0.51,SUCCESS,False
R085,H038,v3.36,5,46.22,68.26,1.52,231.84,96.6,1.92,119.31,2.32,SUCCESS,False
R085,H039,v3.36,25,44.65,46.72,2.29,146.67,74.8,0.71,168.63,2.21,SUCCESS,False
R085,H040,v3.36,100,53.12,51.8,2.14,157.0,90.56,1.05,108.23,1.48,SUCCESS,False
R085,H041,v3.36,25,39.0,72.58,1.67,153.14,95.29,1.2,181.8,2.96,SUCCESS,False
R085,H042,v3.36,50,57.41,66.3,1.26,187.22,55.06,1.9,124.19,2.19,SUCCESS,False
R085,H043,v3.36,25,45.93,49.18,2.76,182.29,60.15,1.29,205.94,2.48,SUCCESS,False
R085,H044,v3.36,5,48.67,57.16,2.36,277.12,79.3,1.32,217.06,0.81,SUCCESS,False
R085,H045,v3.36,5,60.08,46.75,1.5,113.09,99.99,1.38,129.47,1.5,SUCCESS,False
R085,H046,v3.36,5,35.53,68.82,1.47,104.85,89.86,1.36,244.69,0.51,SUCCESS,False
R085,H047,v3.36,10,55.63,64.75,0.58,293.74,63.78,1.67,165.16,0.95,SUCCESS,False
R085,H048,v3.36,50,61.1,59.09,1.51,214.33,98.23,1.46,145.31,2.97,SUCCESS,False
R085,H049,v3.36,5,41.51,66.2,2.85,127.33,89.06,1.5,152.76,0.67,SUCCESS,False
R085,H050,v3.36,25,39.62,67.68,1.65,261.61,99.34,1.49,102.92,1.81,SUCCESS,False
R086,H001,v3.37,5,49.07,56.93,2.25,218.86,78.96,0.53,107.01,1.93,SUCCESS,False
R086,H002,v3.37,25,51.35,47.69,2.62,163.09,50.5,1.8,109.0,1.87,IN_PROGRESS,False
R086,H003,v3.37,100,48.29,51.34,1.05,163.31,71.36,0.64,169.63,2.87,SUCCESS,False
R086,H004,v3.37,100,38.73,51.77,1.57,183.76,84.77,1.32,212.88,1.55,SUCCESS,False
R086,H005,v3.37,10,49.01,50.97,0.88,245.26,94.23,1.34,161.14,0.99,SUCCESS,False
R086,H006,v3.37,50,47.29,40.43,0.67,231.8,82.58,1.43,122.49,0.81,SUCCESS,False
R086,H007,v3.37,50,54.38,61.48,0.88,797.64,80.44,1.25,237.79,2.66,SUCCESS,False
R086,H008,v3.37,10,59.38,60.74,2.61,245.6,96.81,1.59,166.62,0.9,SUCCESS,False
R086,H009,v3.37,25,47.88,44.27,1.01,234.51,93.39,1.55,244.26,1.03,IN_PROGRESS,False
R086,H010,v3.37,10,42.3,58.96,1.2,283.92,92.7,1.04,128.68,1.77,SUCCESS,False
R086,H011,v3.37,5,61.87,62.14,0.99,238.76,70.91,1.94,148.71,0.52,SUCCESS,False
R086,H012,v3.37,5,55.91,47.18,1.14,133.77,75.12,1.42,211.78,2.63,SUCCESS,False
R086,H013,v3.37,50,61.71,47.7,2.76,122.82,77.86,1.83,171.35,2.49,SUCCESS,False
R086,H014,v3.37,25,63.31,68.88,1.03,270.13,90.21,0.72,100.74,2.67,IN_PROGRESS,False
R086,H015,v3.37,100,53.67,55.08,1.59,163.41,64.03,1.18,192.76,2.07,SUCCESS,False
R086,H016,v3.37,10,46.02,46.29,1.56,279.72,85.89,0.63,138.38,1.2,SUCCESS,False
R086,H017,v3.37,5,60.78,36.97,1.64,247.16,71.43,0.58,172.49,2.17,SUCCESS,False
R086,H018,v3.37,5,54.87,59.15,2.61,273.01,66.11,0.96,248.1,1.31,SUCCESS,False
R086,H019,v3.37,5,64.68,65.59,0.78,239.15,80.55,1.92,142.83,1.83,SUCCESS,False
R086,H020,v3.37,5,48.99,51.43,1.5,260.29,72.63,1.63,175.38,1.08,SUCCESS,False
R086,H021,v3.37,50,47.34,69.54,1.35,233.59,84.43,1.52,147.98,2.44,SUCCESS,False
R086,H022,v3.37,10,69.35,38.77,2.75,259.06,63.3,1.42,117.3,2.91,SUCCESS,False
R086,H023,v3.37,100,62.45,74.23,1.54,207.93,74.61,0.81,234.23,2.51,SUCCESS,False
R086,H024,v3.37,10,43.99,65.41,1.95,,71.82,1.59,227.76,2.26,SUCCESS,False
R086,H025,v3.37,10,55.27,59.15,1.18,212.01,59.53,1.52,140.79,1.37,SUCCESS,False
R086,H026,v3.37,100,34.11,54.04,0.71,188.47,75.47,1.46,184.86,1.9,SUCCESS,False
R086,H027,v3.37,10,43.86,57.18,2.28,209.56,99.49,0.78,235.97,1.81,SUCCESS,False
R086,H028,v3.37,5,56.36,59.23,2.47,189.46,85.94,0.51,165.29,2.37,SUCCESS,False
R086,H029,v3.37,25,59.58,46.79,2.91,288.97,94.33,1.35,131.98,1.8,SUCCESS,False
R086,H030,v3.37,50,35.55,59.23,1.37,140.13,66.5,0.51,230.28,1.56,SUCCESS,False
R086,H031,v3.37,5,52.07,53.23,1.75,223.99,87.48,0.66,159.35,0.88,IN_PROGRESS,False
R086,H032,v3.37,5,40.78,59.75,1.41,201.55,92.1,0.55,244.0,2.26,SUCCESS,False
R086,H033,v3.37,25,48.64,43.46,0.97,108.92,51.25,1.26,167.6,1.43,SUCCESS,False
R086,H034,v3.37,100,40.77,58.75,1.9,151.64,94.75,0.51,155.03,1.06,SUCCESS,False
R086,H035,v3.37,5,63.14,61.11,1.78,222.1,99.98,0.94,149.02,2.53,SUCCESS,False
R086,H036,v3.37,50,68.4,51.14,1.67,271.41,62.17,1.36,232.61,2.99,SUCCESS,False
R086,H037,v3.37,100,56.66,70.19,1.22,145.32,59.41,1.32,159.27,1.98,SUCCESS,False
R086,H038,v3.37,5,51.06,51.17,1.57,268.23,64.32,1.75,193.15,2.77,SUCCESS,False
R086,H039,v3.37,5,63.55,53.78,2.48,271.09,79.34,1.52,139.25,0.9,IN_PROGRESS,False
R086,H040,v3.37,5,50.17,61.42,2.62,109.06,71.98,1.5,207.61,1.55,SUCCESS,False
R086,H041,v3.37,5,70.78,42.22,0.7,156.81,56.88,0.9,245.29,0.6,SUCCESS,False
R086,H042,v3.37,5,55.32,54.85,0.79,126.66,60.34,1.0,185.41,1.37,SUCCESS,False
R086,H043,v3.37,5,,52.1,2.33,214.55,92.12,0.86,176.36,1.98,SUCCESS,False
R086,H044,v3.37,5,42.66,66.86,0.91,128.91,52.81,0.5,196.39,0.92,SUCCESS,False
R086,H045,v3.37,5,35.63,59.64,1.99,125.93,78.66,1.72,143.06,2.14,SUCCESS,False
R086,H046,v3.37,50,46.75,48.79,2.21,212.05,98.17,0.69,205.56,2.2,IN_PROGRESS,False
R086,H047,v3.37,10,51.62,54.88,1.84,165.8,52.19,0.92,186.35,2.09,SUCCESS,False
R086,H048,v3.37,50,60.8,60.51,2.71,162.45,54.04,0.59,189.08,2.3,SUCCESS,False
R086,H049,v3.37,5,52.29,41.07,1.48,127.2,93.23,0.59,163.24,2.59,SUCCESS,False
R086,H050,v3.37,5,62.74,73.02,2.29,122.71,65.68,1.5,220.75,1.12,SUCCESS,False
R087,H001,v3.38,5,76.85,73.77,10.81,752.93,6.54,1.15,246.2,11.24,FAILED,True
R087,H002,v3.38,10,84.5,69.31,7.0,417.29,25.08,1.12,208.93,8.86,FAILED,True
R087,H003,v3.38,10,88.49,72.03,9.97,578.71,0.47,1.07,108.72,6.85,SUCCESS,True
R087,H004,v3.38,5,67.58,59.54,6.96,540.84,0.03,2.0,167.11,5.88,SUCCESS,True
R087,H005,v3.38,50,67.72,66.41,6.89,491.84,7.9,0.79,215.53,11.67,SUCCESS,True
R087,H006,v3.38,5,74.69,85.81,9.37,780.38,23.78,1.64,142.6,11.09,SUCCESS,True
R087,H007,v3.38,5,69.14,87.07,5.59,690.78,25.75,1.83,214.94,11.85,FAILED,True
R087,H008,v3.38,50,84.81,84.64,5.51,500.78,28.49,0.83,139.67,10.72,SUCCESS,True
R087,H009,v3.38,10,84.63,91.65,9.51,606.91,25.57,1.85,182.23,8.73,SUCCESS,True
R087,H010,v3.38,5,88.24,82.84,10.58,490.53,22.81,1.85,161.6,9.59,SUCCESS,True
R087,H011,v3.38,10,63.26,74.95,5.79,606.81,23.25,1.7,196.4,11.18,ROLLED_BACK,True
R087,H012,v3.38,5,80.15,81.62,10.83,484.26,21.68,1.91,171.28,9.76,FAILED,True
R087,H013,v3.38,5,72.0,92.55,10.9,670.02,8.19,1.18,213.08,8.84,SUCCESS,True
R087,H014,v3.38,25,81.68,71.64,8.3,636.38,12.12,1.79,120.4,11.19,SUCCESS,True
R087,H015,v3.38,100,67.0,79.47,5.17,405.63,18.82,0.94,227.87,5.46,SUCCESS,True
R087,H016,v3.38,25,71.94,84.63,11.42,774.77,0.83,1.08,114.75,10.74,ROLLED_BACK,True
R087,H017,v3.38,25,92.45,75.34,8.6,547.56,10.62,1.07,208.2,7.53,SUCCESS,True
R087,H018,v3.38,10,74.08,70.22,11.28,640.1,23.16,1.34,178.98,7.61,FAILED,True
R087,H019,v3.38,10,67.11,67.4,7.62,742.19,27.79,1.33,182.89,8.24,FAILED,True
R087,H020,v3.38,5,59.63,74.08,10.22,606.99,27.28,0.85,199.39,10.12,ROLLED_BACK,True
R087,H021,v3.38,10,87.85,100.0,6.56,566.92,16.52,0.63,106.6,10.09,FAILED,True
R087,H022,v3.38,25,67.01,79.99,5.87,435.02,7.09,0.66,246.57,10.12,SUCCESS,True
R087,H023,v3.38,10,51.97,65.36,8.04,586.28,2.8,1.22,128.9,5.65,SUCCESS,True
R087,H024,v3.38,5,72.21,56.05,11.69,609.64,24.79,1.03,132.01,10.94,ROLLED_BACK,True
R087,H025,v3.38,5,62.59,66.7,9.97,536.2,21.37,1.36,179.54,9.23,SUCCESS,True
R087,H026,v3.38,5,98.24,85.62,7.51,736.63,16.79,1.74,225.5,6.85,SUCCESS,True
R087,H027,v3.38,25,92.62,100.0,9.24,611.0,9.39,1.13,126.79,10.95,ROLLED_BACK,True
R087,H028,v3.38,10,82.1,84.39,7.3,686.65,4.15,1.44,151.8,10.3,FAILED,True
R087,H029,v3.38,10,59.43,86.75,9.23,410.95,21.82,1.76,242.91,8.19,SUCCESS,True
R087,H030,v3.38,5,50.65,72.54,10.67,546.26,2.3,1.35,161.42,10.54,SUCCESS,True
R087,H031,v3.38,10,89.97,75.78,6.37,744.1,5.87,1.48,186.11,10.68,FAILED,True
R087,H032,v3.38,10,84.5,90.62,6.69,694.09,28.56,0.81,195.42,11.51,FAILED,True
R087,H033,v3.38,5,85.16,74.49,11.88,761.97,24.09,1.22,143.71,6.38,FAILED,True
R087,H034,v3.38,100,76.38,74.36,7.3,442.6,15.55,1.99,106.01,7.19,SUCCESS,True
R087,H035,v3.38,10,77.42,85.87,10.46,534.35,26.76,2.0,232.89,7.31,FAILED,True
R087,H036,v3.38,10,79.33,94.78,7.18,455.72,6.75,1.1,103.93,6.28,ROLLED_BACK,True
R087,H037,v3.38,10,66.21,82.41,9.38,672.08,2.05,1.21,223.32,7.83,SUCCESS,True
R087,H038,v3.38,50,91.28,88.08,,651.69,27.65,1.09,196.86,11.07,SUCCESS,True
R087,H039,v3.38,5,74.4,85.1,11.39,418.98,28.45,0.77,140.16,5.05,FAILED,True
R087,H040,v3.38,100,80.83,70.24,7.49,637.31,20.49,0.65,123.74,10.99,SUCCESS,True
R087,H041,v3.38,10,81.17,84.46,10.6,738.5,4.55,0.83,100.2,11.86,FAILED,True
R087,H042,v3.38,10,78.33,84.24,8.58,493.16,0.25,0.77,236.99,10.53,SUCCESS,True
R087,H043,v3.38,25,70.81,76.35,7.32,541.58,10.87,0.61,143.01,8.49,SUCCESS,True
R087,H044,v3.38,5,64.34,55.54,6.22,495.94,10.77,1.75,168.97,8.61,SUCCESS,True
R087,H045,v3.38,10,75.65,80.86,10.03,774.1,9.47,1.07,232.5,6.76,SUCCESS,True
R087,H046,v3.38,100,82.78,65.14,9.53,559.87,13.04,1.15,237.95,11.29,SUCCESS,True
R087,H047,v3.38,5,100.0,77.03,9.63,449.35,22.46,1.05,192.03,7.2,FAILED,True
R087,H048,v3.38,100,77.08,68.09,5.09,664.45,14.92,1.79,200.6,10.12,SUCCESS,True
R087,H049,v3.38,25,84.53,89.98,7.32,674.13,17.98,1.56,113.55,9.52,SUCCESS,True
R087,H050,v3.38,10,70.8,63.13,6.95,785.55,21.26,0.59,234.85,7.65,FAILED,True
R088,H001,v3.39,100,38.84,45.26,1.79,,91.04,1.72,228.5,2.32,SUCCESS,False
R088,H002,v3.39,100,56.96,56.07,2.15,248.31,67.25,0.81,228.64,1.06,SUCCESS,False
R088,H003,v3.39,50,100.0,64.26,0.87,165.34,73.27,0.82,219.35,1.49,SUCCESS,False
R088,H004,v3.39,5,81.32,69.85,1.81,122.32,54.22,0.88,242.43,2.93,SUCCESS,False
R088,H005,v3.39,50,37.66,56.51,2.89,241.74,65.9,1.65,150.2,1.44,SUCCESS,False
R088,H006,v3.39,10,41.7,44.9,1.15,217.08,52.74,1.86,122.53,2.0,SUCCESS,False
R088,H007,v3.39,5,43.63,60.26,2.18,111.58,89.74,0.86,151.84,2.15,SUCCESS,False
R088,H008,v3.39,50,51.88,59.74,2.51,104.9,72.94,1.15,138.29,1.35,SUCCESS,False
R088,H009,v3.39,25,43.52,36.28,0.84,230.25,91.44,1.02,203.72,1.06,SUCCESS,False
R088,H010,v3.39,5,42.57,60.18,1.09,105.84,68.54,1.3,157.33,2.1,SUCCESS,False
R088,H011,v3.39,5,57.19,54.9,1.65,1140.88,80.82,1.88,105.14,1.1,IN_PROGRESS,False
R088,H012,v3.39,10,49.01,44.99,2.11,151.32,82.34,0.81,157.94,2.86,SUCCESS,False
R088,H013,v3.39,100,45.39,47.05,2.04,115.82,98.82,0.85,125.26,0.9,SUCCESS,False
R088,H014,v3.39,5,53.23,46.82,0.84,203.61,67.29,1.96,158.32,2.63,SUCCESS,False
R088,H015,v3.39,5,52.16,53.22,2.08,128.21,83.16,0.99,226.18,0.92,SUCCESS,False
R088,H016,v3.39,10,66.63,61.7,1.08,134.05,92.06,0.5,179.34,2.58,IN_PROGRESS,False
R088,H017,v3.39,10,34.14,58.98,0.8,220.98,78.08,1.22,105.48,1.21,SUCCESS,False
R088,H018,v3.39,25,56.66,58.16,0.55,184.0,58.86,1.8,211.07,2.9,SUCCESS,False
R088,H019,v3.39,50,38.29,49.67,2.9,295.11,70.54,1.51,206.67,1.56,SUCCESS,False
R088,H020,v3.39,10,100.0,56.15,1.53,283.6,98.25,1.82,204.28,1.07,SUCCESS,False
R088,H021,v3.39,5,52.86,52.67,0.92,196.35,73.6,1.0,234.71,1.75,SUCCESS,False
R088,H022,v3.39,5,46.73,57.65,2.14,220.46,69.57,1.41,227.0,1.2,SUCCESS,False
R088,H023,v3.39,50,50.77,59.42,1.7,271.35,57.89,1.58,172.52,0.96,SUCCESS,False
R088,H024,v3.39,50,47.65,62.63,2.73,278.99,97.34,1.14,205.56,1.65,IN_PROGRESS,False
R088,H025,v3.39,10,55.84,57.96,2.93,175.63,59.2,1.23,113.9,2.22,SUCCESS,False
R088,H026,v3.39,5,50.06,46.53,2.22,199.17,58.31,1.37,242.48,2.78,SUCCESS,False
R088,H027,v3.39,5,47.55,44.36,2.89,222.54,68.01,0.75,220.73,1.74,SUCCESS,False
R088,H028,v3.39,25,55.69,52.13,1.84,195.7,87.05,1.69,113.26,2.43,SUCCESS,False
R088,H029,v3.39,100,51.45,55.9,2.05,211.12,58.15,1.84,149.41,2.18,SUCCESS,False
R088,H030,v3.39,5,50.21,63.56,1.94,147.06,96.51,1.12,144.74,2.5,SUCCESS,False
R088,H031,v3.39,5,44.28,48.95,1.96,180.78,61.28,0.67,165.73,2.66,IN_PROGRESS,False
R088,H032,v3.39,5,41.7,61.47,1.61,185.09,94.29,1.37,244.19,0.74,SUCCESS,False
R088,H033,v3.39,5,65.21,49.72,1.27,189.21,99.75,1.85,105.61,1.91,SUCCESS,False
R088,H034,v3.39,5,30.75,46.42,2.86,102.65,88.75,0.93,223.37,1.81,SUCCESS,False
R088,H035,v3.39,5,47.14,57.96,2.56,243.61,69.72,1.3,188.56,2.17,SUCCESS,False
R088,H036,v3.39,10,46.68,58.46,2.41,266.99,89.24,1.88,187.98,2.58,SUCCESS,False
R088,H037,v3.39,10,60.37,65.67,1.01,238.3,60.09,0.95,142.63,1.23,SUCCESS,False
R088,H038,v3.39,5,46.18,46.02,2.48,135.31,51.58,1.42,131.2,0.79,SUCCESS,False
R088,H039,v3.39,100,40.48,66.62,2.77,282.39,61.07,0.79,168.76,1.47,SUCCESS,False
R088,H040,v3.39,100,29.23,60.6,1.57,194.57,82.82,1.73,140.12,1.76,SUCCESS,False
R088,H041,v3.39,25,49.64,49.38,2.17,230.03,69.12,1.09,117.67,2.88,SUCCESS,False
R088,H042,v3.39,10,40.56,56.37,2.55,263.56,77.41,1.88,182.54,0.79,SUCCESS,False
R088,H043,v3.39,10,47.65,51.1,0.52,183.57,73.56,1.41,177.59,2.16,SUCCESS,False
R088,H044,v3.39,10,52.84,52.19,2.65,155.3,54.1,1.52,147.45,1.55,SUCCESS,False
R088,H045,v3.39,25,28.76,49.06,0.98,251.23,53.07,1.92,208.55,0.78,SUCCESS,False
R088,H046,v3.39,50,45.5,49.27,0.83,123.11,95.34,1.99,209.72,1.92,SUCCESS,False
R088,H047,v3.39,10,29.94,51.1,0.73,264.2,75.75,1.91,208.29,0.92,SUCCESS,False
R088,H048,v3.39,5,53.7,65.98,2.26,131.0,99.82,1.56,168.16,2.91,SUCCESS,False
R088,H049,v3.39,25,45.74,41.06,1.59,157.63,70.48,1.16,181.1,2.47,SUCCESS,False
R088,H050,v3.39,50,41.51,67.34,1.38,117.15,85.35,1.17,183.66,1.96,SUCCESS,False
R089,H001,v3.40,5,75.63,75.22,5.51,757.18,25.81,1.14,124.08,9.6,SUCCESS,True
R089,H002,v3.40,100,76.03,74.42,6.61,539.09,18.84,1.68,113.55,5.35,FAILED,True
R089,H003,v3.40,10,48.78,89.51,5.48,666.15,7.61,1.41,161.98,7.8,ROLLED_BACK,True
R089,H004,v3.40,50,71.07,73.08,11.62,569.57,5.01,1.77,222.81,7.21,SUCCESS,True
R089,H005,v3.40,25,68.46,82.58,5.54,688.4,15.05,1.66,190.15,10.8,FAILED,True
R089,H006,v3.40,10,71.19,71.44,11.18,446.34,29.87,0.82,170.8,6.57,FAILED,True
R089,H007,v3.40,10,81.33,78.61,6.91,504.79,17.89,0.83,163.37,7.29,SUCCESS,True
R089,H008,v3.40,25,81.71,84.88,6.84,527.36,23.75,1.96,143.18,8.42,ROLLED_BACK,True
R089,H009,v3.40,5,92.43,75.63,8.68,773.17,16.38,1.61,190.75,5.99,SUCCESS,True
R089,H010,v3.40,10,84.34,76.12,10.3,420.08,1.15,1.73,170.0,6.24,SUCCESS,True
R089,H011,v3.40,5,85.85,77.08,11.88,641.84,20.46,1.09,159.08,8.54,FAILED,True
R089,H012,v3.40,10,49.72,63.38,10.39,476.33,20.94,1.99,107.35,8.04,FAILED,True
R089,H013,v3.40,50,67.09,79.27,9.34,417.82,12.36,1.47,231.21,7.71,ROLLED_BACK,True
R089,H014,v3.40,5,86.35,88.44,7.13,760.48,15.31,1.92,179.42,9.39,SUCCESS,True
R089,H015,v3.40,10,60.75,92.08,6.43,644.56,14.02,1.76,105.63,10.82,SUCCESS,True
R089,H016,v3.40,5,79.28,81.58,6.06,496.22,18.93,0.74,248.53,6.26,SUCCESS,True
R089,H017,v3.40,50,68.92,100.0,11.54,403.54,23.74,1.69,196.45,8.89,SUCCESS,True
R089,H018,v3.40,5,57.73,57.88,5.44,476.04,24.55,1.3,211.91,11.16,SUCCESS,True
R089,H019,v3.40,10,70.65,81.92,11.11,581.75,24.77,1.48,101.92,10.43,SUCCESS,True
R089,H020,v3.40,10,100.0,56.23,5.23,773.47,13.3,1.2,145.78,9.55,SUCCESS,True
R089,H021,v3.40,5,58.14,60.09,9.46,471.28,16.56,1.36,136.81,8.33,ROLLED_BACK,True
R089,H022,v3.40,5,81.15,68.21,6.76,733.17,13.11,1.89,246.95,5.68,FAILED,True
R089,H023,v3.40,5,84.27,78.15,7.24,566.09,0.5,1.95,195.78,11.89,ROLLED_BACK,True
R089,H024,v3.40,50,63.9,73.77,11.27,618.1,26.38,1.0,194.35,8.37,SUCCESS,True
R089,H025,v3.40,10,63.75,83.93,10.71,475.57,2.8,1.69,177.16,8.97,FAILED,True
R089,H026,v3.40,25,82.72,72.0,11.84,453.0,26.93,0.66,224.16,5.58,ROLLED_BACK,True
R089,H027,v3.40,100,61.18,79.02,8.05,672.55,6.45,1.33,202.98,9.27,ROLLED_BACK,True
R089,H028,v3.40,10,66.47,77.91,7.18,752.82,24.75,1.99,158.47,8.57,SUCCESS,True
R089,H029,v3.40,50,73.74,63.36,8.25,732.12,9.98,1.92,203.14,8.22,FAILED,True
R089,H030,v3.40,100,91.98,76.14,7.15,703.17,3.71,1.83,194.01,8.54,FAILED,True
R089,H031,v3.40,10,62.95,80.79,5.24,717.63,28.22,1.23,198.03,11.87,SUCCESS,True
R089,H032,v3.40,10,92.89,73.81,10.48,774.38,15.64,0.92,201.64,5.96,FAILED,True
R089,H033,v3.40,50,80.23,70.71,10.57,697.26,17.5,1.21,161.24,7.75,SUCCESS,True
R089,H034,v3.40,5,77.94,81.57,7.37,445.03,27.61,0.66,224.46,11.58,FAILED,True
R089,H035,v3.40,5,72.67,60.22,8.18,471.15,15.67,0.79,132.32,10.97,FAILED,True
R089,H036,v3.40,50,96.8,86.24,,499.32,27.64,0.96,116.99,6.07,SUCCESS,True
R089,H037,v3.40,25,78.04,55.52,9.64,651.81,23.09,1.67,229.1,10.01,SUCCESS,True
R089,H038,v3.40,10,89.97,57.47,7.26,654.73,22.73,1.14,168.32,6.42,FAILED,True
R089,H039,v3.40,5,64.95,91.57,11.95,629.45,19.6,0.68,111.95,9.69,SUCCESS,True
R089,H040,v3.40,10,57.69,66.15,5.55,708.39,24.42,0.55,157.29,7.94,FAILED,True
R089,H041,v3.40,25,98.18,85.67,10.51,448.89,2.56,1.25,228.26,9.09,SUCCESS,True
R089,H042,v3.40,50,71.29,71.44,11.42,403.89,6.47,0.7,215.26,6.38,SUCCESS,True
R089,H043,v3.40,10,,82.34,8.83,548.55,24.63,1.1,193.74,5.28,FAILED,True
R089,H044,v3.40,100,82.38,81.31,8.18,695.98,12.44,1.36,214.06,8.84,SUCCESS,True
R089,H045,v3.40,5,85.93,81.99,10.15,535.67,14.19,0.86,136.31,9.93,SUCCESS,True
R089,H046,v3.40,10,70.66,65.97,6.27,704.35,3.42,1.59,245.36,11.44,ROLLED_BACK,True
R089,H047,v3.40,5,98.78,68.31,6.29,487.06,24.2,0.62,110.38,6.21,SUCCESS,True
R089,H048,v3.40,5,81.97,70.15,11.78,744.34,20.11,1.32,114.1,11.72,ROLLED_BACK,True
R089,H049,v3.40,100,64.8,64.52,7.78,585.83,26.64,1.56,243.51,11.28,FAILED,True
R089,H050,v3.40,25,81.33,67.13,10.69,504.52,21.4,1.26,138.78,7.97,SUCCESS,True
R090,H001,v3.41,10,58.86,55.23,1.67,268.07,53.39,1.53,138.05,2.87,SUCCESS,False
R090,H002,v3.41,5,41.81,62.77,1.17,253.96,67.17,1.35,124.44,2.61,SUCCESS,False
R090,H003,v3.41,50,40.91,66.77,1.47,118.1,83.65,1.09,180.45,1.64,IN_PROGRESS,False
R090,H004,v3.41,50,47.73,62.26,2.96,181.28,72.99,1.26,104.82,2.17,SUCCESS,False
R090,H005,v3.41,10,48.21,62.31,0.93,105.94,76.72,0.72,249.87,0.88,SUCCESS,False
R090,H006,v3.41,10,31.91,55.06,1.81,121.62,89.19,0.53,126.56,2.51,SUCCESS,False
R090,H007,v3.41,25,38.96,50.6,1.35,101.55,63.67,1.67,221.29,1.56,SUCCESS,False
R090,H008,v3.41,5,54.08,69.67,1.54,247.64,71.15,1.31,192.71,2.84,SUCCESS,False
R090,H009,v3.41,25,54.39,51.68,1.96,276.87,79.06,1.03,231.11,1.37,SUCCESS,False
R090,H010,v3.41,25,60.21,58.69,2.53,283.95,59.14,1.5,144.53,0.87,SUCCESS,False
R090,H011,v3.41,5,46.28,53.22,0.87,140.67,57.79,1.39,212.26,1.83,SUCCESS,False
R090,H012,v3.41,100,100.0,53.92,2.61,100.8,76.7,1.71,163.62,0.86,SUCCESS,False
R090,H013,v3.41,5,42.59,61.02,2.24,279.96,88.78,0.74,187.43,2.05,SUCCESS,False
R090,H014,v3.41,25,37.88,69.21,2.49,130.61,68.3,1.53,243.26,2.53,SUCCESS,False
R090,H015,v3.41,25,44.61,53.76,0.77,252.35,99.41,0.76,140.28,2.47,SUCCESS,False
R090,H016,v3.41,10,40.87,57.65,1.15,237.84,92.4,0.69,247.95,2.51,SUCCESS,False
R090,H017,v3.41,50,38.56,42.53,0.69,217.68,95.66,0.76,210.98,0.73,SUCCESS,False
R090,H018,v3.41,25,52.53,48.89,1.42,154.61,87.71,1.95,144.79,2.98,SUCCESS,False
R090,H019,v3.41,5,46.2,55.27,2.25,114.27,85.07,1.23,174.59,2.3,IN_PROGRESS,False
R090,H020,v3.41,5,59.78,50.08,0.73,280.78,89.39,0.61,221.55,0.63,SUCCESS,False
R090,H021,v3.41,50,38.91,50.82,2.56,121.42,80.06,1.65,146.96,2.76,SUCCESS,False
R090,H022,v3.41,10,40.15,54.27,2.13,133.85,85.02,1.02,125.96,2.66,SUCCESS,False
R090,H023,v3.41,50,40.2,49.58,1.54,101.73,63.42,0.57,249.86,2.71,SUCCESS,False
R090,H024,v3.41,5,54.74,56.85,0.71,123.34,52.32,1.58,117.65,1.89,SUCCESS,False
R090,H025,v3.41,5,27.76,55.46,1.15,226.93,88.23,1.21,178.18,2.86,SUCCESS,False
R090,H026,v3.41,5,30.87,54.34,0.71,253.72,61.6,1.57,143.4,2.57,SUCCESS,False
R090,H027,v3.41,5,43.17,55.76,1.17,122.28,90.59,1.71,238.41,1.15,SUCCESS,False
R090,H028,v3.41,50,67.53,61.65,2.65,105.28,87.36,0.87,216.75,1.82,SUCCESS,False
R090,H029,v3.41,5,45.91,54.89,0.76,224.87,91.94,1.75,228.6,2.96,SUCCESS,False
R090,H030,v3.41,50,68.94,48.63,2.93,149.29,79.52,1.0,212.27,2.49,IN_PROGRESS,False
R090,H031,v3.41,5,54.91,54.43,0.67,133.8,71.2,0.87,148.13,1.01,SUCCESS,False
R090,H032,v3.41,50,32.62,56.43,2.02,156.18,90.82,1.66,199.12,1.7,SUCCESS,False
R090,H033,v3.41,10,57.07,53.11,0.95,862.56,86.83,0.95,238.49,1.3,SUCCESS,False
R090,H034,v3.41,10,48.5,52.59,1.24,242.9,62.26,0.87,164.03,0.63,SUCCESS,False
R090,H035,v3.41,5,44.55,55.24,1.27,252.83,72.8,0.89,163.28,1.99,SUCCESS,False
R090,H036,v3.41,10,60.41,59.58,1.58,267.83,75.21,1.8,170.32,2.98,SUCCESS,False
R090,H037,v3.41,25,38.2,59.56,2.22,282.6,95.17,1.83,197.42,1.94,SUCCESS,False
R090,H038,v3.41,5,56.39,55.38,0.55,147.34,94.08,0.73,128.59,2.92,SUCCESS,False
R090,H039,v3.41,5,39.9,70.41,2.77,105.06,91.65,1.48,164.13,0.98,SUCCESS,False
R090,H040,v3.41,10,50.73,64.68,2.8,165.14,93.57,1.22,107.04,0.62,SUCCESS,False
R090,H041,v3.41,10,47.73,50.56,2.94,156.07,75.52,0.54,179.01,2.53,SUCCESS,False
R090,H042,v3.41,10,58.3,60.26,2.54,107.48,99.28,0.54,150.08,0.91,SUCCESS,False
R090,H043,v3.41,10,46.5,54.98,0.79,281.42,91.65,0.67,118.76,2.69,SUCCESS,False
R090,H044,v3.41,10,53.38,55.78,1.18,224.24,54.74,0.85,247.05,2.4,SUCCESS,False
R090,H045,v3.41,25,43.89,100.0,1.34,270.38,68.47,1.16,238.17,2.62,SUCCESS,False
R090,H046,v3.41,50,38.53,57.02,2.09,266.8,66.15,1.75,147.91,0.97,SUCCESS,False
R090,H047,v3.41,10,75.14,50.68,2.12,211.74,94.38,0.86,204.36,2.03,SUCCESS,False
R090,H048,v3.41,10,65.45,55.49,0.73,160.54,87.3,0.93,194.67,0.56,IN_PROGRESS,False
R090,H049,v3.41,5,59.66,47.33,1.51,299.13,52.91,1.26,179.03,1.03,IN_PROGRESS,False
R090,H050,v3.41,10,49.2,65.03,1.8,182.21,90.08,1.46,189.41,2.97,SUCCESS,False
R091,H001,v3.42,5,42.54,59.59,1.22,244.78,60.06,1.03,164.47,0.69,SUCCESS,False
R091,H002,v3.42,10,47.13,47.5,0.63,241.94,95.38,0.65,224.08,1.76,SUCCESS,False
R091,H003,v3.42,10,,52.29,2.79,162.6,88.37,1.47,218.56,3.0,SUCCESS,False
R091,H004,v3.42,100,50.82,67.13,1.59,150.96,51.03,1.65,221.56,1.66,SUCCESS,False
R091,H005,v3.42,25,100.0,65.51,1.73,193.48,54.43,0.76,219.37,1.55,SUCCESS,False
R091,H006,v3.42,5,58.26,66.66,1.15,285.49,75.78,0.51,204.2,2.69,IN_PROGRESS,False
R091,H007,v3.42,100,52.25,45.55,1.3,115.41,83.46,1.19,170.65,1.77,SUCCESS,False
R091,H008,v3.42,10,37.8,68.82,1.63,159.25,70.07,1.53,102.0,0.82,SUCCESS,False
R091,H009,v3.42,25,61.12,41.8,1.05,237.44,91.57,1.86,212.69,0.61,SUCCESS,False
R091,H010,v3.42,50,40.55,68.05,0.84,157.76,67.9,1.78,216.15,1.37,SUCCESS,False
R091,H011,v3.42,25,38.58,53.31,2.9,234.02,55.61,0.51,122.43,1.58,SUCCESS,False
R091,H012,v3.42,10,36.61,60.08,1.0,201.84,86.07,1.54,129.3,1.03,IN_PROGRESS,False
R091,H013,v3.42,5,64.19,43.29,2.16,119.57,95.02,1.09,183.95,2.24,SUCCESS,False
R091,H014,v3.42,25,26.72,63.16,2.3,285.48,96.53,1.08,222.81,2.53,SUCCESS,False
R091,H015,v3.42,5,70.37,50.22,1.71,147.21,88.23,1.51,136.0,2.7,SUCCESS,False
R091,H016,v3.42,10,65.15,47.5,1.25,259.2,81.25,0.74,220.54,0.76,SUCCESS,False
R091,H017,v3.42,10,58.46,47.4,2.86,208.36,84.18,1.34,109.88,2.31,IN_PROGRESS,False
R091,H018,v3.42,5,48.26,64.15,,292.96,89.49,1.04,137.6,2.59,SUCCESS,False
R091,H019,v3.42,25,59.14,60.38,2.29,224.12,98.46,1.5,248.94,1.88,IN_PROGRESS,False
R091,H020,v3.42,10,31.42,57.75,1.57,291.46,99.44,1.62,160.14,1.04,SUCCESS,False
R091,H021,v3.42,50,65.43,58.83,2.46,124.88,58.44,0.53,218.18,0.55,SUCCESS,False
R091,H022,v3.42,5,58.93,65.13,2.13,211.08,94.11,1.05,241.06,1.78,SUCCESS,False
R091,H023,v3.42,5,42.91,57.65,1.01,183.8,90.83,0.52,103.6,1.17,SUCCESS,False
R091,H024,v3.42,25,43.57,38.39,0.98,131.45,95.66,0.76,142.08,2.97,SUCCESS,False
R091,H025,v3.42,5,43.37,56.02,0.91,256.34,95.37,1.28,127.59,2.61,SUCCESS,False
R091,H026,v3.42,25,60.28,56.65,1.22,221.3,81.34,1.55,140.23,2.3,SUCCESS,False
R091,H027,v3.42,5,46.76,50.44,0.9,114.53,63.91,1.71,198.38,1.08,SUCCESS,False
R091,H028,v3.42,50,45.85,48.01,1.88,262.79,90.44,1.47,242.09,2.06,SUCCESS,False
R091,H029,v3.42,10,56.62,52.18,1.51,150.42,51.51,1.15,218.75,2.2,SUCCESS,False
R091,H030,v3.42,10,47.55,53.0,2.0,134.22,97.88,1.11,123.72,0.65,SUCCESS,False
R091,H031,v3.42,5,55.53,65.08,2.04,257.75,69.62,1.95,175.35,0.66,IN_PROGRESS,False
R091,H032,v3.42,25,59.77,61.48,1.9,200.13,57.25,0.65,180.5,2.28,SUCCESS,False
R091,H033,v3.42,5,56.53,42.15,2.92,298.99,74.57,1.26,208.94,2.09,SUCCESS,False
R091,H034,v3.42,25,73.8,62.36,2.73,275.28,75.83,1.65,133.29,2.54,SUCCESS,False
R091,H035,v3.42,25,63.03,53.78,0.88,209.64,51.74,1.77,156.91,2.44,SUCCESS,False
R091,H036,v3.42,10,63.13,63.68,1.77,264.98,57.95,0.57,246.53,2.58,SUCCESS,False
R091,H037,v3.42,100,64.92,61.07,2.62,250.26,61.49,1.0,185.64,2.86,IN_PROGRESS,False
R091,H038,v3.42,10,54.4,48.92,2.02,265.41,94.74,1.75,159.78,2.4,SUCCESS,False
R091,H039,v3.42,5,61.05,55.39,2.15,259.69,58.65,0.96,209.13,0.93,SUCCESS,False
R091,H040,v3.42,50,56.53,64.34,1.59,230.33,89.09,1.05,237.77,1.98,SUCCESS,False
R091,H041,v3.42,50,51.67,59.79,1.29,116.43,92.45,1.02,158.79,1.59,SUCCESS,False
R091,H042,v3.42,5,52.32,66.91,2.1,151.64,60.39,1.41,220.7,1.88,IN_PROGRESS,False
R091,H043,v3.42,5,44.89,52.13,1.27,258.89,70.72,1.11,217.03,2.71,SUCCESS,False
R091,H044,v3.42,5,47.3,48.87,1.71,254.82,85.96,1.57,207.81,2.56,SUCCESS,False
R091,H045,v3.42,25,41.15,61.06,2.5,266.56,70.41,1.47,102.43,2.49,SUCCESS,False
R091,H046,v3.42,5,56.67,54.81,1.48,144.95,71.62,1.9,175.61,2.34,SUCCESS,False
R091,H047,v3.42,100,39.87,54.77,0.77,270.68,86.94,1.75,130.84,2.83,IN_PROGRESS,False
R091,H048,v3.42,5,62.57,53.38,2.62,127.94,59.4,1.67,233.56,1.44,SUCCESS,False
R091,H049,v3.42,50,36.4,51.53,1.82,179.81,51.16,1.12,245.79,0.81,SUCCESS,False
R091,H050,v3.42,5,39.08,49.46,1.34,281.66,82.71,1.61,230.06,1.54,SUCCESS,False
R092,H001,v3.43,5,66.07,,10.32,498.87,7.71,1.12,183.7,5.24,ROLLED_BACK,True
R092,H002,v3.43,25,65.79,70.07,5.36,710.43,10.72,1.26,102.66,5.92,ROLLED_BACK,True
R092,H003,v3.43,25,67.7,83.24,9.85,449.92,15.61,1.71,141.87,7.99,FAILED,True
R092,H004,v3.43,5,100.0,53.03,5.19,428.14,8.6,1.49,119.16,10.87,SUCCESS,True
R092,H005,v3.43,5,57.86,72.45,8.29,439.97,2.21,1.13,108.85,7.78,FAILED,True
R092,H006,v3.43,5,75.03,83.05,5.7,536.42,15.93,1.29,100.49,5.32,SUCCESS,True
R092,H007,v3.43,50,85.27,67.33,8.07,570.47,4.37,1.22,227.23,11.08,SUCCESS,True
R092,H008,v3.43,50,77.15,78.48,11.2,427.82,16.94,0.97,198.52,8.45,FAILED,True
R092,H009,v3.43,5,80.93,76.08,9.89,636.56,4.56,0.6,170.4,6.5,FAILED,True
R092,H010,v3.43,5,69.31,85.15,6.45,783.28,24.21,1.01,215.96,10.33,SUCCESS,True
R092,H011,v3.43,5,81.98,77.85,6.72,457.89,26.47,0.83,145.49,6.7,FAILED,True
R092,H012,v3.43,5,66.85,83.19,6.47,589.59,22.43,0.86,185.08,5.94,FAILED,True
R092,H013,v3.43,25,87.29,68.94,10.03,588.8,12.3,0.72,163.06,10.77,FAILED,True
R092,H014,v3.43,50,85.86,87.47,10.73,604.65,17.08,0.67,202.56,11.28,SUCCESS,True
R092,H015,v3.43,5,,67.26,7.97,734.84,4.31,1.54,136.39,10.41,SUCCESS,True
R092,H016,v3.43,50,79.35,62.75,9.4,591.9,26.02,1.37,165.65,7.61,FAILED,True
R092,H017,v3.43,5,80.79,86.03,10.68,712.33,26.76,0.52,230.33,11.02,FAILED,True
R092,H018,v3.43,25,62.66,70.21,5.95,565.96,10.31,1.0,229.17,9.38,SUCCESS,True
R092,H019,v3.43,10,87.14,65.08,11.18,636.5,5.39,1.1,202.01,7.72,ROLLED_BACK,True
R092,H020,v3.43,5,84.28,88.88,11.77,528.79,3.61,0.57,128.58,10.51,FAILED,True
R092,H021,v3.43,25,69.22,85.7,10.78,782.76,16.69,0.79,247.58,11.23,FAILED,True
R092,H022,v3.43,100,50.64,81.24,7.18,622.64,7.55,1.65,103.83,7.24,ROLLED_BACK,True
R092,H023,v3.43,10,100.0,75.12,32.96,577.8,15.13,1.16,198.59,6.31,SUCCESS,True
R092,H024,v3.43,50,100.0,77.71,10.88,617.34,22.2,1.13,154.41,11.43,SUCCESS,True
R092,H025,v3.43,5,65.45,67.46,10.67,596.55,26.92,1.29,103.73,11.6,ROLLED_BACK,True
R092,H026,v3.43,25,87.01,100.0,10.93,604.76,1.03,1.16,240.09,11.3,SUCCESS,True
R092,H027,v3.43,10,88.75,66.06,9.74,577.98,12.85,0.52,145.26,10.1,SUCCESS,True
R092,H028,v3.43,50,53.21,80.82,6.83,737.3,19.96,1.63,200.55,10.02,SUCCESS,True
R092,H029,v3.43,50,97.3,66.76,8.83,474.43,21.52,0.82,158.84,5.21,SUCCESS,True
R092,H030,v3.43,50,81.07,70.96,11.9,639.66,21.07,1.69,223.91,5.33,SUCCESS,True
R092,H031,v3.43,25,79.01,92.2,7.25,523.6,19.92,1.31,190.37,9.87,SUCCESS,True
R092,H032,v3.43,10,62.53,77.63,9.27,517.97,16.15,1.94,189.47,8.16,SUCCESS,True
R092,H033,v3.43,5,62.2,91.74,10.12,562.37,27.12,0.74,222.53,7.68,SUCCESS,True
R092,H034,v3.43,25,72.69,73.28,11.65,402.01,6.8,1.02,137.87,5.06,SUCCESS,True
R092,H035,v3.43,10,62.79,71.76,10.56,400.97,19.05,0.93,222.55,6.44,SUCCESS,True
R092,H036,v3.43,10,92.89,83.13,7.66,742.63,18.42,1.96,201.33,11.6,FAILED,True
R092,H037,v3.43,5,76.27,81.45,7.02,747.74,9.57,1.23,167.11,5.35,FAILED,True
R092,H038,v3.43,100,79.67,75.96,8.44,713.14,11.87,0.58,165.03,5.68,SUCCESS,True
R092,H039,v3.43,100,88.94,61.16,9.71,671.67,12.01,1.6,179.95,9.1,FAILED,True
R092,H040,v3.43,10,76.87,100.0,11.19,748.83,14.44,1.84,188.58,6.37,SUCCESS,True
R092,H041,v3.43,10,64.71,75.62,10.39,413.11,13.0,1.43,157.07,9.44,SUCCESS,True
R092,H042,v3.43,10,89.25,78.42,8.93,466.04,0.9,1.05,121.37,9.63,FAILED,True
R092,H043,v3.43,50,87.92,67.8,8.39,539.34,24.32,0.63,134.25,6.11,SUCCESS,True
R092,H044,v3.43,5,82.94,48.38,10.09,756.93,2.48,0.76,174.07,5.83,SUCCESS,True
R092,H045,v3.43,25,60.88,58.09,10.65,506.8,0.4,1.33,212.27,7.67,FAILED,True
R092,H046,v3.43,25,70.84,81.59,10.74,533.28,20.57,1.77,174.09,10.68,SUCCESS,True
R092,H047,v3.43,5,80.37,77.41,11.23,711.27,5.02,1.58,227.29,11.29,FAILED,True
R092,H048,v3.43,100,75.24,70.87,7.89,649.22,23.06,0.51,165.19,10.37,FAILED,True
R092,H049,v3.43,50,66.48,63.92,11.69,738.77,16.34,1.48,202.15,6.15,SUCCESS,True
R092,H050,v3.43,25,79.55,82.0,5.12,576.18,25.27,1.95,231.3,8.58,ROLLED_BACK,True
R093,H001,v3.44,25,51.59,54.79,0.77,137.58,93.42,0.91,236.61,1.78,SUCCESS,False
R093,H002,v3.44,50,40.97,49.39,1.55,166.94,87.38,0.92,170.78,2.47,SUCCESS,False
R093,H003,v3.44,100,58.39,71.64,2.07,215.19,84.77,1.38,161.85,0.84,SUCCESS,False
R093,H004,v3.44,5,59.65,56.66,1.05,182.4,54.46,1.81,122.31,1.44,SUCCESS,False
R093,H005,v3.44,10,45.15,56.31,2.57,172.32,62.7,0.64,233.87,1.06,SUCCESS,False
R093,H006,v3.44,25,55.99,54.07,1.1,148.11,82.35,1.97,172.51,2.76,SUCCESS,False
R093,H007,v3.44,5,64.4,64.36,0.67,235.54,51.76,1.07,129.65,2.15,SUCCESS,False
R093,H008,v3.44,100,59.96,68.01,2.97,146.26,73.06,0.99,110.08,1.49,SUCCESS,False
R093,H009,v3.44,5,42.11,53.78,2.8,224.76,52.11,1.11,123.25,2.91,SUCCESS,False
R093,H010,v3.44,10,34.08,67.56,1.77,213.93,96.2,1.57,124.77,0.65,SUCCESS,False
R093,H011,v3.44,5,61.57,51.32,0.95,135.26,84.36,1.25,163.95,1.8,SUCCESS,False
R093,H012,v3.44,50,61.71,52.05,2.29,265.65,74.32,1.2,225.11,2.53,SUCCESS,False
R093,H013,v3.44,5,53.59,47.8,2.72,272.19,54.4,1.79,159.58,1.89,SUCCESS,False
R093,H014,v3.44,100,49.22,51.1,2.65,150.28,56.35,0.63,155.96,0.76,SUCCESS,False
R093,H015,v3.44,5,53.5,62.53,2.85,298.22,63.68,1.55,249.85,1.93,IN_PROGRESS,False
R093,H016,v3.44,100,,45.96,1.79,215.95,70.63,1.05,148.31,1.56,SUCCESS,False
R093,H017,v3.44,5,48.72,60.65,0.75,286.72,58.77,1.26,146.76,2.84,SUCCESS,False
R093,H018,v3.44,5,34.64,64.28,1.99,257.77,99.92,1.7,104.25,2.57,SUCCESS,False
R093,H019,v3.44,10,47.7,55.76,1.58,133.41,89.57,1.77,155.03,2.85,SUCCESS,False
R093,H020,v3.44,25,51.29,48.98,2.02,166.87,66.19,0.79,220.65,0.91,SUCCESS,False
R093,H021,v3.44,5,33.23,49.52,0.79,134.44,84.33,0.54,101.23,1.37,SUCCESS,False
R093,H022,v3.44,100,39.14,49.14,1.23,245.55,67.61,0.61,129.83,0.74,SUCCESS,False
R093,H023,v3.44,10,48.98,54.84,2.33,132.82,67.43,1.85,166.72,2.25,SUCCESS,False
R093,H024,v3.44,50,43.94,50.99,1.12,294.41,88.67,1.45,206.66,0.66,SUCCESS,False
R093,H025,v3.44,25,46.04,54.77,0.95,133.76,56.66,0.57,150.19,1.7,IN_PROGRESS,False
R093,H026,v3.44,5,67.14,49.78,1.36,280.49,78.36,1.92,144.93,1.97,SUCCESS,False
R093,H027,v3.44,25,40.69,63.09,1.22,200.94,90.48,0.58,227.55,0.52,IN_PROGRESS,False
R093,H028,v3.44,50,53.34,49.85,2.48,113.38,68.73,0.92,173.76,2.71,IN_PROGRESS,False
R093,H029,v3.44,50,42.97,44.95,1.9,272.81,84.83,0.93,155.09,1.87,SUCCESS,False
R093,H030,v3.44,50,61.07,55.11,2.15,246.0,64.38,2.0,228.96,2.09,SUCCESS,False
R093,H031,v3.44,10,53.71,55.41,1.77,206.99,54.98,1.31,155.36,1.21,SUCCESS,False
R093,H032,v3.44,10,45.42,60.25,1.58,212.99,97.96,1.56,139.4,0.53,SUCCESS,False
R093,H033,v3.44,25,46.47,37.54,2.46,230.91,57.23,1.95,102.95,2.34,SUCCESS,False
R093,H034,v3.44,50,35.1,37.97,2.35,199.0,59.5,0.82,121.04,1.28,SUCCESS,False
R093,H035,v3.44,50,52.07,47.34,1.93,126.67,65.8,1.97,168.66,2.12,SUCCESS,False
R093,H036,v3.44,100,45.92,41.8,0.71,184.55,91.47,1.24,233.09,2.74,IN_PROGRESS,False
R093,H037,v3.44,5,36.91,40.65,2.65,245.33,58.56,0.77,199.21,1.02,SUCCESS,False
R093,H038,v3.44,100,53.73,56.85,2.11,131.4,81.36,1.14,235.85,0.65,SUCCESS,False
R093,H039,v3.44,10,51.3,55.65,2.48,282.12,98.08,1.4,236.67,0.76,SUCCESS,False
R093,H040,v3.44,25,53.51,70.41,0.53,225.47,79.29,1.55,180.94,1.89,SUCCESS,False
R093,H041,v3.44,10,28.15,46.65,2.71,107.09,78.82,1.17,118.37,2.88,SUCCESS,False
R093,H042,v3.44,5,43.46,71.27,10.08,131.63,66.77,1.81,239.42,2.8,SUCCESS,False
R093,H043,v3.44,5,60.67,59.36,2.37,261.85,72.28,1.92,113.19,2.35,SUCCESS,False
R093,H044,v3.44,10,46.68,50.71,2.61,208.61,87.26,1.23,141.84,2.63,SUCCESS,False
R093,H045,v3.44,100,51.66,67.66,0.92,157.11,65.82,1.76,214.58,1.94,SUCCESS,False
R093,H046,v3.44,50,49.46,57.14,2.2,282.09,93.95,1.55,137.97,0.89,SUCCESS,False
R093,H047,v3.44,50,46.04,51.53,1.87,216.03,73.43,1.7,214.09,2.86,SUCCESS,False
R093,H048,v3.44,5,52.97,63.67,2.66,185.49,76.27,1.36,126.44,1.99,IN_PROGRESS,False
R093,H049,v3.44,25,52.93,72.98,2.63,100.01,51.85,0.87,210.21,0.84,SUCCESS,False
R093,H050,v3.44,25,41.44,58.3,1.27,297.0,87.64,1.8,105.19,1.07,SUCCESS,False
R094,H001,v3.45,10,74.1,71.04,7.41,410.75,27.95,1.23,193.82,7.49,SUCCESS,True
R094,H002,v3.45,5,85.74,60.31,11.64,427.71,0.04,0.93,170.61,10.02,SUCCESS,True
R094,H003,v3.45,5,99.5,74.47,6.66,631.72,6.42,1.58,104.39,6.83,FAILED,True
R094,H004,v3.45,5,46.21,74.29,5.04,585.94,25.11,1.03,115.4,5.52,SUCCESS,True
R094,H005,v3.45,5,42.33,62.8,5.43,504.95,8.9,1.01,103.77,6.71,FAILED,True
R094,H006,v3.45,50,70.01,69.49,10.09,790.82,1.63,1.13,178.36,9.93,SUCCESS,True
R094,H007,v3.45,5,78.75,,9.22,499.5,25.32,1.63,183.38,10.04,ROLLED_BACK,True
R094,H008,v3.45,100,74.97,70.69,6.9,601.83,27.27,1.93,110.1,5.63,FAILED,True
R094,H009,v3.45,10,99.13,73.01,10.35,657.18,12.43,1.42,181.8,7.74,SUCCESS,True
R094,H010,v3.45,5,97.29,82.37,7.25,595.52,26.28,0.76,226.39,10.33,ROLLED_BACK,True
R094,H011,v3.45,10,91.71,71.99,10.83,716.56,6.84,1.62,162.69,7.48,SUCCESS,True
R094,H012,v3.45,5,72.83,66.12,11.36,436.35,14.01,1.7,109.51,7.14,SUCCESS,True
R094,H013,v3.45,5,54.61,98.13,9.16,791.92,3.69,1.17,159.4,9.37,ROLLED_BACK,True
R094,H014,v3.45,5,67.68,72.64,8.04,400.11,16.26,0.68,244.11,10.72,SUCCESS,True
R094,H015,v3.45,25,90.36,84.98,6.84,446.9,6.72,1.72,208.09,9.36,SUCCESS,True
R094,H016,v3.45,25,55.45,70.9,10.31,564.79,25.55,1.85,201.28,10.71,SUCCESS,True
R094,H017,v3.45,10,65.75,80.46,10.85,793.26,10.77,1.56,156.67,10.36,FAILED,True
R094,H018,v3.45,5,66.56,70.45,11.87,527.99,11.37,1.7,241.79,10.45,ROLLED_BACK,True
R094,H019,v3.45,5,78.9,71.07,6.24,789.51,25.43,0.88,228.55,8.55,SUCCESS,True
R094,H020,v3.45,5,78.85,84.69,7.32,510.91,20.6,1.56,115.98,5.57,ROLLED_BACK,True
R094,H021,v3.45,5,68.64,59.22,5.1,732.76,14.6,1.74,244.81,5.15,FAILED,True
R094,H022,v3.45,50,68.35,89.9,5.45,404.32,2.14,0.88,208.71,8.45,FAILED,True
R094,H023,v3.45,10,85.36,94.59,9.46,423.24,14.91,1.44,224.95,5.49,SUCCESS,True
R094,H024,v3.45,5,74.78,71.32,10.62,718.35,5.47,1.18,189.25,8.79,FAILED,True
R094,H025,v3.45,10,79.46,93.1,7.48,729.07,13.04,0.72,210.74,6.12,FAILED,True
R094,H026,v3.45,5,56.32,78.63,6.12,433.99,22.6,0.65,107.56,9.49,ROLLED_BACK,True
R094,H027,v3.45,10,79.12,76.08,10.25,700.25,13.81,1.45,206.95,10.74,SUCCESS,True
R094,H028,v3.45,25,89.36,87.4,7.16,475.59,3.41,1.14,159.41,5.92,FAILED,True
R094,H029,v3.45,5,77.3,69.59,6.98,433.16,11.15,1.5,247.62,5.55,SUCCESS,True
R094,H030,v3.45,50,88.62,75.89,7.99,592.72,2.89,0.73,224.35,7.96,SUCCESS,True
R094,H031,v3.45,10,77.32,64.31,7.02,796.6,24.62,0.52,175.84,7.51,SUCCESS,True
R094,H032,v3.45,10,59.22,72.28,5.34,647.42,18.18,1.77,214.59,9.95,SUCCESS,True
R094,H033,v3.45,100,65.41,82.39,9.97,533.02,5.15,0.91,157.47,11.58,ROLLED_BACK,True
R094,H034,v3.45,10,85.33,66.84,8.21,535.58,8.82,0.66,189.96,9.21,SUCCESS,True
R094,H035,v3.45,25,54.84,78.75,7.95,703.93,15.02,0.73,159.82,6.13,SUCCESS,True
R094,H036,v3.45,25,76.37,73.97,6.3,631.38,8.6,1.65,174.96,8.69,ROLLED_BACK,True
R094,H037,v3.45,10,85.88,78.01,9.73,674.0,2.76,0.64,217.1,11.23,SUCCESS,True
R094,H038,v3.45,100,89.39,71.45,6.53,634.14,2.77,1.8,217.29,10.22,ROLLED_BACK,True
R094,H039,v3.45,5,56.92,96.26,8.01,607.03,28.06,1.54,167.09,5.87,FAILED,True
R094,H040,v3.45,5,61.09,76.19,11.81,729.91,8.34,0.86,173.82,9.43,ROLLED_BACK,True
R094,H041,v3.45,10,87.4,74.35,11.6,710.29,9.31,0.57,109.28,7.83,SUCCESS,True
R094,H042,v3.45,10,86.47,77.75,10.33,531.96,7.18,0.97,187.29,7.66,SUCCESS,True
R094,H043,v3.45,10,67.51,89.77,7.69,450.08,27.86,1.94,180.7,7.1,SUCCESS,True
R094,H044,v3.45,10,92.0,76.03,10.98,558.54,28.97,1.74,113.92,10.19,FAILED,True
R094,H045,v3.45,50,67.85,82.69,11.13,478.46,24.16,1.91,206.72,11.38,ROLLED_BACK,True
R094,H046,v3.45,25,68.08,68.86,9.93,633.23,9.21,0.63,239.66,11.32,SUCCESS,True
R094,H047,v3.45,5,77.81,72.55,11.62,752.51,1.58,1.98,184.43,6.39,SUCCESS,True
R094,H048,v3.45,50,74.54,76.86,8.4,651.19,21.56,0.51,201.22,7.0,SUCCESS,True
R094,H049,v3.45,5,75.44,74.2,9.52,649.55,1.37,1.6,230.7,7.07,SUCCESS,True
R094,H050,v3.45,100,77.58,79.09,8.45,585.21,16.5,1.53,103.92,11.53,SUCCESS,True
R095,H001,v3.46,100,62.33,74.71,11.71,534.29,22.13,0.92,202.47,9.6,SUCCESS,True
R095,H002,v3.46,100,56.21,73.17,11.97,786.96,27.48,1.37,207.46,11.02,FAILED,True
R095,H003,v3.46,100,89.94,79.37,9.92,747.87,17.47,1.94,166.07,9.26,SUCCESS,True
R095,H004,v3.46,5,70.68,74.27,5.15,609.21,1.12,0.59,180.27,8.84,FAILED,True
R095,H005,v3.46,5,94.97,72.55,6.86,674.03,8.09,0.56,131.85,11.04,SUCCESS,True
R095,H006,v3.46,10,79.69,83.32,7.49,579.55,19.17,1.07,193.28,11.21,SUCCESS,True
R095,H007,v3.46,10,82.01,75.31,11.67,786.43,3.1,1.8,221.91,6.54,FAILED,True
R095,H008,v3.46,10,65.5,75.77,11.96,551.47,14.4,1.47,169.5,6.44,SUCCESS,True
R095,H009,v3.46,5,84.76,74.56,7.66,617.06,13.87,1.5,164.76,11.11,FAILED,True
R095,H010,v3.46,10,82.49,61.42,8.1,435.69,23.72,1.42,198.37,8.17,SUCCESS,True
R095,H011,v3.46,25,68.3,72.33,7.02,545.86,11.65,1.73,181.25,9.49,SUCCESS,True
R095,H012,v3.46,5,71.54,76.58,9.43,681.16,22.88,1.6,247.44,10.45,SUCCESS,True
R095,H013,v3.46,5,90.73,94.08,7.64,719.41,22.14,0.5,240.43,6.54,SUCCESS,True
R095,H014,v3.46,10,85.06,63.32,10.26,780.27,16.2,1.9,176.15,5.51,SUCCESS,True
R095,H015,v3.46,5,61.54,74.3,11.26,692.32,18.28,0.99,214.92,8.94,FAILED,True
R095,H016,v3.46,25,99.05,79.55,11.43,695.72,14.06,0.5,116.58,5.22,FAILED,True
R095,H017,v3.46,50,81.73,80.74,5.84,737.95,27.72,0.57,180.95,5.54,SUCCESS,True
R095,H018,v3.46,10,75.88,92.45,11.85,484.13,21.15,1.02,178.92,6.47,SUCCESS,True
R095,H019,v3.46,5,73.22,78.18,10.25,736.58,2.04,1.62,131.0,5.86,FAILED,True
R095,H020,v3.46,10,86.44,65.4,5.41,706.68,21.62,1.9,203.82,8.8,SUCCESS,True
R095,H021,v3.46,25,64.56,71.62,8.73,578.62,2.08,1.62,132.5,7.06,ROLLED_BACK,True
R095,H022,v3.46,10,80.43,71.32,7.18,748.42,20.9,1.09,221.74,11.27,ROLLED_BACK,True
R095,H023,v3.46,100,56.34,63.07,10.49,516.38,10.1,0.79,174.19,8.76,ROLLED_BACK,True
R095,H024,v3.46,5,93.76,76.94,5.81,772.19,23.77,1.64,124.22,6.99,FAILED,True
R095,H025,v3.46,25,70.6,79.33,10.56,481.49,8.63,1.12,153.68,9.9,ROLLED_BACK,True
R095,H026,v3.46,5,69.72,67.34,11.64,587.15,23.18,1.26,109.88,7.8,FAILED,True
R095,H027,v3.46,5,74.06,80.36,5.01,599.73,5.64,1.09,235.18,6.59,SUCCESS,True
R095,H028,v3.46,10,74.78,59.7,10.13,662.76,27.42,0.89,138.43,11.83,SUCCESS,True
R095,H029,v3.46,5,51.89,69.72,6.63,461.78,1.69,1.55,132.51,9.28,FAILED,True
R095,H030,v3.46,10,97.63,79.44,10.66,796.02,17.54,1.39,199.94,7.75,SUCCESS,True
R095,H031,v3.46,5,87.21,84.33,9.92,715.44,16.38,0.6,187.46,10.21,SUCCESS,True
R095,H032,v3.46,10,97.54,99.99,7.66,772.93,4.17,0.5,147.15,8.33,SUCCESS,True
R095,H033,v3.46,10,74.72,90.91,8.11,551.24,27.59,1.0,225.43,5.09,SUCCESS,True
R095,H034,v3.46,5,67.55,59.92,6.98,654.29,10.39,0.97,172.7,7.52,SUCCESS,True
R095,H035,v3.46,25,60.25,71.82,8.57,577.96,19.88,1.09,225.92,5.64,FAILED,True
R095,H036,v3.46,25,79.37,82.94,5.82,706.26,29.59,0.91,151.6,9.41,SUCCESS,True
R095,H037,v3.46,5,85.9,82.42,11.32,570.98,0.65,1.6,155.9,5.67,SUCCESS,True
R095,H038,v3.46,25,64.81,82.59,9.96,448.09,1.66,0.86,206.93,5.71,FAILED,True
R095,H039,v3.46,5,76.5,86.29,11.23,587.11,12.02,1.16,104.16,7.21,SUCCESS,True
R095,H040,v3.46,5,70.7,60.65,6.28,502.93,8.4,1.45,118.41,9.9,FAILED,True
R095,H041,v3.46,50,76.82,89.03,8.92,731.53,14.35,0.8,241.49,8.39,FAILED,True
R095,H042,v3.46,5,75.69,50.99,7.05,412.36,22.51,0.68,222.31,8.1,FAILED,True
R095,H043,v3.46,100,62.95,74.07,5.17,645.4,0.49,1.36,107.64,9.67,ROLLED_BACK,True
R095,H044,v3.46,25,61.38,69.9,8.05,479.21,23.87,0.98,235.09,11.08,ROLLED_BACK,True
R095,H045,v3.46,25,63.9,68.11,5.85,402.54,21.72,1.85,108.87,7.82,FAILED,True
R095,H046,v3.46,100,82.09,94.05,5.45,502.85,23.18,1.52,112.74,6.66,SUCCESS,True
R095,H047,v3.46,100,74.84,65.78,9.81,475.62,25.9,1.31,183.29,5.78,SUCCESS,True
R095,H048,v3.46,10,77.97,94.51,11.62,764.49,5.54,1.29,128.22,10.39,SUCCESS,True
R095,H049,v3.46,25,84.4,80.34,9.85,626.95,6.88,0.76,168.74,10.15,SUCCESS,True
R095,H050,v3.46,100,82.52,67.1,5.05,435.66,0.46,1.95,188.07,7.0,FAILED,True
R096,H001,v3.47,50,98.7,74.2,7.85,755.71,3.66,1.74,114.48,8.7,SUCCESS,True
R096,H002,v3.47,10,98.3,69.72,11.2,709.65,5.81,1.84,148.0,6.09,SUCCESS,True
R096,H003,v3.47,50,73.51,65.66,7.08,462.58,10.38,1.98,231.78,6.2,SUCCESS,True
R096,H004,v3.47,25,65.09,77.21,11.8,739.4,15.57,0.65,164.85,6.59,SUCCESS,True
R096,H005,v3.47,25,67.63,86.42,6.09,571.31,17.56,1.8,100.77,7.97,SUCCESS,True
R096,H006,v3.47,25,86.49,66.51,8.0,498.49,7.97,1.15,146.54,10.69,SUCCESS,True
R096,H007,v3.47,5,58.55,68.43,9.69,582.76,13.69,1.25,234.18,6.21,ROLLED_BACK,True
R096,H008,v3.47,10,83.17,87.82,11.67,771.43,20.84,1.64,217.88,7.12,FAILED,True
R096,H009,v3.47,10,83.64,81.02,11.39,605.74,20.86,1.0,228.15,10.85,SUCCESS,True
R096,H010,v3.47,5,75.58,91.11,10.55,750.96,12.22,0.93,142.53,9.28,ROLLED_BACK,True
R096,H011,v3.47,5,83.81,91.76,8.89,655.64,5.76,1.35,131.76,7.63,FAILED,True
R096,H012,v3.47,10,62.82,80.3,6.91,492.61,0.67,1.24,201.67,5.37,FAILED,True
R096,H013,v3.47,10,91.67,82.5,11.91,551.27,20.48,1.68,115.47,5.21,SUCCESS,True
R096,H014,v3.47,25,76.09,83.87,7.26,708.7,12.13,0.75,111.5,11.45,SUCCESS,True
R096,H015,v3.47,100,63.85,71.37,9.99,467.7,15.95,1.72,140.23,8.02,SUCCESS,True
R096,H016,v3.47,25,76.17,78.98,6.58,596.42,9.77,1.59,192.2,10.85,FAILED,True
R096,H017,v3.47,10,64.39,,8.34,466.31,1.1,0.89,176.19,10.31,SUCCESS,True
R096,H018,v3.47,10,91.0,87.31,5.54,638.17,2.28,1.23,152.32,9.98,FAILED,True
R096,H019,v3.47,5,86.27,52.39,6.86,524.1,4.53,1.55,219.55,8.51,SUCCESS,True
R096,H020,v3.47,10,60.29,82.96,5.99,777.33,3.14,1.76,136.34,9.43,FAILED,True
R096,H021,v3.47,5,85.16,76.2,7.07,432.56,5.17,1.71,129.88,8.87,FAILED,True
R096,H022,v3.47,25,89.62,67.91,6.81,685.93,8.87,0.86,237.56,5.22,SUCCESS,True
R096,H023,v3.47,10,71.91,89.26,7.34,481.39,10.01,1.97,136.61,9.43,FAILED,True
R096,H024,v3.47,5,57.4,65.48,7.85,609.13,26.43,0.97,170.07,10.19,SUCCESS,True
R096,H025,v3.47,25,78.91,72.42,10.47,456.26,16.26,1.35,172.97,7.57,SUCCESS,True
R096,H026,v3.47,5,74.14,66.5,6.2,503.29,29.21,1.21,139.33,8.55,FAILED,True
R096,H027,v3.47,10,75.87,63.19,9.72,636.29,3.78,0.73,124.1,11.84,ROLLED_BACK,True
R096,H028,v3.47,100,66.65,66.42,11.85,521.59,9.91,1.2,152.1,11.84,SUCCESS,True
R096,H029,v3.47,5,78.96,78.32,7.0,701.42,17.7,1.55,135.97,11.0,SUCCESS,True
R096,H030,v3.47,5,65.64,73.1,7.25,549.39,3.04,1.0,124.12,6.79,SUCCESS,True
R096,H031,v3.47,5,61.88,75.82,9.96,461.75,7.67,0.93,229.28,5.42,SUCCESS,True
R096,H032,v3.47,25,43.82,85.4,5.26,672.28,12.66,1.27,162.85,11.73,SUCCESS,True
R096,H033,v3.47,100,75.4,45.34,10.84,700.34,26.04,1.72,115.95,10.58,SUCCESS,True
R096,H034,v3.47,10,51.02,,7.4,580.28,5.42,0.55,237.3,5.88,FAILED,True
R096,H035,v3.47,10,78.75,72.13,8.84,593.15,15.51,0.83,137.88,7.26,ROLLED_BACK,True
R096,H036,v3.47,10,69.64,83.13,8.05,442.68,2.93,0.84,203.94,11.01,FAILED,True
R096,H037,v3.47,25,94.51,61.03,6.64,509.57,18.38,1.54,195.37,5.46,FAILED,True
R096,H038,v3.47,50,78.51,81.69,8.28,565.82,24.95,1.47,234.03,11.27,SUCCESS,True
R096,H039,v3.47,5,63.78,53.31,6.22,640.93,18.91,0.91,225.24,5.84,FAILED,True
R096,H040,v3.47,10,58.35,63.91,7.24,422.54,2.69,1.78,189.49,5.71,SUCCESS,True
R096,H041,v3.47,50,70.43,75.17,6.98,776.07,10.79,0.6,241.8,7.1,SUCCESS,True
R096,H042,v3.47,25,80.74,87.68,6.88,489.51,19.11,1.26,124.15,11.47,FAILED,True
R096,H043,v3.47,5,81.12,77.0,8.21,522.16,20.12,1.39,130.54,5.86,FAILED,True
R096,H044,v3.47,100,73.14,79.46,5.55,496.43,6.11,1.58,129.4,10.81,SUCCESS,True
R096,H045,v3.47,25,62.11,72.44,9.57,756.03,5.48,1.44,218.67,5.84,SUCCESS,True
R096,H046,v3.47,25,95.56,74.67,8.33,637.18,16.2,0.55,221.57,11.45,SUCCESS,True
R096,H047,v3.47,5,76.27,82.23,11.69,744.72,7.42,0.87,111.9,5.21,SUCCESS,True
R096,H048,v3.47,25,78.89,72.17,10.9,629.92,6.26,1.98,238.5,7.37,SUCCESS,True
R096,H049,v3.47,25,85.09,86.44,9.53,629.98,11.94,0.99,153.49,6.41,SUCCESS,True
R096,H050,v3.47,25,100.0,78.89,7.89,578.03,14.28,0.96,199.03,11.08,FAILED,True
R097,H001,v3.48,100,59.53,66.14,6.28,749.2,19.27,1.95,235.2,5.83,SUCCESS,True
R097,H002,v3.48,50,80.35,79.53,6.42,415.29,13.6,1.79,140.8,5.44,SUCCESS,True
R097,H003,v3.48,25,71.55,63.17,5.02,416.34,24.29,1.71,115.56,5.69,SUCCESS,True
R097,H004,v3.48,25,66.46,85.24,7.57,420.03,18.18,0.98,202.32,10.74,ROLLED_BACK,True
R097,H005,v3.48,25,90.41,45.72,10.88,635.86,21.98,0.79,169.45,7.46,SUCCESS,True
R097,H006,v3.48,10,85.28,85.69,6.77,589.26,9.24,1.96,196.09,11.31,SUCCESS,True
R097,H007,v3.48,5,67.34,75.44,11.89,683.78,5.59,1.61,113.61,9.41,SUCCESS,True
R097,H008,v3.48,5,100.0,70.04,9.0,497.87,15.65,1.05,191.37,5.78,ROLLED_BACK,True
R097,H009,v3.48,5,67.01,100.0,7.67,656.66,10.12,1.45,135.83,11.0,SUCCESS,True
R097,H010,v3.48,10,64.94,88.98,10.23,700.26,16.38,0.53,177.61,11.89,SUCCESS,True
R097,H011,v3.48,100,81.46,69.25,6.26,650.98,21.56,1.56,145.99,5.93,FAILED,True
R097,H012,v3.48,25,93.35,78.18,5.07,609.92,19.12,0.92,106.56,11.18,FAILED,True
R097,H013,v3.48,10,87.4,98.73,10.73,733.81,17.88,1.07,177.66,5.92,ROLLED_BACK,True
R097,H014,v3.48,50,81.54,71.09,9.67,652.68,24.2,1.8,102.58,11.02,FAILED,True
R097,H015,v3.48,5,71.2,76.39,10.62,609.51,7.2,0.54,173.78,11.97,FAILED,True
R097,H016,v3.48,5,86.49,48.09,5.39,666.14,28.94,1.37,154.77,9.54,SUCCESS,True
R097,H017,v3.48,10,70.38,83.08,7.92,673.66,16.63,0.82,132.45,7.38,SUCCESS,True
R097,H018,v3.48,50,67.87,71.32,11.26,697.94,9.15,1.68,159.29,7.18,SUCCESS,True
R097,H019,v3.48,25,88.95,69.63,8.82,543.69,23.01,1.75,158.1,11.3,SUCCESS,True
R097,H020,v3.48,5,89.51,85.76,6.38,788.35,18.17,1.66,177.64,5.74,SUCCESS,True
R097,H021,v3.48,10,74.89,74.18,9.82,473.13,14.23,0.63,167.2,8.87,SUCCESS,True
R097,H022,v3.48,100,78.25,73.44,5.34,545.92,29.49,1.96,103.03,9.57,SUCCESS,True
R097,H023,v3.48,25,83.69,55.67,8.07,688.8,15.84,1.61,138.09,10.6,SUCCESS,True
R097,H024,v3.48,25,79.15,66.85,7.1,695.4,9.01,0.59,179.18,10.45,ROLLED_BACK,True
R097,H025,v3.48,50,82.87,71.41,6.62,762.23,27.09,1.64,162.08,9.06,SUCCESS,True
R097,H026,v3.48,50,68.84,81.21,5.32,597.66,21.58,1.01,188.27,9.79,SUCCESS,True
R097,H027,v3.48,5,83.5,82.32,9.26,730.5,7.3,0.61,145.52,8.51,FAILED,True
R097,H028,v3.48,100,57.83,81.72,11.2,788.58,3.26,1.62,202.94,11.47,FAILED,True
R097,H029,v3.48,10,75.33,92.23,9.32,446.27,16.91,1.94,146.89,9.28,FAILED,True
R097,H030,v3.48,100,67.02,87.92,11.04,550.16,14.67,1.82,158.7,6.3,SUCCESS,True
R097,H031,v3.48,10,60.06,56.18,6.92,473.78,6.38,1.41,246.3,7.02,SUCCESS,True
R097,H032,v3.48,5,79.52,63.91,8.96,468.49,6.64,1.14,119.39,7.06,FAILED,True
R097,H033,v3.48,25,82.1,80.98,9.23,623.59,14.2,0.99,156.67,6.27,SUCCESS,True
R097,H034,v3.48,10,79.77,70.0,11.29,772.14,24.65,1.3,163.16,10.52,SUCCESS,True
R097,H035,v3.48,5,100.0,72.85,10.0,454.85,1.63,1.28,185.56,9.32,SUCCESS,True
R097,H036,v3.48,5,81.36,67.6,6.02,573.49,16.13,1.6,234.94,9.38,SUCCESS,True
R097,H037,v3.48,10,86.15,92.32,6.04,539.54,28.02,1.5,233.23,8.84,SUCCESS,True
R097,H038,v3.48,50,61.64,81.77,10.07,687.83,26.77,1.31,126.16,10.4,SUCCESS,True
R097,H039,v3.48,5,89.35,81.53,11.99,773.37,11.89,0.64,165.09,7.1,FAILED,True
R097,H040,v3.48,100,74.04,87.29,7.02,503.27,9.91,1.11,184.08,5.5,FAILED,True
R097,H041,v3.48,5,77.34,76.12,6.35,500.23,5.62,1.11,114.01,6.12,SUCCESS,True
R097,H042,v3.48,10,85.57,74.12,9.76,691.56,15.7,1.59,232.67,8.66,SUCCESS,True
R097,H043,v3.48,50,70.24,80.61,5.83,784.18,2.8,1.08,131.01,8.37,SUCCESS,True
R097,H044,v3.48,10,78.8,63.91,7.3,453.15,5.09,1.14,202.85,8.77,FAILED,True
R097,H045,v3.48,5,84.78,85.13,9.66,455.22,19.72,1.92,206.58,11.98,ROLLED_BACK,True
R097,H046,v3.48,10,89.04,83.61,5.29,498.38,9.66,1.1,102.39,9.65,ROLLED_BACK,True
R097,H047,v3.48,100,63.88,66.52,11.2,722.87,4.24,1.93,111.58,6.11,SUCCESS,True
R097,H048,v3.48,50,64.91,66.02,9.16,740.97,5.95,1.25,208.67,8.72,SUCCESS,True
R097,H049,v3.48,5,69.62,65.04,8.01,560.92,24.36,0.65,158.85,7.24,SUCCESS,True
R097,H050,v3.48,50,59.74,86.07,11.03,485.32,14.09,1.79,174.2,10.51,SUCCESS,True
R098,H001,v3.49,5,39.79,56.93,2.53,238.13,94.29,1.88,222.36,1.74,SUCCESS,False
R098,H002,v3.49,50,66.09,52.41,2.81,143.25,80.22,0.88,142.08,2.71,SUCCESS,False
R098,H003,v3.49,25,28.23,49.31,0.86,299.76,63.83,1.92,200.86,2.14,SUCCESS,False
R098,H004,v3.49,10,41.85,62.04,1.34,221.08,60.54,1.93,149.27,0.59,SUCCESS,False
R098,H005,v3.49,100,56.14,49.54,0.58,179.68,66.47,0.52,138.59,1.4,SUCCESS,False
R098,H006,v3.49,5,58.54,51.62,0.92,269.33,71.19,1.12,211.16,2.04,SUCCESS,False
R098,H007,v3.49,50,40.62,48.04,2.35,288.11,68.88,1.94,239.45,0.83,SUCCESS,False
R098,H008,v3.49,5,38.97,63.24,2.23,240.42,98.46,1.67,158.44,1.55,SUCCESS,False
R098,H009,v3.49,50,51.07,47.26,2.95,298.31,58.38,1.35,234.36,2.2,SUCCESS,False
R098,H010,v3.49,10,59.53,44.13,0.93,297.81,62.27,1.9,119.58,1.06,SUCCESS,False
R098,H011,v3.49,25,50.55,50.45,1.59,161.47,75.09,0.65,114.21,1.82,SUCCESS,False
R098,H012,v3.49,25,57.47,60.72,2.31,258.09,64.44,0.69,138.32,2.0,SUCCESS,False
R098,H013,v3.49,50,60.2,53.14,2.45,266.39,67.45,1.62,247.0,2.22,SUCCESS,False
R098,H014,v3.49,50,56.72,58.54,2.12,225.86,93.12,1.17,189.83,2.97,SUCCESS,False
R098,H015,v3.49,10,55.85,54.43,1.46,148.61,54.04,1.56,222.01,2.19,SUCCESS,False
R098,H016,v3.49,5,41.32,40.65,0.89,169.22,93.86,1.21,230.1,2.91,SUCCESS,False
R098,H017,v3.49,5,53.82,55.62,1.63,283.5,92.23,0.68,180.58,2.98,SUCCESS,False
R098,H018,v3.49,5,62.03,46.15,2.78,164.09,73.44,0.69,110.51,1.83,SUCCESS,False
R098,H019,v3.49,100,53.8,39.6,0.81,150.22,57.65,1.75,141.74,2.55,SUCCESS,False
R098,H020,v3.49,100,44.4,52.46,1.56,227.58,61.95,1.74,140.0,0.93,SUCCESS,False
R098,H021,v3.49,25,46.62,63.19,2.8,161.11,52.68,1.02,138.68,1.86,SUCCESS,False
R098,H022,v3.49,50,43.82,56.02,0.68,165.16,64.28,0.97,183.49,2.36,SUCCESS,False
R098,H023,v3.49,10,52.63,53.11,2.2,242.31,56.81,1.0,246.09,2.59,SUCCESS,False
R098,H024,v3.49,25,68.26,57.16,0.81,171.29,98.88,1.93,227.46,2.7,SUCCESS,False
R098,H025,v3.49,10,59.74,44.03,1.57,184.69,99.59,0.85,106.26,0.71,SUCCESS,False
R098,H026,v3.49,50,55.72,50.16,0.96,147.05,85.11,0.54,140.39,2.97,SUCCESS,False
R098,H027,v3.49,5,49.4,44.4,0.8,268.54,83.67,1.23,215.8,2.55,IN_PROGRESS,False
R098,H028,v3.49,100,51.12,49.45,2.11,194.64,87.12,1.27,171.33,2.78,SUCCESS,False
R098,H029,v3.49,5,46.5,54.23,2.22,253.15,98.53,1.43,141.02,2.43,SUCCESS,False
R098,H030,v3.49,50,57.62,58.24,0.91,263.06,58.3,1.67,118.46,2.21,SUCCESS,False
R098,H031,v3.49,5,31.85,50.31,0.88,170.5,54.69,1.95,103.43,1.85,SUCCESS,False
R098,H032,v3.49,25,45.42,61.01,1.7,140.59,61.95,1.18,225.06,1.14,SUCCESS,False
R098,H033,v3.49,25,31.44,53.26,2.58,107.35,65.79,1.62,104.35,1.02,SUCCESS,False
R098,H034,v3.49,5,37.75,43.41,0.79,149.96,93.14,1.63,179.35,2.33,SUCCESS,False
R098,H035,v3.49,5,47.39,39.85,1.26,249.87,74.71,1.95,234.48,1.03,SUCCESS,False
R098,H036,v3.49,5,57.03,63.32,1.94,287.9,54.67,1.71,116.61,1.31,IN_PROGRESS,False
R098,H037,v3.49,5,45.84,50.57,2.16,277.95,96.35,1.62,208.02,1.11,SUCCESS,False
R098,H038,v3.49,5,54.24,55.83,2.19,188.74,68.66,0.65,181.49,2.99,SUCCESS,False
R098,H039,v3.49,100,53.87,100.0,1.41,172.74,61.08,1.14,122.44,2.03,SUCCESS,False
R098,H040,v3.49,10,38.46,55.2,1.39,288.64,51.84,0.92,229.77,1.88,SUCCESS,False
R098,H041,v3.49,5,41.62,42.4,1.44,162.84,60.08,1.78,194.41,2.07,SUCCESS,False
R098,H042,v3.49,5,56.63,67.37,1.78,281.86,70.94,0.53,196.9,2.57,SUCCESS,False
R098,H043,v3.49,5,38.35,64.35,1.4,229.66,61.23,1.24,114.9,1.5,SUCCESS,False
R098,H044,v3.49,5,50.45,57.04,2.39,249.65,52.42,0.98,243.49,1.49,SUCCESS,False
R098,H045,v3.49,10,13.25,57.87,0.91,229.76,73.09,1.02,169.85,2.48,SUCCESS,False
R098,H046,v3.49,5,46.34,53.19,1.92,118.88,84.46,0.72,215.1,2.21,SUCCESS,False
R098,H047,v3.49,5,56.23,48.29,2.3,131.45,97.06,1.47,203.85,1.29,SUCCESS,False
R098,H048,v3.49,100,35.7,44.71,2.99,263.44,59.28,0.89,222.52,1.12,SUCCESS,False
R098,H049,v3.49,10,51.9,51.19,0.63,253.37,98.54,1.15,248.66,2.67,SUCCESS,False
R098,H050,v3.49,25,,37.31,0.83,238.04,60.62,0.5,155.54,1.99,IN_PROGRESS,False
R099,H001,v3.50,10,62.56,83.73,7.06,752.14,16.69,1.29,182.31,7.66,SUCCESS,True
R099,H002,v3.50,25,83.22,68.13,7.55,733.36,5.61,0.92,242.61,11.46,SUCCESS,True
R099,H003,v3.50,50,67.28,65.15,7.27,462.23,27.22,1.08,159.51,7.17,SUCCESS,True
R099,H004,v3.50,100,84.68,82.66,11.65,756.44,13.64,1.65,130.26,5.67,FAILED,True
R099,H005,v3.50,10,49.21,67.74,11.79,721.3,12.32,1.24,161.99,10.16,ROLLED_BACK,True
R099,H006,v3.50,100,71.21,79.61,6.95,562.79,29.77,1.35,123.92,9.06,ROLLED_BACK,True
R099,H007,v3.50,50,83.55,66.96,5.64,776.34,13.73,1.82,149.99,6.09,ROLLED_BACK,True
R099,H008,v3.50,50,91.99,82.37,9.16,602.6,22.14,1.95,239.11,11.17,ROLLED_BACK,True
R099,H009,v3.50,10,84.41,86.09,8.95,676.66,7.17,1.27,191.94,8.76,FAILED,True
R099,H010,v3.50,100,73.17,71.32,5.95,787.56,1.65,1.62,108.18,7.21,ROLLED_BACK,True
R099,H011,v3.50,50,60.73,78.78,10.27,581.8,26.09,0.73,220.37,9.47,SUCCESS,True
R099,H012,v3.50,10,75.59,48.29,6.81,495.26,5.51,1.34,142.82,9.2,FAILED,True
R099,H013,v3.50,25,81.12,73.17,11.99,584.91,0.18,1.04,248.88,9.3,SUCCESS,True
R099,H014,v3.50,10,96.91,65.04,9.55,618.74,18.48,0.65,217.34,6.25,SUCCESS,True
R099,H015,v3.50,5,63.96,87.47,8.58,493.69,5.9,1.16,211.0,10.39,FAILED,True
R099,H016,v3.50,50,76.73,70.41,8.73,766.81,19.27,0.83,162.48,8.24,SUCCESS,True
R099,H017,v3.50,10,100.0,86.89,10.5,699.9,24.43,0.62,124.53,9.86,FAILED,True
R099,H018,v3.50,5,81.85,73.8,5.56,775.37,23.73,1.84,134.44,7.73,SUCCESS,True
R099,H019,v3.50,100,85.58,77.53,6.5,535.02,29.62,1.33,132.53,9.0,SUCCESS,True
R099,H020,v3.50,50,87.27,85.08,7.23,740.13,18.47,0.83,149.19,10.56,SUCCESS,True
R099,H021,v3.50,10,85.87,81.75,6.73,503.52,29.5,1.89,245.75,8.98,FAILED,True
R099,H022,v3.50,10,69.16,77.81,6.16,564.92,27.1,1.01,145.34,7.12,SUCCESS,True
R099,H023,v3.50,50,68.16,77.28,10.72,682.5,11.75,0.8,152.81,6.83,FAILED,True
R099,H024,v3.50,5,94.46,100.0,7.55,748.73,15.9,1.22,167.44,7.31,SUCCESS,True
R099,H025,v3.50,50,68.43,74.61,8.67,422.06,11.34,1.71,210.52,11.77,SUCCESS,True
R099,H026,v3.50,10,65.06,94.49,7.22,403.86,20.81,0.95,128.96,5.25,SUCCESS,True
R099,H027,v3.50,25,65.06,87.08,5.74,708.73,23.74,1.34,211.8,6.56,FAILED,True
R099,H028,v3.50,25,78.49,71.55,5.84,499.1,26.1,1.32,145.13,11.7,FAILED,True
R099,H029,v3.50,10,62.48,86.06,9.43,410.89,5.1,0.98,104.9,5.01,FAILED,True
R099,H030,v3.50,10,68.6,78.84,6.89,561.39,16.66,1.43,240.84,5.74,ROLLED_BACK,True
R099,H031,v3.50,5,63.56,60.03,5.23,612.8,25.91,1.21,151.46,10.19,SUCCESS,True
R099,H032,v3.50,50,77.8,75.28,10.3,739.21,27.12,1.2,124.73,6.32,SUCCESS,True
R099,H033,v3.50,25,72.9,58.65,11.44,555.6,0.71,0.94,120.29,5.39,SUCCESS,True
R099,H034,v3.50,10,89.57,78.77,8.59,678.63,9.72,1.96,145.94,11.82,SUCCESS,True
R099,H035,v3.50,25,61.05,75.01,7.82,462.15,0.05,1.61,234.71,6.28,ROLLED_BACK,True
R099,H036,v3.50,100,62.68,80.12,11.5,577.27,19.09,1.81,236.48,10.5,FAILED,True
R099,H037,v3.50,5,77.16,80.57,7.72,410.04,19.77,0.61,239.2,8.13,SUCCESS,True
R099,H038,v3.50,10,74.27,87.13,5.22,456.56,13.56,1.61,174.96,10.03,SUCCESS,True
R099,H039,v3.50,5,73.71,71.32,11.77,700.52,7.86,1.15,184.2,7.61,SUCCESS,True
R099,H040,v3.50,50,73.48,77.83,6.82,442.92,23.18,1.86,169.63,6.72,SUCCESS,True
R099,H041,v3.50,10,65.27,80.23,6.94,677.51,24.1,1.31,219.18,6.26,FAILED,True
R099,H042,v3.50,5,49.66,76.69,8.28,753.3,1.35,1.32,167.69,7.41,SUCCESS,True
R099,H043,v3.50,10,65.28,74.75,7.95,472.5,24.99,1.74,237.28,6.98,SUCCESS,True
R099,H044,v3.50,10,72.8,66.09,9.61,682.1,19.12,1.87,202.52,11.02,SUCCESS,True
R099,H045,v3.50,5,96.6,68.16,7.71,509.63,2.9,0.83,192.59,8.85,ROLLED_BACK,True
R099,H046,v3.50,25,87.27,64.35,8.41,714.35,19.69,0.61,175.93,6.61,FAILED,True
R099,H047,v3.50,5,70.15,70.35,9.63,655.61,9.43,1.64,119.8,8.12,FAILED,True
R099,H048,v3.50,5,68.35,76.75,11.15,556.67,5.18,0.72,206.19,10.19,ROLLED_BACK,True
R099,H049,v3.50,25,72.11,71.76,10.59,609.43,27.88,0.93,143.06,7.48,FAILED,True
R099,H050,v3.50,5,84.64,73.55,9.61,633.32,28.98,1.51,184.46,7.19,SUCCESS,True
R100,H001,v4.1,10,87.98,60.62,11.09,727.33,21.61,0.56,238.62,11.11,SUCCESS,True
R100,H002,v4.1,10,68.47,86.71,10.28,645.62,9.25,1.93,221.03,7.63,FAILED,True
R100,H003,v4.1,5,100.0,79.31,11.41,605.81,7.82,1.76,113.47,6.36,SUCCESS,True
R100,H004,v4.1,50,87.11,61.66,11.73,652.27,11.94,0.62,171.94,10.22,SUCCESS,True
R100,H005,v4.1,10,63.35,86.23,9.44,461.29,26.52,0.85,171.25,6.95,FAILED,True
R100,H006,v4.1,100,48.74,86.28,5.24,513.73,0.58,0.91,187.08,11.67,FAILED,True
R100,H007,v4.1,10,71.44,78.83,11.79,483.6,20.46,1.28,230.13,5.62,SUCCESS,True
R100,H008,v4.1,10,80.56,60.63,7.55,678.0,5.56,1.1,194.77,6.73,SUCCESS,True
R100,H009,v4.1,50,71.51,68.34,8.93,442.3,2.8,1.67,195.54,5.21,SUCCESS,True
R100,H010,v4.1,10,93.42,73.38,9.14,457.75,25.11,0.93,229.02,9.45,SUCCESS,True
R100,H011,v4.1,25,79.21,85.87,10.99,613.07,26.92,1.82,121.72,7.3,ROLLED_BACK,True
R100,H012,v4.1,5,74.14,69.99,10.54,755.79,2.31,0.63,176.71,6.78,FAILED,True
R100,H013,v4.1,5,69.15,85.02,10.0,782.81,9.99,1.91,231.26,8.97,FAILED,True
R100,H014,v4.1,10,86.45,67.24,9.15,752.18,8.45,0.83,100.1,10.47,FAILED,True
R100,H015,v4.1,5,50.13,54.55,11.08,518.42,21.65,0.93,238.06,9.88,SUCCESS,True
R100,H016,v4.1,5,75.56,71.73,6.36,586.63,5.7,1.73,162.46,10.66,SUCCESS,True
R100,H017,v4.1,10,60.39,70.27,9.14,472.47,25.47,1.54,140.36,11.26,FAILED,True
R100,H018,v4.1,10,86.22,71.45,11.28,414.44,13.0,1.97,233.58,11.13,FAILED,True
R100,H019,v4.1,100,84.46,81.9,10.35,765.58,12.76,1.12,219.77,9.15,ROLLED_BACK,True
R100,H020,v4.1,50,90.14,84.17,8.48,513.96,6.66,1.87,242.41,5.11,ROLLED_BACK,True
R100,H021,v4.1,10,64.7,65.63,11.54,640.82,1.37,0.6,101.52,6.22,FAILED,True
R100,H022,v4.1,100,,64.35,10.36,478.92,3.89,0.89,173.2,9.74,SUCCESS,True
R100,H023,v4.1,50,80.75,69.7,10.5,490.07,14.4,1.77,126.49,10.89,SUCCESS,True
R100,H024,v4.1,5,93.74,70.65,6.92,680.66,7.28,0.92,150.05,6.45,ROLLED_BACK,True
R100,H025,v4.1,50,81.39,88.6,7.53,699.83,7.05,1.02,153.58,11.05,SUCCESS,True
R100,H026,v4.1,100,76.97,77.01,10.14,675.29,25.85,1.79,133.33,10.65,FAILED,True
R100,H027,v4.1,50,67.48,86.49,7.8,550.86,28.16,0.78,132.07,6.49,FAILED,True
R100,H028,v4.1,10,79.26,79.06,10.13,653.81,21.35,1.12,101.06,11.72,FAILED,True
R100,H029,v4.1,100,73.99,79.31,11.0,534.29,8.3,0.53,197.26,6.12,SUCCESS,True
R100,H030,v4.1,5,62.39,65.29,6.54,586.4,3.01,0.63,133.25,10.99,ROLLED_BACK,True
R100,H031,v4.1,50,75.68,66.51,6.78,563.18,27.44,0.96,243.14,8.14,SUCCESS,True
R100,H032,v4.1,10,94.18,66.63,6.75,746.33,8.04,1.11,245.95,11.53,SUCCESS,True
R100,H033,v4.1,5,73.86,83.32,8.48,539.23,14.81,1.46,152.53,5.51,FAILED,True
R100,H034,v4.1,50,65.52,71.76,9.28,757.56,0.65,0.9,223.42,6.27,ROLLED_BACK,True
R100,H035,v4.1,5,79.06,82.51,8.88,424.71,17.93,1.84,162.87,9.82,FAILED,True
R100,H036,v4.1,5,81.71,62.68,6.42,,29.71,1.88,238.84,5.69,FAILED,True
R100,H037,v4.1,5,76.76,89.08,9.72,722.23,12.54,1.72,243.77,5.48,SUCCESS,True
R100,H038,v4.1,50,80.93,71.14,11.39,705.99,10.28,0.63,126.82,10.57,SUCCESS,True
R100,H039,v4.1,25,68.27,69.22,9.3,761.18,2.09,1.01,120.35,11.08,FAILED,True
R100,H040,v4.1,10,79.51,80.98,9.72,453.16,8.25,1.76,135.51,8.32,FAILED,True
R100,H041,v4.1,25,70.21,88.44,11.83,634.76,21.58,1.25,225.8,11.75,SUCCESS,True
R100,H042,v4.1,100,85.59,71.32,10.63,620.86,20.53,0.7,169.05,7.91,ROLLED_BACK,True
R100,H043,v4.1,5,66.91,84.96,10.45,719.21,1.16,0.51,211.15,9.73,FAILED,True
R100,H044,v4.1,10,89.71,74.02,5.97,422.59,4.13,1.35,248.97,7.73,SUCCESS,True
R100,H045,v4.1,10,80.44,86.74,5.33,413.66,29.32,1.84,101.41,6.2,SUCCESS,True
R100,H046,v4.1,5,62.14,67.19,8.2,467.84,17.75,1.36,155.23,10.96,SUCCESS,True
R100,H047,v4.1,50,63.95,81.24,6.55,595.87,11.95,0.54,168.44,11.19,SUCCESS,True
R100,H048,v4.1,50,91.9,86.24,6.36,692.95,29.8,1.94,197.55,7.43,FAILED,True
R100,H049,v4.1,100,76.76,71.87,7.35,771.97,11.12,1.73,213.49,9.28,SUCCESS,True
R100,H050,v4.1,10,64.23,73.51,5.6,495.25,4.44,0.81,219.47,8.87,SUCCESS,True
